season,athlete_id,athlete_name,teams,games_rostered,games_played,games_missed,dnp_injury,dnp_rest,dnp_coach,total_minutes,mpg,g_20plus,g_15to19,qualifying_games,star_ppp,contender,covid,post_rule,high_minute_nonstar
2014,1000,Brendan Haywood,1,1,0,1,0,0,1,0,0,0,0,0,FALSE,FALSE,FALSE,FALSE,FALSE
2014,1006,Richard Jefferson,1,82,82,0,0,0,0,2211,26.963414634146343,74,7,76,FALSE,FALSE,FALSE,FALSE,FALSE
2014,1007,Joe Johnson,2,83,80,3,1,0,1,2584,32.3,78,1,79,TRUE,FALSE,FALSE,FALSE,FALSE
2014,1015,Tony Parker,2,72,69,3,0,1,1,2013,29.17391304347826,62,4,64,TRUE,TRUE,FALSE,FALSE,FALSE
2014,1017,Zach Randolph,1,82,79,3,2,0,0,2709,34.29113924050633,78,0,78,TRUE,FALSE,FALSE,FALSE,FALSE
2014,1018,Jason Richardson,1,3,0,3,0,0,2,0,0,0,0,0,FALSE,FALSE,FALSE,FALSE,FALSE
2014,1024,Jamaal Tinsley,1,8,8,0,0,0,0,110,13.75,1,2,3,FALSE,FALSE,FALSE,FALSE,FALSE
2014,1026,Gerald Wallace,1,62,58,4,0,0,1,1418,24.448275862068964,42,14,44,FALSE,FALSE,FALSE,FALSE,FALSE
2014,1027,Earl Watson,1,80,23,57,0,0,56,163,7.086956521739131,0,1,1,FALSE,FALSE,FALSE,FALSE,FALSE
2014,1051,Mike James,1,31,11,20,2,0,18,77,7,0,1,1,FALSE,FALSE,FALSE,FALSE,FALSE
2014,110,Kobe Bryant,2,7,6,1,0,0,0,177,29.5,6,0,6,TRUE,TRUE,FALSE,FALSE,FALSE
2014,1135,Chris Andersen,1,78,72,6,0,0,2,1396,19.38888888888889,29,36,31,FALSE,FALSE,FALSE,FALSE,FALSE
2014,136,Vince Carter,1,82,81,1,0,0,0,1975,24.382716049382715,76,4,78,FALSE,FALSE,FALSE,FALSE,FALSE
2014,165,Jamal Crawford,1,82,69,13,0,0,5,2093,30.333333333333332,64,4,66,FALSE,FALSE,FALSE,FALSE,TRUE
2014,1703,Carlos Boozer,1,82,76,6,0,0,0,2143,28.19736842105263,76,0,76,FALSE,FALSE,FALSE,FALSE,TRUE
2014,1705,Caron Butler,2,74,56,18,0,0,2,1416,25.285714285714285,44,9,46,FALSE,FALSE,FALSE,FALSE,FALSE
2014,1708,Mike Dunleavy,1,82,82,0,0,0,0,2586,31.536585365853657,77,5,79,FALSE,FALSE,FALSE,FALSE,TRUE
2014,1709,Melvin Ely,1,2,2,0,0,0,0,27,13.5,0,1,1,FALSE,FALSE,FALSE,FALSE,FALSE
2014,1711,Drew Gooden,1,25,22,3,0,0,3,394,17.90909090909091,7,10,9,FALSE,FALSE,FALSE,FALSE,FALSE
2014,1713,Nene ,1,60,53,7,0,0,3,1562,29.471698113207548,50,3,52,FALSE,FALSE,FALSE,FALSE,TRUE
2014,1721,Roger Mason Jr.,1,36,25,11,0,0,11,261,10.44,4,5,6,FALSE,FALSE,FALSE,FALSE,FALSE
2014,1724,Tayshaun Prince,1,79,76,3,0,0,1,1949,25.644736842105264,63,8,65,FALSE,FALSE,FALSE,FALSE,FALSE
2014,1726,John Salmons,2,79,78,1,0,0,1,1725,22.115384615384617,49,21,51,FALSE,FALSE,FALSE,FALSE,FALSE
2014,1727,Amar'e Stoudemire,1,79,65,14,0,0,4,1466,22.553846153846155,42,14,44,TRUE,FALSE,FALSE,FALSE,FALSE
2014,1765,Matt Barnes,1,81,63,18,2,0,4,1738,27.58730158730159,58,3,60,FALSE,FALSE,FALSE,FALSE,FALSE
2014,1767,Rasual Butler,1,81,47,34,0,0,32,378,8.042553191489361,6,2,8,FALSE,FALSE,FALSE,FALSE,FALSE
2014,1781,Luis Scola,1,81,81,0,0,0,0,1377,17,14,50,16,FALSE,FALSE,FALSE,FALSE,FALSE
2014,1821,Jannero Pargo,1,81,27,54,0,0,53,238,8.814814814814815,2,3,4,FALSE,FALSE,FALSE,FALSE,FALSE
2014,1828,Reggie Evans,2,79,54,25,1,0,21,898,16.62962962962963,19,14,21,FALSE,FALSE,FALSE,FALSE,FALSE
2014,1966,LeBron James,2,78,78,0,0,0,0,2936,37.64102564102564,78,0,78,TRUE,TRUE,FALSE,FALSE,FALSE
2014,1975,Carmelo Anthony,2,83,78,5,0,0,0,3011,38.6025641025641,78,0,78,TRUE,TRUE,FALSE,FALSE,FALSE
2014,1977,Chris Bosh,2,80,80,0,0,0,0,2539,31.7375,77,2,79,TRUE,FALSE,FALSE,FALSE,FALSE
2014,1978,Nick Collison,1,81,81,0,0,0,0,1357,16.753086419753085,21,39,23,FALSE,FALSE,FALSE,FALSE,FALSE
2014,1981,Kirk Hinrich,1,78,73,5,5,0,0,2120,29.041095890410958,68,5,70,FALSE,FALSE,FALSE,FALSE,TRUE
2014,1982,Chris Kaman,1,82,39,43,0,0,29,736,18.871794871794872,16,11,18,FALSE,FALSE,FALSE,FALSE,FALSE
2014,1985,Luke Ridnour,2,76,61,15,0,0,12,1138,18.65573770491803,24,14,26,FALSE,FALSE,FALSE,FALSE,FALSE
2014,1987,Dwyane Wade,2,61,55,6,0,2,0,1788,32.50909090909091,52,2,54,TRUE,TRUE,FALSE,FALSE,FALSE
2014,1994,Steve Blake,2,81,55,26,6,0,0,1496,27.2,43,10,45,FALSE,FALSE,FALSE,FALSE,FALSE
2014,1995,Keith Bogans,1,43,6,37,4,0,29,55,9.166666666666666,0,0,0,FALSE,FALSE,FALSE,FALSE,FALSE
2014,1996,Matt Bonner,1,70,59,11,0,0,6,695,11.779661016949152,7,14,9,FALSE,FALSE,FALSE,FALSE,FALSE
2014,2004,Willie Green,1,80,55,25,0,0,25,870,15.818181818181818,14,16,16,FALSE,FALSE,FALSE,FALSE,FALSE
2014,2009,James Jones,1,61,20,41,0,0,41,236,11.8,6,2,8,FALSE,FALSE,FALSE,FALSE,FALSE
2014,2011,Kyle Korver,1,79,71,8,1,0,1,2413,33.985915492957744,71,0,71,FALSE,FALSE,FALSE,FALSE,TRUE
2014,2015,Travis Outlaw,1,82,63,19,0,0,19,1068,16.952380952380953,23,16,25,FALSE,FALSE,FALSE,FALSE,FALSE
2014,2016,Zaza Pachulia,1,64,53,11,0,0,1,1322,24.943396226415093,36,12,38,FALSE,FALSE,FALSE,FALSE,FALSE
2014,2018,Kendrick Perkins,1,62,62,0,0,0,0,1206,19.451612903225808,32,21,34,FALSE,FALSE,FALSE,FALSE,FALSE
2014,215,Tim Duncan,1,77,74,3,0,2,1,2155,29.12162162162162,71,3,73,TRUE,TRUE,FALSE,FALSE,FALSE
2014,2166,Leandro Barbosa,1,27,20,7,0,0,1,368,18.4,11,4,13,FALSE,FALSE,FALSE,FALSE,FALSE
2014,2167,Boris Diaw,1,80,79,1,0,0,0,1974,24.9873417721519,65,12,67,FALSE,FALSE,FALSE,FALSE,FALSE
2014,2177,David West,1,81,79,2,0,0,2,2444,30.936708860759495,78,1,79,FALSE,FALSE,FALSE,FALSE,TRUE
2014,2178,Mo Williams,1,77,74,3,0,0,0,1835,24.7972972972973,65,6,67,FALSE,FALSE,FALSE,FALSE,FALSE
2014,2184,Udonis Haslem,1,81,46,35,0,0,31,653,14.195652173913043,15,8,17,FALSE,FALSE,FALSE,FALSE,FALSE
2014,2197,Josh Powell,1,1,1,0,0,0,0,19,19,0,1,1,FALSE,FALSE,FALSE,FALSE,FALSE
2014,2202117,Arinze Onuaku,2,15,4,11,0,0,10,30,7.5,0,1,1,FALSE,FALSE,FALSE,FALSE,FALSE
2014,2325975,Chris Johnson,1,42,40,2,0,0,2,790,19.75,20,8,22,FALSE,FALSE,FALSE,FALSE,FALSE
2014,2326015,Willie Reed,1,3,0,3,0,0,3,0,0,0,0,0,FALSE,FALSE,FALSE,FALSE,FALSE
2014,2326307,Seth Curry,2,12,2,10,0,0,10,13,6.5,0,0,0,FALSE,FALSE,FALSE,FALSE,FALSE
2014,2326389,Chris Babb,1,23,14,9,0,0,9,135,9.642857142857142,1,2,3,FALSE,FALSE,FALSE,FALSE,FALSE
2014,2326411,James Nunnally,2,19,13,6,0,0,6,167,12.846153846153847,2,3,4,FALSE,FALSE,FALSE,FALSE,FALSE
2014,2326434,Casper Ware,1,12,9,3,0,0,3,116,12.88888888888889,1,1,2,FALSE,FALSE,FALSE,FALSE,FALSE
2014,2327107,Toure' Murry,1,80,50,30,0,0,28,372,7.44,4,3,6,FALSE,FALSE,FALSE,FALSE,FALSE
2014,2327449,Jorge Gutierrez,1,23,15,8,0,0,8,244,16.266666666666666,3,7,5,FALSE,FALSE,FALSE,FALSE,FALSE
2014,2328418,Scotty Hopson,1,4,2,2,0,0,2,7,3.5,0,0,0,FALSE,FALSE,FALSE,FALSE,FALSE
2014,2333797,Jeff Withey,1,80,57,23,0,0,22,686,12.035087719298245,11,7,13,FALSE,FALSE,FALSE,FALSE,FALSE
2014,2367,Tony Allen,1,82,55,27,0,0,24,1276,23.2,42,7,44,FALSE,TRUE,FALSE,FALSE,FALSE
2014,2373,Josh Childress,1,13,4,9,0,0,9,24,6,0,0,0,FALSE,FALSE,FALSE,FALSE,FALSE
2014,2381,Ben Gordon,1,58,19,39,1,0,38,280,14.736842105263158,5,1,6,FALSE,FALSE,FALSE,FALSE,FALSE
2014,2382,Devin Harris,1,41,40,1,0,0,1,817,20.425,20,16,22,FALSE,FALSE,FALSE,FALSE,FALSE
2014,2384,Dwight Howard,2,81,72,9,0,0,0,2409,33.458333333333336,69,2,71,TRUE,TRUE,FALSE,FALSE,FALSE
2014,2386,Andre Iguodala,1,77,63,14,0,0,1,2041,32.3968253968254,61,2,63,TRUE,TRUE,FALSE,FALSE,FALSE
2014,2387,Royal Ivey,1,7,2,5,0,0,5,5,2.5,0,0,0,FALSE,FALSE,FALSE,FALSE,FALSE
2014,2389,Al Jefferson,1,72,72,0,0,0,0,2525,35.06944444444444,72,0,72,FALSE,FALSE,FALSE,FALSE,TRUE
2014,2393,Shaun Livingston,1,79,76,3,0,0,2,1976,26,62,8,64,FALSE,FALSE,FALSE,FALSE,FALSE
2014,2394,Kevin Martin,1,75,68,7,0,0,5,2174,31.970588235294116,66,2,68,FALSE,FALSE,FALSE,FALSE,TRUE
2014,2411,Josh Smith,1,82,77,5,2,0,1,2733,35.493506493506494,75,2,77,FALSE,FALSE,FALSE,FALSE,TRUE
2014,2419,Anderson Varejao,1,71,65,6,0,0,1,1803,27.73846153846154,56,6,58,FALSE,FALSE,FALSE,FALSE,FALSE
2014,2421,Sasha Vujacic,1,5,2,3,0,0,3,10,5,0,0,0,FALSE,FALSE,FALSE,FALSE,FALSE
2014,2423,Dorell Wright,1,82,68,14,0,0,14,981,14.426470588235293,12,16,14,FALSE,FALSE,FALSE,FALSE,FALSE
2014,2426,Trevor Ariza,1,82,77,5,0,0,3,2723,35.36363636363637,76,1,77,FALSE,TRUE,FALSE,FALSE,TRUE
2014,2427,Andris Biedrins,1,47,6,41,0,0,40,44,7.333333333333333,0,0,0,FALSE,FALSE,FALSE,FALSE,FALSE
2014,2429,Luol Deng,2,78,63,15,8,0,3,2213,35.12698412698413,63,0,63,TRUE,TRUE,FALSE,FALSE,FALSE
2014,2433,Kris Humphries,1,82,69,13,0,0,7,1381,20.014492753623188,34,21,36,FALSE,FALSE,FALSE,FALSE,FALSE
2014,2439,Jameer Nelson,1,81,68,13,0,0,4,2176,32,66,0,66,FALSE,FALSE,FALSE,FALSE,TRUE
2014,2444,JR Smith,1,82,74,8,0,0,2,2423,32.74324324324324,74,0,74,FALSE,FALSE,FALSE,FALSE,TRUE
2014,2448,Beno Udrih,2,81,41,40,2,0,36,646,15.75609756097561,14,4,16,FALSE,FALSE,FALSE,FALSE,FALSE
2014,246,Derek Fisher,1,82,81,1,0,0,1,1430,17.65432098765432,26,38,28,FALSE,FALSE,FALSE,FALSE,FALSE
2014,2488651,Ryan Kelly,1,73,59,14,0,0,14,1314,22.271186440677965,31,15,33,FALSE,FALSE,FALSE,FALSE,FALSE
2014,2488653,Mason Plumlee,1,82,69,13,0,0,12,1274,18.463768115942027,33,15,35,FALSE,FALSE,FALSE,FALSE,FALSE
2014,2488660,Glen Rice Jr.,1,26,9,17,0,0,15,109,12.11111111111111,1,3,3,FALSE,FALSE,FALSE,FALSE,FALSE
2014,2488706,Peyton Siva,1,46,22,24,0,0,17,223,10.136363636363637,3,4,5,FALSE,FALSE,FALSE,FALSE,FALSE
2014,2488749,James Southerland,2,17,4,13,0,0,13,30,7.5,0,0,0,FALSE,FALSE,FALSE,FALSE,FALSE
2014,2488958,Solomon Hill,1,52,26,26,0,0,23,225,8.653846153846153,3,2,5,FALSE,FALSE,FALSE,FALSE,FALSE
2014,2489010,Tony Mitchell,1,6,3,3,0,0,3,10,3.3333333333333335,0,0,0,FALSE,FALSE,FALSE,FALSE,FALSE
2014,2489021,Erik Jay Murphy,2,76,19,57,0,0,52,61,3.210526315789474,0,0,0,FALSE,FALSE,FALSE,FALSE,FALSE
2014,2489530,Troy Daniels,1,8,5,3,0,0,3,76,15.2,1,0,1,FALSE,FALSE,FALSE,FALSE,FALSE
2014,2489563,DJ Stephens,1,5,2,3,0,0,2,15,7.5,0,0,0,FALSE,FALSE,FALSE,FALSE,FALSE
2014,2489660,Elias Harris,1,10,2,8,0,0,8,12,6,0,0,0,FALSE,FALSE,FALSE,FALSE,FALSE
2014,2489663,Kelly Olynyk,1,82,70,12,0,0,0,1396,19.942857142857143,35,18,37,FALSE,FALSE,FALSE,FALSE,FALSE
2014,2489716,Matthew Dellavedova,1,81,70,11,0,0,9,1274,18.2,32,10,34,FALSE,FALSE,FALSE,FALSE,FALSE
2014,2489785,Ian Clark,1,47,23,24,0,0,24,174,7.565217391304348,0,2,2,FALSE,FALSE,FALSE,FALSE,FALSE
2014,2490089,Mike Muscala,1,25,20,5,0,0,5,215,10.75,4,3,6,FALSE,FALSE,FALSE,FALSE,FALSE
2014,2490144,Brandon Davies,1,67,51,16,2,0,7,573,11.235294117647058,2,8,4,FALSE,FALSE,FALSE,FALSE,FALSE
2014,2490149,CJ McCollum,1,48,38,10,0,0,10,478,12.578947368421053,6,6,8,FALSE,FALSE,FALSE,FALSE,FALSE
2014,2490589,Isaiah Canaan,1,40,21,19,0,0,18,252,12,5,3,7,FALSE,FALSE,FALSE,FALSE,FALSE
2014,2490620,Robert Covington,1,15,6,9,0,0,8,34,5.666666666666667,0,0,0,FALSE,FALSE,FALSE,FALSE,FALSE
2014,2491079,Nate Wolters,1,77,58,19,0,0,11,1307,22.53448275862069,30,16,32,FALSE,FALSE,FALSE,FALSE,FALSE
2014,25,Metta World Peace,1,46,28,18,1,0,7,388,13.857142857142858,9,4,11,FALSE,FALSE,FALSE,FALSE,FALSE
2014,2527963,Victor Oladipo,1,81,80,1,0,0,0,2486,31.075,73,7,75,FALSE,FALSE,FALSE,FALSE,TRUE
2014,2528210,Tim Hardaway Jr.,1,82,81,1,0,0,1,1879,23.19753086419753,53,11,55,FALSE,FALSE,FALSE,FALSE,FALSE
2014,2528353,Tony Snell,1,82,76,6,0,0,5,1234,16.236842105263158,27,11,29,FALSE,FALSE,FALSE,FALSE,FALSE
2014,2528356,Jamaal Franklin,1,58,20,38,0,0,37,161,8.05,1,3,3,FALSE,FALSE,FALSE,FALSE,FALSE
2014,2528447,Ray McCallum,1,67,43,24,0,0,22,896,20.837209302325583,21,1,22,FALSE,FALSE,FALSE,FALSE,FALSE
2014,2528779,Reggie Bullock,1,77,41,36,0,0,28,395,9.634146341463415,4,3,6,FALSE,FALSE,FALSE,FALSE,FALSE
2014,2528787,Lorenzo Brown,1,43,24,19,0,0,16,224,9.333333333333334,1,5,3,FALSE,FALSE,FALSE,FALSE,FALSE
2014,2530596,Andre Roberson,1,66,39,27,0,0,26,397,10.179487179487179,3,6,5,FALSE,FALSE,FALSE,FALSE,FALSE
2014,2530722,Phil Pressey,1,82,75,7,0,0,7,1129,15.053333333333333,17,15,19,FALSE,FALSE,FALSE,FALSE,FALSE
2014,2531039,Vander Blue,1,5,3,2,0,0,2,14,4.666666666666667,0,0,0,FALSE,FALSE,FALSE,FALSE,FALSE
2014,2531185,Carrick Felix,1,15,7,8,0,0,8,38,5.428571428571429,0,0,0,FALSE,FALSE,FALSE,FALSE,FALSE
2014,2531210,Allen Crabbe,1,53,15,38,0,0,38,98,6.533333333333333,1,0,1,FALSE,FALSE,FALSE,FALSE,FALSE
2014,2534781,Gorgui Dieng,1,80,59,21,0,0,20,820,13.898305084745763,17,2,19,FALSE,FALSE,FALSE,FALSE,FALSE
2014,2578213,Ben McLemore,1,82,82,0,0,0,0,2185,26.646341463414632,63,12,65,FALSE,FALSE,FALSE,FALSE,FALSE
2014,2579258,Cody Zeller,1,81,81,0,0,0,0,1393,17.19753086419753,19,43,21,FALSE,FALSE,FALSE,FALSE,FALSE
2014,2579260,Trey Burke,1,70,70,0,0,0,0,2262,32.31428571428572,68,1,69,FALSE,FALSE,FALSE,FALSE,TRUE
2014,2580913,Dewayne Dedmon,3,44,30,14,0,0,13,391,13.033333333333333,6,7,8,FALSE,FALSE,FALSE,FALSE,FALSE
2014,2581018,Kentavious Caldwell-Pope,1,82,80,2,0,0,2,1582,19.775,42,12,44,FALSE,FALSE,FALSE,FALSE,FALSE
2014,2583664,Tony Mitchell,1,60,18,42,0,0,39,81,4.5,0,0,0,FALSE,FALSE,FALSE,FALSE,FALSE
2014,2585616,Pero Antic,1,74,49,25,0,0,15,927,18.918367346938776,24,12,26,FALSE,FALSE,FALSE,FALSE,FALSE
2014,2585629,Luigi Datome,1,82,33,49,0,0,48,235,7.121212121212121,1,2,3,FALSE,FALSE,FALSE,FALSE,FALSE
2014,2594922,Otto Porter Jr.,1,64,35,29,0,0,27,320,9.142857142857142,3,3,5,FALSE,FALSE,FALSE,FALSE,FALSE
2014,2595274,Adonis Thomas,2,13,6,7,0,0,6,37,6.166666666666667,0,0,0,FALSE,FALSE,FALSE,FALSE,FALSE
2014,2596107,Alex Len,1,81,41,40,0,0,26,360,8.78048780487805,1,6,3,FALSE,FALSE,FALSE,FALSE,FALSE
2014,2596108,Michael Carter-Williams,1,82,70,12,0,0,1,2415,34.5,70,0,70,FALSE,FALSE,FALSE,FALSE,TRUE
2014,2596158,Shane Larkin,1,71,46,25,0,0,23,492,10.695652173913043,4,7,6,FALSE,FALSE,FALSE,FALSE,FALSE
2014,261,Kevin Garnett,1,65,54,11,1,5,2,1111,20.574074074074073,29,19,31,TRUE,TRUE,FALSE,FALSE,FALSE
2014,272,Manu Ginobili,1,73,68,5,0,1,2,1554,22.852941176470587,52,12,54,TRUE,FALSE,FALSE,FALSE,FALSE
2014,2745,Brandon Bass,1,82,82,0,0,0,0,2262,27.585365853658537,72,9,74,FALSE,FALSE,FALSE,FALSE,FALSE
2014,2746,Andray Blatche,1,77,73,4,1,0,3,1622,22.21917808219178,52,12,54,FALSE,FALSE,FALSE,FALSE,FALSE
2014,2747,Andrew Bogut,1,74,67,7,4,0,2,1770,26.417910447761194,59,5,61,FALSE,FALSE,FALSE,FALSE,FALSE
2014,2748,Andrew Bynum,2,27,26,1,0,0,1,517,19.884615384615383,14,8,16,TRUE,FALSE,FALSE,FALSE,FALSE
2014,2751,Monta Ellis,1,82,82,0,0,0,0,3023,36.86585365853659,82,0,82,FALSE,FALSE,FALSE,FALSE,TRUE
2014,2753,Raymond Felton,1,76,65,11,2,0,1,2020,31.076923076923077,64,1,65,FALSE,FALSE,FALSE,FALSE,TRUE
2014,2754,Channing Frye,1,82,82,0,0,0,0,2316,28.24390243902439,74,8,76,FALSE,FALSE,FALSE,FALSE,TRUE
2014,2755,Francisco Garcia,1,79,55,24,0,0,14,1083,19.69090909090909,25,14,27,FALSE,FALSE,FALSE,FALSE,FALSE
2014,2757,Ryan Gomes,1,20,5,15,0,0,15,33,6.6,0,0,0,FALSE,FALSE,FALSE,FALSE,FALSE
2014,2758,Marcin Gortat,1,82,81,1,0,0,1,2660,32.839506172839506,80,1,81,FALSE,FALSE,FALSE,FALSE,TRUE
2014,2760,Danny Granger,3,45,41,4,0,0,1,848,20.682926829268293,24,14,26,FALSE,FALSE,FALSE,FALSE,FALSE
2014,2761,Gerald Green,1,82,82,0,0,0,0,2327,28.378048780487806,72,9,74,FALSE,FALSE,FALSE,FALSE,TRUE
2014,2767,Ersan Ilyasova,1,77,55,22,0,0,10,1479,26.89090909090909,48,6,50,FALSE,FALSE,FALSE,FALSE,FALSE
2014,2768,Jarrett Jack,1,81,80,1,0,0,1,2253,28.1625,70,8,72,FALSE,FALSE,FALSE,FALSE,TRUE
2014,2769,Amir Johnson,1,77,77,0,0,0,0,2214,28.753246753246753,67,8,69,FALSE,FALSE,FALSE,FALSE,TRUE
2014,2772,David Lee,1,79,69,10,1,1,2,2288,33.15942028985507,69,0,69,TRUE,TRUE,FALSE,FALSE,FALSE
2014,2774,Ian Mahinmi,1,80,76,4,0,0,4,1235,16.25,18,25,20,FALSE,FALSE,FALSE,FALSE,FALSE
2014,2775,Jason Maxiell,1,82,34,48,0,0,47,487,14.323529411764707,10,5,12,FALSE,FALSE,FALSE,FALSE,FALSE
2014,2778,CJ Miles,1,71,51,20,0,0,4,987,19.352941176470587,22,15,24,FALSE,FALSE,FALSE,FALSE,FALSE
2014,2779,Chris Paul,2,66,63,3,0,1,0,2192,34.79365079365079,63,0,63,TRUE,TRUE,FALSE,FALSE,FALSE
2014,2782,Nate Robinson,1,81,44,37,0,0,2,870,19.772727272727273,25,12,27,FALSE,FALSE,FALSE,FALSE,FALSE
2014,2789,Ronny Turiaf,1,35,31,4,1,0,1,608,19.612903225806452,16,8,18,FALSE,FALSE,FALSE,FALSE,FALSE
2014,2792,Charlie Villanueva,1,77,20,57,0,0,54,179,8.95,0,1,1,FALSE,FALSE,FALSE,FALSE,FALSE
2014,2795,Martell Webster,1,82,78,4,0,0,2,2164,27.743589743589745,72,3,74,FALSE,FALSE,FALSE,FALSE,FALSE
2014,2797,Marvin Williams,1,71,66,5,1,0,4,1673,25.348484848484848,54,10,56,FALSE,FALSE,FALSE,FALSE,FALSE
2014,2798,Deron Williams,1,79,64,15,0,0,0,2057,32.140625,62,0,62,TRUE,FALSE,FALSE,FALSE,FALSE
2014,2799,Lou Williams,1,71,60,11,0,1,9,1445,24.083333333333332,47,12,49,FALSE,FALSE,FALSE,FALSE,FALSE
2014,2806,Jose Calderon,1,82,81,1,1,0,0,2472,30.51851851851852,78,2,80,FALSE,FALSE,FALSE,FALSE,TRUE
2014,2807,Ronnie Price,1,82,31,51,0,0,40,379,12.225806451612904,7,3,9,FALSE,FALSE,FALSE,FALSE,FALSE
2014,2810,Shavlik Randolph,1,24,14,10,0,0,10,96,6.857142857142857,0,1,1,FALSE,FALSE,FALSE,FALSE,FALSE
2014,2816,Will Bynum,1,61,56,5,0,0,5,1054,18.821428571428573,28,15,30,FALSE,FALSE,FALSE,FALSE,FALSE
2014,2834,Chuck Hayes,2,78,60,18,0,0,17,754,12.566666666666666,6,17,8,FALSE,FALSE,FALSE,FALSE,FALSE
2014,2866,John Lucas III,1,81,42,39,0,0,39,589,14.023809523809524,8,8,10,FALSE,FALSE,FALSE,FALSE,FALSE
2014,2959736,Nemanja Nedovic,1,59,22,37,0,0,31,142,6.454545454545454,0,0,0,FALSE,FALSE,FALSE,FALSE,FALSE
2014,2959745,Sergey Karasev,1,58,22,36,1,0,32,156,7.090909090909091,1,2,3,FALSE,FALSE,FALSE,FALSE,FALSE
2014,2968439,Aron Baynes,1,77,52,25,0,0,23,490,9.423076923076923,4,8,6,FALSE,FALSE,FALSE,FALSE,FALSE
2014,2983,LaMarcus Aldridge,2,76,70,6,1,0,0,2509,35.84285714285714,69,0,69,TRUE,FALSE,FALSE,FALSE,FALSE
2014,2984,Hilton Armstrong,1,25,11,14,0,0,10,96,8.727272727272727,1,1,2,FALSE,FALSE,FALSE,FALSE,FALSE
2014,2987,Andrea Bargnani,1,43,42,1,0,0,0,1253,29.833333333333332,37,5,39,FALSE,FALSE,FALSE,FALSE,TRUE
2014,2991,Ronnie Brewer,2,60,22,38,1,0,28,160,7.2727272727272725,2,1,3,FALSE,FALSE,FALSE,FALSE,FALSE
2014,2991143,Ricky Ledo,1,26,9,17,0,0,15,32,3.5555555555555554,0,0,0,FALSE,FALSE,FALSE,FALSE,FALSE
2014,2991235,Steven Adams,1,82,81,1,0,0,1,1200,14.814814814814815,20,17,22,FALSE,FALSE,FALSE,FALSE,FALSE
2014,2991280,Nerlens Noel,1,1,0,1,0,0,1,0,0,0,0,0,FALSE,FALSE,FALSE,FALSE,FALSE
2014,2991281,Archie Goodwin,1,79,52,27,0,0,27,533,10.25,3,12,5,FALSE,FALSE,FALSE,FALSE,FALSE
2014,2991473,Anthony Bennett,1,76,52,24,0,0,14,666,12.807692307692308,9,9,11,FALSE,FALSE,FALSE,FALSE,FALSE
2014,2992,Shannon Brown,2,35,26,9,0,0,6,251,9.653846153846153,3,4,5,FALSE,FALSE,FALSE,FALSE,FALSE
2014,2993875,Shabazz Muhammad,1,71,37,34,0,0,29,290,7.837837837837838,2,2,4,FALSE,FALSE,FALSE,FALSE,FALSE
2014,3002,Jordan Farmar,1,73,41,32,0,1,1,912,22.24390243902439,32,5,34,FALSE,FALSE,FALSE,FALSE,FALSE
2014,3003,Randy Foye,1,82,81,1,0,0,0,2487,30.703703703703702,72,5,74,FALSE,FALSE,FALSE,FALSE,TRUE
2014,3004,Joel Freeland,1,54,52,2,0,0,2,724,13.923076923076923,2,18,4,FALSE,FALSE,FALSE,FALSE,FALSE
2014,3005,Rudy Gay,2,80,73,7,1,0,2,2532,34.68493150684932,71,1,72,FALSE,FALSE,FALSE,FALSE,TRUE
2014,3008,Ryan Hollins,1,82,61,21,0,0,21,485,7.950819672131147,2,2,4,FALSE,FALSE,FALSE,FALSE,FALSE
2014,3010,Solomon Jones,1,28,11,17,0,0,10,85,7.7272727272727275,1,1,2,FALSE,FALSE,FALSE,FALSE,FALSE
2014,3012,Kyle Lowry,1,79,79,0,0,0,0,2861,36.21518987341772,78,1,79,FALSE,FALSE,FALSE,FALSE,TRUE
2014,3015,Paul Millsap,2,82,75,7,0,0,2,2496,33.28,74,1,75,FALSE,FALSE,FALSE,FALSE,TRUE
2014,3018,Steve Novak,1,76,48,28,0,0,22,539,11.229166666666666,8,6,10,FALSE,FALSE,FALSE,FALSE,FALSE
2014,3024,JJ Redick,1,44,35,9,0,1,0,988,28.228571428571428,32,3,34,FALSE,FALSE,FALSE,FALSE,FALSE
2014,3026,Rajon Rondo,1,43,30,13,0,6,6,998,33.266666666666666,29,1,30,TRUE,FALSE,FALSE,FALSE,FALSE
2014,3028,Thabo Sefolosha,1,61,61,0,0,0,0,1589,26.049180327868854,56,4,58,FALSE,FALSE,FALSE,FALSE,FALSE
2014,3032976,Rudy Gobert,1,76,44,32,0,0,31,435,9.886363636363637,4,6,6,FALSE,FALSE,FALSE,FALSE,FALSE
2014,3032977,Giannis Antetokounmpo,1,82,77,5,0,0,5,1899,24.662337662337663,62,5,64,FALSE,FALSE,FALSE,FALSE,FALSE
2014,3032979,Dennis Schroder,1,77,48,29,0,0,27,640,13.333333333333334,6,11,8,FALSE,FALSE,FALSE,FALSE,FALSE
2014,3033,P.J. Tucker,1,82,81,1,0,0,0,2489,30.728395061728396,78,3,80,FALSE,FALSE,FALSE,FALSE,TRUE
2014,3038,Shawne Williams,1,38,36,2,0,0,2,754,20.944444444444443,19,9,21,FALSE,FALSE,FALSE,FALSE,FALSE
2014,3041,Lou Amundson,2,24,19,5,0,0,5,184,9.68421052631579,0,5,2,FALSE,FALSE,FALSE,FALSE,FALSE
2014,3046453,Vitor Faverani,1,50,37,13,0,0,12,488,13.18918918918919,7,5,9,FALSE,FALSE,FALSE,FALSE,FALSE
2014,3047256,Miroslav Raduljica,1,82,48,34,0,0,34,463,9.645833333333334,5,7,7,FALSE,FALSE,FALSE,FALSE,FALSE
2014,3055,J.J. Barea,1,82,79,3,0,0,1,1470,18.60759493670886,27,40,29,FALSE,FALSE,FALSE,FALSE,FALSE
2014,308,Al Harrington,1,47,34,13,0,0,8,513,15.088235294117647,7,14,9,FALSE,FALSE,FALSE,FALSE,FALSE
2014,3081,Mike  Harris,1,24,20,4,0,0,4,224,11.2,2,5,4,FALSE,FALSE,FALSE,FALSE,FALSE
2014,3187,Arron Afflalo,1,77,73,4,0,0,0,2550,34.93150684931507,72,0,72,FALSE,FALSE,FALSE,FALSE,TRUE
2014,3190,Marco Belinelli,1,81,80,1,0,0,0,2015,25.1875,63,15,65,FALSE,FALSE,FALSE,FALSE,FALSE
2014,3191,Corey Brewer,1,81,81,0,0,0,0,2611,32.23456790123457,78,3,80,FALSE,FALSE,FALSE,FALSE,TRUE
2014,3192,Aaron Brooks,2,84,70,14,0,0,11,1556,22.228571428571428,42,16,44,FALSE,FALSE,FALSE,FALSE,FALSE
2014,3194,Wilson Chandler,1,76,62,14,5,0,2,1925,31.048387096774192,61,1,62,FALSE,FALSE,FALSE,FALSE,TRUE
2014,3195,Mike Conley,1,75,73,2,0,0,0,2447,33.52054794520548,73,0,73,FALSE,TRUE,FALSE,FALSE,TRUE
2014,3200,Glen Davis,2,68,68,0,0,0,0,1668,24.529411764705884,44,8,46,FALSE,FALSE,FALSE,FALSE,FALSE
2014,3201,Jared Dudley,1,82,73,9,0,0,5,1729,23.684931506849313,46,17,48,FALSE,FALSE,FALSE,FALSE,FALSE
2014,3202,Kevin Durant,2,83,82,1,0,0,0,3153,38.451219512195124,82,0,82,TRUE,TRUE,FALSE,FALSE,FALSE
2014,3206,Marc Gasol,1,59,59,0,0,0,0,1976,33.49152542372882,57,0,57,TRUE,TRUE,FALSE,FALSE,FALSE
2014,3207,Aaron Gray,2,74,36,38,2,0,33,349,9.694444444444445,5,1,6,FALSE,FALSE,FALSE,FALSE,FALSE
2014,3209,Jeff Green,1,82,82,0,0,0,0,2805,34.207317073170735,82,0,82,FALSE,FALSE,FALSE,FALSE,TRUE
2014,3211,Spencer Hawes,2,82,80,2,1,0,0,2468,30.85,76,4,78,FALSE,FALSE,FALSE,FALSE,TRUE
2014,3213,Al Horford,1,29,29,0,0,0,0,960,33.10344827586207,29,0,29,TRUE,FALSE,FALSE,FALSE,FALSE
2014,3217,Carl Landry,1,23,18,5,3,0,2,233,12.944444444444445,4,1,5,FALSE,FALSE,FALSE,FALSE,FALSE
2014,3220,Josh McRoberts,1,80,77,3,0,0,0,2347,30.48051948051948,75,2,77,FALSE,FALSE,FALSE,FALSE,TRUE
2014,3224,Joakim Noah,2,83,81,2,1,0,0,2839,35.04938271604938,80,1,81,TRUE,TRUE,FALSE,FALSE,FALSE
2014,3225,Greg Oden,1,32,23,9,0,0,8,212,9.217391304347826,0,1,1,FALSE,FALSE,FALSE,FALSE,FALSE
2014,3231,Ramon Sessions,2,83,82,1,0,0,0,2200,26.829268292682926,69,13,71,FALSE,FALSE,FALSE,FALSE,FALSE
2014,3232,Jason Smith,1,70,31,39,37,0,1,826,26.64516129032258,28,3,30,FALSE,FALSE,FALSE,FALSE,FALSE
2014,3233,Tiago Splitter,1,68,59,9,0,0,4,1272,21.559322033898304,36,12,38,FALSE,FALSE,FALSE,FALSE,FALSE
2014,3235,Rodney Stuckey,1,78,73,5,0,0,1,1949,26.698630136986303,62,5,64,FALSE,FALSE,FALSE,FALSE,FALSE
2014,3242,Brandan Wright,1,59,58,1,0,0,0,1083,18.67241379310345,24,21,26,FALSE,FALSE,FALSE,FALSE,FALSE
2014,3243,Nick Young,1,82,64,18,1,0,0,1818,28.40625,59,4,61,FALSE,FALSE,FALSE,FALSE,TRUE
2014,3244,Thaddeus Young,1,82,79,3,0,0,0,2717,34.392405063291136,79,0,79,FALSE,FALSE,FALSE,FALSE,TRUE
2014,3247,Joel Anthony,2,79,28,51,0,0,46,185,6.607142857142857,2,0,2,FALSE,FALSE,FALSE,FALSE,FALSE
2014,3252,Mustafa Shakur,1,6,3,3,0,0,3,11,3.6666666666666665,0,0,0,FALSE,FALSE,FALSE,FALSE,FALSE
2014,3276,Anthony Tolliver,1,81,63,18,0,0,18,1284,20.38095238095238,37,12,39,FALSE,FALSE,FALSE,FALSE,FALSE
2014,3277,C.J. Watson,1,64,62,2,0,0,1,1163,18.758064516129032,20,32,22,FALSE,FALSE,FALSE,FALSE,FALSE
2014,3410,Alexis Ajinca,1,58,56,2,0,0,2,952,17,20,11,22,FALSE,FALSE,FALSE,FALSE,FALSE
2014,3412,Ryan Anderson,1,24,22,2,0,0,2,795,36.13636363636363,22,0,22,FALSE,FALSE,FALSE,FALSE,FALSE
2014,3413,Darrell Arthur,1,82,68,14,4,0,5,1163,17.102941176470587,23,25,25,FALSE,FALSE,FALSE,FALSE,FALSE
2014,3414,Omer Asik,1,74,48,26,8,0,7,964,20.083333333333332,24,12,26,FALSE,FALSE,FALSE,FALSE,FALSE
2014,3415,D.J. Augustin,2,81,71,10,0,0,9,1942,27.35211267605634,60,0,60,FALSE,FALSE,FALSE,FALSE,FALSE
2014,3416,Nicolas Batum,1,82,82,0,0,0,0,2958,36.073170731707314,81,0,81,FALSE,FALSE,FALSE,FALSE,TRUE
2014,3417,Jerryd Bayless,2,78,72,6,0,0,1,1686,23.416666666666668,50,16,52,FALSE,FALSE,FALSE,FALSE,FALSE
2014,3418,Michael Beasley,1,76,55,21,0,0,21,833,15.145454545454545,21,11,23,FALSE,FALSE,FALSE,FALSE,FALSE
2014,3419,Mario Chalmers,1,80,73,7,2,0,2,2182,29.89041095890411,69,3,71,FALSE,FALSE,FALSE,FALSE,TRUE
2014,3422,Chris Douglas-Roberts,1,61,49,12,0,0,12,1017,20.755102040816325,29,7,31,FALSE,FALSE,FALSE,FALSE,FALSE
2014,3423,Goran Dragic,1,82,76,6,0,0,4,2671,35.14473684210526,76,0,76,FALSE,FALSE,FALSE,FALSE,TRUE
2014,3428,Danilo Gallinari,1,5,0,5,1,0,2,0,0,0,0,0,FALSE,FALSE,FALSE,FALSE,FALSE
2014,3431,Eric Gordon,1,79,64,15,2,0,1,2057,32.140625,62,1,63,FALSE,FALSE,FALSE,FALSE,TRUE
2014,3436,Roy Hibbert,2,81,81,0,0,0,0,2388,29.48148148148148,77,2,79,TRUE,TRUE,FALSE,FALSE,FALSE
2014,3437,JJ Hickson,1,79,69,10,0,0,2,1859,26.942028985507246,59,9,61,FALSE,FALSE,FALSE,FALSE,FALSE
2014,3438,George Hill,1,79,75,4,0,0,1,2408,32.10666666666667,72,2,74,FALSE,FALSE,FALSE,FALSE,TRUE
2014,3439,Serge Ibaka,1,82,81,1,0,0,0,2667,32.925925925925924,80,1,81,FALSE,TRUE,FALSE,FALSE,TRUE
2014,3442,DeAndre Jordan,1,82,82,0,0,0,0,2872,35.02439024390244,81,0,81,FALSE,FALSE,FALSE,FALSE,TRUE
2014,3444,Kosta Koufos,1,82,80,2,0,0,2,1351,16.8875,24,22,26,FALSE,FALSE,FALSE,FALSE,FALSE
2014,3445,Courtney Lee,2,83,79,4,0,0,1,1974,24.9873417721519,53,18,55,FALSE,FALSE,FALSE,FALSE,FALSE
2014,3447,Robin Lopez,1,82,82,0,0,0,0,2611,31.841463414634145,80,1,81,FALSE,FALSE,FALSE,FALSE,TRUE
2014,3448,Brook Lopez,1,21,17,4,0,0,2,533,31.352941176470587,17,0,17,TRUE,FALSE,FALSE,FALSE,FALSE
2014,3449,Kevin Love,2,83,78,5,1,0,0,2830,36.282051282051285,78,0,78,TRUE,FALSE,FALSE,FALSE,FALSE
2014,3450,O.J. Mayo,1,82,52,30,10,0,8,1348,25.923076923076923,42,6,44,FALSE,FALSE,FALSE,FALSE,FALSE
2014,3451,Luc Mbah a Moute,2,78,63,15,0,0,12,1001,15.88888888888889,24,10,26,FALSE,FALSE,FALSE,FALSE,FALSE
2014,3452,JaVale McGee,1,8,5,3,0,0,3,80,16,2,0,2,FALSE,FALSE,FALSE,FALSE,FALSE
2014,3453,Nikola Pekovic,1,60,54,6,0,0,0,1665,30.833333333333332,50,2,52,FALSE,FALSE,FALSE,FALSE,TRUE
2014,3455,Anthony Randolph,1,82,43,39,0,0,34,527,12.255813953488373,6,14,8,FALSE,FALSE,FALSE,FALSE,FALSE
2014,3456,Derrick Rose,1,17,10,7,2,0,2,311,31.1,10,0,10,TRUE,FALSE,FALSE,FALSE,FALSE
2014,3457,Brandon Rush,1,78,38,40,0,0,39,421,11.078947368421053,6,3,8,FALSE,FALSE,FALSE,FALSE,FALSE
2014,3460,Marreese Speights,1,82,78,4,0,0,3,984,12.615384615384615,10,14,12,FALSE,FALSE,FALSE,FALSE,FALSE
2014,3462,Jason Thompson,1,82,82,0,0,0,0,2011,24.524390243902438,65,7,67,FALSE,FALSE,FALSE,FALSE,FALSE
2014,3468,Russell Westbrook,1,49,46,3,0,0,3,1409,30.630434782608695,45,1,46,TRUE,TRUE,FALSE,FALSE,FALSE
2014,3469,D.J. White,1,13,2,11,0,0,11,10,5,0,0,0,FALSE,FALSE,FALSE,FALSE,FALSE
2014,3474,Anthony Morrow,1,82,76,6,2,0,4,1427,18.776315789473685,28,27,30,FALSE,FALSE,FALSE,FALSE,FALSE
2014,3554,Omri Casspi,1,82,71,11,0,0,9,1284,18.08450704225352,29,21,31,FALSE,FALSE,FALSE,FALSE,FALSE
2014,378,Stephen Jackson,1,15,9,6,0,0,6,106,11.777777777777779,1,1,2,FALSE,FALSE,FALSE,FALSE,FALSE
2014,385,Antawn Jamison,1,56,22,34,1,0,33,248,11.272727272727273,1,6,3,FALSE,FALSE,FALSE,FALSE,FALSE
2014,3882,Alexey Shved,1,82,63,19,0,0,19,667,10.587301587301587,8,10,10,FALSE,FALSE,FALSE,FALSE,FALSE
2014,3930,Cartier Martin,2,83,57,26,0,0,22,871,15.280701754385966,21,8,23,FALSE,FALSE,FALSE,FALSE,FALSE
2014,3964,Patrick Beverley,1,66,56,10,2,0,1,1749,31.232142857142858,53,1,54,FALSE,FALSE,FALSE,FALSE,TRUE
2014,3965,DeJuan Blair,1,82,78,4,0,0,4,1217,15.602564102564102,27,17,29,FALSE,FALSE,FALSE,FALSE,FALSE
2014,3968,Chase Budinger,1,48,41,7,0,0,1,754,18.390243902439025,18,10,20,FALSE,FALSE,FALSE,FALSE,FALSE
2014,3969,Nick Calathes,1,82,71,11,0,0,11,1174,16.535211267605632,18,21,20,FALSE,FALSE,FALSE,FALSE,FALSE
2014,3970,DeMarre Carroll,1,82,73,9,0,0,2,2343,32.0958904109589,71,2,73,FALSE,FALSE,FALSE,FALSE,TRUE
2014,3971,Earl Clark,2,65,54,11,0,0,11,769,14.24074074074074,12,9,14,FALSE,FALSE,FALSE,FALSE,FALSE
2014,3972,Victor Claver,1,37,21,16,0,0,16,182,8.666666666666666,3,2,5,FALSE,FALSE,FALSE,FALSE,FALSE
2014,3973,Darren Collison,1,82,80,2,0,0,0,2071,25.8875,58,8,60,FALSE,FALSE,FALSE,FALSE,FALSE
2014,3974,Dante Cunningham,1,81,81,0,0,0,0,1635,20.185185185185187,35,32,37,FALSE,FALSE,FALSE,FALSE,FALSE
2014,3975,Stephen Curry,2,81,79,2,0,1,1,2871,36.34177215189873,79,0,79,FALSE,TRUE,FALSE,FALSE,TRUE
2014,3976,Austin Daye,2,52,21,31,1,0,29,150,7.142857142857143,1,1,2,FALSE,FALSE,FALSE,FALSE,FALSE
2014,3977,Nando De Colo,2,63,45,18,0,0,16,498,11.066666666666666,6,8,8,FALSE,FALSE,FALSE,FALSE,FALSE
2014,3978,DeMar DeRozan,2,82,80,2,0,0,1,3035,37.9375,79,1,80,FALSE,FALSE,FALSE,FALSE,TRUE
2014,3979,Toney Douglas,2,71,50,21,0,0,18,676,13.52,11,11,13,FALSE,FALSE,FALSE,FALSE,FALSE
2014,3981,Wayne Ellington,1,82,42,40,2,0,34,395,9.404761904761905,3,5,5,FALSE,FALSE,FALSE,FALSE,FALSE
2014,3983,Tyreke Evans,1,82,72,10,2,0,4,2024,28.11111111111111,64,3,66,FALSE,FALSE,FALSE,FALSE,TRUE
2014,3986,Taj Gibson,1,82,82,0,0,0,0,2353,28.695121951219512,80,2,82,FALSE,FALSE,FALSE,FALSE,TRUE
2014,3988,Danny Green,1,73,68,5,0,0,1,1651,24.279411764705884,51,14,53,FALSE,FALSE,FALSE,FALSE,FALSE
2014,3989,Blake Griffin,2,83,81,2,0,0,1,2896,35.75308641975309,80,0,80,TRUE,TRUE,FALSE,FALSE,FALSE
2014,3991,Tyler Hansbrough,1,66,64,2,0,0,2,981,15.328125,17,17,19,FALSE,FALSE,FALSE,FALSE,FALSE
2014,3992,James Harden,2,82,74,8,0,0,1,2804,37.891891891891895,74,0,74,TRUE,TRUE,FALSE,FALSE,FALSE
2014,3993,Gerald Henderson,1,81,76,5,1,0,1,2430,31.973684210526315,76,0,76,FALSE,FALSE,FALSE,FALSE,TRUE
2014,3994,Jordan Hill,1,82,72,10,0,0,3,1501,20.84722222222222,41,12,43,FALSE,FALSE,FALSE,FALSE,FALSE
2014,3995,Jrue Holiday,1,49,34,15,0,0,1,1142,33.588235294117645,34,0,34,TRUE,FALSE,FALSE,FALSE,FALSE
2014,3997,Brandon Jennings,1,80,80,0,0,0,0,2729,34.1125,77,0,77,FALSE,FALSE,FALSE,FALSE,TRUE
2014,3998,Jonas Jerebko,1,82,62,20,0,0,18,741,11.951612903225806,12,8,14,FALSE,FALSE,FALSE,FALSE,FALSE
2014,3999,James Johnson,1,59,52,7,0,0,7,957,18.403846153846153,28,8,30,FALSE,FALSE,FALSE,FALSE,FALSE
2014,4000,Ty Lawson,1,81,62,19,1,0,1,2221,35.82258064516129,61,1,62,FALSE,TRUE,FALSE,FALSE,TRUE
2014,4001,Eric Maynor,2,65,31,34,0,0,34,325,10.483870967741936,0,5,2,FALSE,FALSE,FALSE,FALSE,FALSE
2014,4003,Jodie Meeks,1,82,77,5,0,0,0,2557,33.20779220779221,75,1,76,FALSE,FALSE,FALSE,FALSE,TRUE
2014,4004,Patty Mills,1,82,81,1,0,0,1,1523,18.80246913580247,35,25,37,FALSE,FALSE,FALSE,FALSE,FALSE
2014,4005,Byron Mullens,2,74,45,29,0,0,28,416,9.244444444444444,3,8,5,FALSE,FALSE,FALSE,FALSE,FALSE
2014,4008,Jeff Ayres,1,81,73,8,0,0,8,952,13.04109589041096,15,12,17,FALSE,FALSE,FALSE,FALSE,FALSE
2014,4010,A.J. Price,1,55,26,29,0,0,27,99,3.8076923076923075,0,0,0,FALSE,FALSE,FALSE,FALSE,FALSE
2014,4011,Ricky Rubio,1,82,82,0,0,0,0,2636,32.146341463414636,81,1,82,FALSE,FALSE,FALSE,FALSE,TRUE
2014,4015,Jeff Teague,1,82,79,3,0,0,0,2546,32.22784810126582,77,1,78,FALSE,FALSE,FALSE,FALSE,TRUE
2014,4016,Hasheem Thabeet,1,80,23,57,0,0,56,193,8.391304347826088,1,4,3,FALSE,FALSE,FALSE,FALSE,FALSE
2014,4017,Marcus Thornton,2,82,72,10,0,0,8,1742,24.194444444444443,57,12,59,FALSE,FALSE,FALSE,FALSE,FALSE
2014,4023,Garrett Temple,1,82,65,17,0,0,7,634,9.753846153846155,5,13,7,FALSE,FALSE,FALSE,FALSE,FALSE
2014,4025,Dionte Christmas,1,82,31,51,0,0,51,199,6.419354838709677,0,4,2,FALSE,FALSE,FALSE,FALSE,FALSE
2014,4032,Wesley Matthews,1,82,82,0,0,0,0,2783,33.9390243902439,81,0,81,FALSE,FALSE,FALSE,FALSE,TRUE
2014,4165,Jan Vesely,2,83,54,29,0,0,27,775,14.351851851851851,14,17,16,FALSE,FALSE,FALSE,FALSE,FALSE
2014,4182,Pablo Prigioni,1,66,66,0,0,0,0,1284,19.454545454545453,30,26,32,FALSE,FALSE,FALSE,FALSE,FALSE
2014,4218,Gal Mekel,1,41,31,10,0,0,10,293,9.451612903225806,3,2,5,FALSE,FALSE,FALSE,FALSE,FALSE
2014,4229,Reggie Williams,1,7,3,4,0,0,4,18,6,0,0,0,FALSE,FALSE,FALSE,FALSE,FALSE
2014,4231,Othyus Jeffers,2,10,5,5,0,0,4,46,9.2,0,1,1,FALSE,FALSE,FALSE,FALSE,FALSE
2014,4232,Alonzo Gee,1,82,64,18,0,0,17,1020,15.9375,19,14,21,FALSE,FALSE,FALSE,FALSE,FALSE
2014,4235,Greg Stiemsma,1,61,55,6,0,0,6,1007,18.30909090909091,22,18,24,FALSE,FALSE,FALSE,FALSE,FALSE
2014,4237,John Wall,2,83,83,0,0,0,0,2995,36.08433734939759,82,1,83,FALSE,FALSE,FALSE,FALSE,TRUE
2014,4238,Eric Bledsoe,1,51,43,8,0,0,6,1416,32.93023255813954,41,2,43,FALSE,FALSE,FALSE,FALSE,TRUE
2014,4239,Evan Turner,2,82,81,1,0,0,0,2453,30.28395061728395,69,9,71,FALSE,FALSE,FALSE,FALSE,TRUE
2014,4240,Avery Bradley,1,70,60,10,3,0,0,1855,30.916666666666668,55,2,57,FALSE,TRUE,FALSE,FALSE,TRUE
2014,4241,Xavier Henry,1,65,43,22,11,0,0,907,21.093023255813954,26,5,28,FALSE,FALSE,FALSE,FALSE,FALSE
2014,4242,James Anderson,1,82,80,2,1,0,1,2307,28.8375,71,9,73,FALSE,FALSE,FALSE,FALSE,TRUE
2014,4243,Jordan Crawford,2,81,81,0,0,0,0,1858,22.938271604938272,44,19,46,FALSE,FALSE,FALSE,FALSE,FALSE
2014,4244,Lance Stephenson,1,80,77,3,0,0,2,2710,35.1948051948052,77,0,77,FALSE,FALSE,FALSE,FALSE,TRUE
2014,4247,Wesley Johnson,1,82,79,3,1,0,1,2241,28.367088607594937,67,10,69,FALSE,FALSE,FALSE,FALSE,TRUE
2014,4248,Al-Farouq Aminu,1,82,80,2,0,0,2,2044,25.55,61,15,63,FALSE,FALSE,FALSE,FALSE,FALSE
2014,4249,Gordon Hayward,1,78,77,1,1,0,0,2798,36.33766233766234,77,0,77,FALSE,FALSE,FALSE,FALSE,TRUE
2014,4250,Luke Babbitt,1,35,27,8,0,0,8,473,17.51851851851852,8,8,10,FALSE,FALSE,FALSE,FALSE,FALSE
2014,4251,Paul George,2,82,80,2,0,0,2,2908,36.35,80,0,80,TRUE,TRUE,FALSE,FALSE,FALSE
2014,4252,Damion James,1,5,4,1,0,0,0,51,12.75,1,0,1,FALSE,FALSE,FALSE,FALSE,FALSE
2014,4253,Quincy Pondexter,1,25,15,10,0,0,5,270,18,6,4,8,FALSE,FALSE,FALSE,FALSE,FALSE
2014,4257,Derrick Favors,1,73,73,0,0,0,0,2202,30.164383561643834,71,1,72,FALSE,FALSE,FALSE,FALSE,TRUE
2014,4258,DeMarcus Cousins,1,75,71,4,0,0,3,2296,32.33802816901409,67,3,69,FALSE,FALSE,FALSE,FALSE,TRUE
2014,4259,Ed Davis,1,82,63,19,0,0,16,956,15.174603174603174,21,12,23,FALSE,FALSE,FALSE,FALSE,FALSE
2014,4260,Greg Monroe,1,82,82,0,0,0,0,2693,32.84146341463415,81,1,82,FALSE,FALSE,FALSE,FALSE,TRUE
2014,4261,Ekpe Udoh,1,79,42,37,2,0,26,803,19.11904761904762,16,15,18,FALSE,FALSE,FALSE,FALSE,FALSE
2014,4263,Daniel Orton,1,34,21,13,0,0,9,252,12,1,9,3,FALSE,FALSE,FALSE,FALSE,FALSE
2014,4264,Patrick Patterson,2,68,65,3,0,0,1,1536,23.630769230769232,52,11,54,FALSE,FALSE,FALSE,FALSE,FALSE
2014,4265,Larry Sanders,1,37,23,14,3,0,1,586,25.47826086956522,19,1,20,FALSE,TRUE,FALSE,FALSE,FALSE
2014,4266,Jarvis Varnado,2,29,24,5,1,0,4,343,14.291666666666666,4,11,6,FALSE,FALSE,FALSE,FALSE,FALSE
2014,4267,Cole Aldrich,1,80,42,38,0,0,34,332,7.904761904761905,3,2,5,FALSE,FALSE,FALSE,FALSE,FALSE
2014,4270,Trevor Booker,1,81,72,9,0,0,8,1553,21.569444444444443,48,11,50,FALSE,FALSE,FALSE,FALSE,FALSE
2014,4274,Landry Fields,1,65,29,36,0,0,35,321,11.068965517241379,5,7,7,FALSE,FALSE,FALSE,FALSE,FALSE
2014,4282,Hamady Ndiaye,1,26,13,13,0,0,12,75,5.769230769230769,1,0,1,FALSE,FALSE,FALSE,FALSE,FALSE
2014,4283,Dexter Pittman,1,3,2,1,0,0,1,3,1.5,0,0,0,FALSE,FALSE,FALSE,FALSE,FALSE
2014,4289,Kevin Seraphin,1,77,52,25,0,0,20,577,11.096153846153847,9,5,11,FALSE,FALSE,FALSE,FALSE,FALSE
2014,4291,Greivis Vasquez,2,79,79,0,0,0,0,1778,22.50632911392405,46,24,48,FALSE,FALSE,FALSE,FALSE,FALSE
2014,4294,Elliot Williams,1,70,67,3,0,0,3,1157,17.26865671641791,26,17,28,FALSE,FALSE,FALSE,FALSE,FALSE
2014,4295,Jeremy Evans,1,67,66,1,0,0,1,1208,18.303030303030305,29,19,31,FALSE,FALSE,FALSE,FALSE,FALSE
2014,4298,Timofey Mozgov,1,82,82,0,0,0,0,1774,21.634146341463413,48,25,50,FALSE,FALSE,FALSE,FALSE,FALSE
2014,4299,Jeremy Lin,1,82,71,11,2,1,1,2054,28.929577464788732,62,8,64,FALSE,FALSE,FALSE,FALSE,TRUE
2014,4300,Gary Neal,2,80,52,28,0,0,25,1113,21.403846153846153,30,16,32,FALSE,FALSE,FALSE,FALSE,FALSE
2014,4303,Donald Sloan,1,79,47,32,0,0,32,390,8.297872340425531,3,3,5,FALSE,FALSE,FALSE,FALSE,FALSE
2014,4305,Ish Smith,1,82,70,12,0,0,12,1011,14.442857142857143,19,20,21,FALSE,FALSE,FALSE,FALSE,FALSE
2014,4311,Shane Edwards,1,5,2,3,0,0,3,11,5.5,0,0,0,FALSE,FALSE,FALSE,FALSE,FALSE
2014,4335,Jeff Adrien,2,83,52,31,0,0,30,958,18.423076923076923,26,7,28,FALSE,FALSE,FALSE,FALSE,FALSE
2014,434,Andrei Kirilenko,1,55,45,10,1,0,0,856,19.022222222222222,21,11,23,FALSE,FALSE,FALSE,FALSE,FALSE
2014,4360,Manny Harris,1,9,9,0,0,0,0,179,19.88888888888889,5,4,7,FALSE,FALSE,FALSE,FALSE,FALSE
2014,4385,Mirza Teletovic,1,82,72,10,0,0,8,1399,19.430555555555557,38,14,40,FALSE,FALSE,FALSE,FALSE,FALSE
2014,4400,Chris Johnson,1,1,0,1,0,0,0,0,0,0,0,0,FALSE,FALSE,FALSE,FALSE,FALSE
2014,469,Rashard Lewis,1,82,60,22,0,0,22,975,16.25,23,13,25,FALSE,FALSE,FALSE,FALSE,FALSE
2014,510,Shawn Marion,1,77,76,1,0,0,0,2407,31.67105263157895,75,1,76,FALSE,FALSE,FALSE,FALSE,TRUE
2014,515,Kenyon Martin,1,43,32,11,0,0,1,634,19.8125,16,6,18,FALSE,FALSE,FALSE,FALSE,FALSE
2014,557,Andre Miller,2,80,58,22,0,0,4,988,17.03448275862069,19,17,21,FALSE,FALSE,FALSE,FALSE,FALSE
2014,558,Mike Miller,1,82,82,0,0,0,0,1709,20.841463414634145,51,18,53,FALSE,FALSE,FALSE,FALSE,FALSE
2014,568,Nazr Mohammed,1,82,80,2,0,0,2,562,7.025,2,2,4,FALSE,FALSE,FALSE,FALSE,FALSE
2014,592,Steve Nash,1,40,15,25,0,0,3,313,20.866666666666667,9,4,11,TRUE,FALSE,FALSE,FALSE,FALSE
2014,609,Dirk Nowitzki,2,81,81,0,0,0,0,2633,32.50617283950617,80,0,80,TRUE,FALSE,FALSE,FALSE,FALSE
2014,615,Jermaine O'Neal,1,62,44,18,2,0,4,882,20.045454545454547,21,16,23,FALSE,FALSE,FALSE,FALSE,FALSE
2014,6156,Jeffery Taylor,1,38,25,13,10,0,1,609,24.36,19,4,21,FALSE,FALSE,FALSE,FALSE,FALSE
2014,63,Chauncey Billups,1,31,19,12,0,0,9,310,16.31578947368421,5,4,7,FALSE,FALSE,FALSE,FALSE,FALSE
2014,6424,Lavoy Allen,2,82,65,17,0,0,13,1068,16.43076923076923,20,26,22,FALSE,FALSE,FALSE,FALSE,FALSE
2014,6427,Bismack Biyombo,1,81,76,5,0,0,3,1062,13.973684210526315,11,17,13,FALSE,FALSE,FALSE,FALSE,FALSE
2014,6428,MarShon Brooks,3,76,33,43,0,0,40,318,9.636363636363637,5,3,7,FALSE,FALSE,FALSE,FALSE,FALSE
2014,6429,Alec Burks,1,78,78,0,0,0,0,2192,28.102564102564102,73,4,75,FALSE,FALSE,FALSE,FALSE,TRUE
2014,6430,Jimmy Butler,1,74,67,7,0,0,2,2594,38.71641791044776,65,1,66,FALSE,TRUE,FALSE,FALSE,TRUE
2014,6431,Norris Cole,1,82,82,0,0,0,0,2012,24.536585365853657,67,12,69,FALSE,FALSE,FALSE,FALSE,FALSE
2014,6433,Kenneth Faried,1,82,80,2,0,0,0,2179,27.2375,71,5,73,FALSE,TRUE,FALSE,FALSE,FALSE
2014,6434,Jimmer Fredette,2,79,48,31,0,0,30,518,10.791666666666666,3,7,5,FALSE,FALSE,FALSE,FALSE,FALSE
2014,6436,Jordan Hamilton,2,80,60,20,0,0,18,1019,16.983333333333334,18,19,20,FALSE,FALSE,FALSE,FALSE,FALSE
2014,6439,Josh Harrellson,1,50,32,18,0,0,17,314,9.8125,2,3,4,FALSE,FALSE,FALSE,FALSE,FALSE
2014,6440,Tobias Harris,1,71,61,10,0,0,0,1847,30.278688524590162,54,6,56,FALSE,FALSE,FALSE,FALSE,TRUE
2014,6442,Kyrie Irving,2,72,72,0,0,0,0,2530,35.138888888888886,71,0,71,TRUE,FALSE,FALSE,FALSE,FALSE
2014,6443,Reggie Jackson,1,80,80,0,0,0,0,2281,28.5125,76,3,78,FALSE,FALSE,FALSE,FALSE,TRUE
2014,6446,Cory Joseph,1,81,64,17,0,0,13,937,14.640625,25,5,27,FALSE,FALSE,FALSE,FALSE,FALSE
2014,6447,Enes Freedom,1,80,80,0,0,0,0,2138,26.725,62,12,64,FALSE,FALSE,FALSE,FALSE,FALSE
2014,6448,Brandon Knight,1,82,72,10,0,0,6,2407,33.43055555555556,69,2,71,FALSE,FALSE,FALSE,FALSE,TRUE
2014,6450,Kawhi Leonard,1,68,66,2,0,0,0,1924,29.151515151515152,64,1,65,FALSE,FALSE,FALSE,FALSE,TRUE
2014,6452,Jon Leuer,1,82,48,34,0,0,34,637,13.270833333333334,14,4,16,FALSE,FALSE,FALSE,FALSE,FALSE
2014,6453,DeAndre Liggins,1,4,1,3,0,0,3,1,1,0,0,0,FALSE,FALSE,FALSE,FALSE,FALSE
2014,6454,Shelvin Mack,1,82,72,10,0,0,8,1493,20.73611111111111,41,18,43,FALSE,FALSE,FALSE,FALSE,FALSE
2014,6460,E'Twaun Moore,1,79,79,0,0,0,0,1506,19.063291139240505,37,19,39,FALSE,FALSE,FALSE,FALSE,FALSE
2014,6461,Markieff Morris,1,82,81,1,0,0,0,2151,26.555555555555557,73,5,75,FALSE,FALSE,FALSE,FALSE,FALSE
2014,6462,Marcus Morris Sr.,1,82,82,0,0,0,0,1800,21.951219512195124,57,19,59,FALSE,FALSE,FALSE,FALSE,FALSE
2014,6463,Darius Morris,3,27,25,2,0,0,0,311,12.44,3,4,5,FALSE,FALSE,FALSE,FALSE,FALSE
2014,6464,Donatas Motiejunas,1,82,61,21,0,0,20,951,15.59016393442623,18,18,20,FALSE,FALSE,FALSE,FALSE,FALSE
2014,6466,Chandler Parsons,1,82,74,8,1,1,0,2785,37.63513513513514,73,1,74,FALSE,FALSE,FALSE,FALSE,TRUE
2014,6468,Iman Shumpert,1,76,74,2,1,0,0,1962,26.513513513513512,65,6,67,FALSE,FALSE,FALSE,FALSE,FALSE
2014,6469,Kyle Singler,1,82,82,0,0,0,0,2335,28.475609756097562,74,4,76,FALSE,FALSE,FALSE,FALSE,TRUE
2014,6470,Chris Singleton,1,65,24,41,0,0,40,248,10.333333333333334,4,2,6,FALSE,FALSE,FALSE,FALSE,FALSE
2014,6472,Isaiah Thomas,1,79,72,7,3,0,2,2492,34.611111111111114,69,3,71,FALSE,FALSE,FALSE,FALSE,TRUE
2014,6474,Tristan Thompson,1,82,82,0,0,0,0,2591,31.597560975609756,82,0,82,FALSE,FALSE,FALSE,FALSE,TRUE
2014,6475,Klay Thompson,1,82,81,1,0,0,0,2867,35.39506172839506,79,0,79,FALSE,FALSE,FALSE,FALSE,TRUE
2014,6476,Jeremy Tyler,1,52,40,12,0,0,11,398,9.95,6,5,8,FALSE,FALSE,FALSE,FALSE,FALSE
2014,6477,Jonas Valanciunas,1,81,81,0,0,0,0,2283,28.185185185185187,72,8,74,FALSE,FALSE,FALSE,FALSE,TRUE
2014,6478,Nikola Vucevic,1,80,57,23,6,0,1,1814,31.82456140350877,54,1,55,FALSE,FALSE,FALSE,FALSE,TRUE
2014,6479,Kemba Walker,1,81,72,9,0,0,1,2581,35.84722222222222,72,0,72,FALSE,FALSE,FALSE,FALSE,TRUE
2014,6480,Derrick Williams,2,85,78,7,0,0,6,1816,23.28205128205128,55,9,57,FALSE,FALSE,FALSE,FALSE,FALSE
2014,6485,Lance Thomas,1,7,5,2,0,0,2,42,8.4,0,0,0,FALSE,FALSE,FALSE,FALSE,FALSE
2014,6501,Chris Wright,1,11,8,3,0,0,3,126,15.75,1,5,3,FALSE,FALSE,FALSE,FALSE,FALSE
2014,6503,Dwight Buycks,1,48,14,34,0,0,34,147,10.5,2,3,4,FALSE,FALSE,FALSE,FALSE,FALSE
2014,6511,Malcolm Thomas,2,23,8,15,0,0,15,63,7.875,1,1,2,FALSE,FALSE,FALSE,FALSE,FALSE
2014,6530,Greg Smith,1,71,11,60,8,0,15,100,9.090909090909092,1,0,1,FALSE,FALSE,FALSE,FALSE,FALSE
2014,6543,Julyan Stone,1,59,18,41,0,0,38,119,6.611111111111111,0,1,1,FALSE,FALSE,FALSE,FALSE,FALSE
2014,6546,Gustavo Alfonso Ayon,1,47,26,21,0,0,16,429,16.5,11,6,13,FALSE,FALSE,FALSE,FALSE,FALSE
2014,6569,Alan Anderson,1,82,78,4,0,0,1,1770,22.692307692307693,51,15,53,FALSE,FALSE,FALSE,FALSE,FALSE
2014,6576,Quincy Acy,2,74,61,13,0,0,8,850,13.934426229508198,12,14,14,FALSE,FALSE,FALSE,FALSE,FALSE
2014,6578,Harrison Barnes,1,82,78,4,0,0,4,2207,28.294871794871796,70,6,72,FALSE,FALSE,FALSE,FALSE,TRUE
2014,6579,Will Barton,1,82,41,41,0,0,41,387,9.439024390243903,2,6,4,FALSE,FALSE,FALSE,FALSE,FALSE
2014,6580,Bradley Beal,1,73,73,0,0,0,0,2529,34.64383561643836,73,0,73,FALSE,FALSE,FALSE,FALSE,TRUE
2014,6581,Jae Crowder,1,81,77,4,0,0,3,1257,16.324675324675326,18,29,20,FALSE,FALSE,FALSE,FALSE,FALSE
2014,6582,Jared Cunningham,2,25,12,13,0,0,12,80,6.666666666666667,0,0,0,FALSE,FALSE,FALSE,FALSE,FALSE
2014,6583,Anthony Davis,2,76,68,8,0,0,2,2370,34.85294117647059,63,0,63,FALSE,FALSE,FALSE,FALSE,TRUE
2014,6585,Andre Drummond,1,82,81,1,1,0,0,2614,32.27160493827161,79,1,80,FALSE,FALSE,FALSE,FALSE,TRUE
2014,6587,Festus Ezeli,1,3,0,3,0,0,3,0,0,0,0,0,FALSE,FALSE,FALSE,FALSE,FALSE
2014,6588,Evan Fournier,1,82,76,6,0,0,6,1502,19.763157894736842,37,16,39,FALSE,FALSE,FALSE,FALSE,FALSE
2014,6589,Draymond Green,1,82,82,0,0,0,0,1796,21.902439024390244,51,20,53,FALSE,FALSE,FALSE,FALSE,FALSE
2014,6590,Justin Hamilton,2,17,8,9,0,0,7,74,9.25,1,1,2,FALSE,FALSE,FALSE,FALSE,FALSE
2014,6591,Maurice Harkless,1,82,80,2,0,0,2,1955,24.4375,57,10,59,FALSE,FALSE,FALSE,FALSE,FALSE
2014,6592,John Henson,1,80,70,10,0,0,5,1858,26.542857142857144,57,13,59,FALSE,FALSE,FALSE,FALSE,FALSE
2014,6593,Bernard James,1,82,29,53,0,0,52,144,4.9655172413793105,1,0,1,FALSE,FALSE,FALSE,FALSE,FALSE
2014,6594,John Jenkins,1,24,13,11,0,0,11,157,12.076923076923077,2,4,4,FALSE,FALSE,FALSE,FALSE,FALSE
2014,6595,Orlando Johnson,2,58,44,14,0,0,14,383,8.704545454545455,3,8,5,FALSE,FALSE,FALSE,FALSE,FALSE
2014,6596,Darius Johnson-Odom,1,6,2,4,0,0,3,15,7.5,0,0,0,FALSE,FALSE,FALSE,FALSE,FALSE
2014,6597,Terrence Jones,1,82,76,6,0,0,3,2083,27.407894736842106,65,6,67,FALSE,FALSE,FALSE,FALSE,FALSE
2014,6598,Perry Jones,1,82,62,20,0,0,20,767,12.370967741935484,15,8,17,FALSE,FALSE,FALSE,FALSE,FALSE
2014,6601,Michael Kidd-Gilchrist,1,61,61,0,0,0,0,1467,24.049180327868854,48,13,50,FALSE,FALSE,FALSE,FALSE,FALSE
2014,6602,Ognjen Kuzmic,1,32,17,15,1,0,10,91,5.352941176470588,1,0,1,FALSE,FALSE,FALSE,FALSE,FALSE
2014,6603,Jeremy Lamb,1,82,78,4,0,0,4,1543,19.78205128205128,49,13,51,FALSE,FALSE,FALSE,FALSE,FALSE
2014,6604,Doron Lamb,1,82,53,29,0,0,27,697,13.150943396226415,9,11,11,FALSE,FALSE,FALSE,FALSE,FALSE
2014,6605,Meyers Leonard,1,72,40,32,0,0,32,356,8.9,1,5,3,FALSE,FALSE,FALSE,FALSE,FALSE
2014,6606,Damian Lillard,2,83,83,0,0,0,0,2944,35.46987951807229,81,0,81,FALSE,FALSE,FALSE,FALSE,TRUE
2014,6607,Kendall Marshall,1,57,54,3,0,0,2,1567,29.01851851851852,45,7,47,FALSE,FALSE,FALSE,FALSE,TRUE
2014,6609,Khris Middleton,1,82,82,0,0,0,0,2461,30.01219512195122,73,8,75,FALSE,FALSE,FALSE,FALSE,TRUE
2014,6610,Darius Miller,1,68,45,23,0,0,23,726,16.133333333333333,16,8,18,FALSE,FALSE,FALSE,FALSE,FALSE
2014,6611,Quincy Miller,1,82,52,30,0,0,30,788,15.153846153846153,16,6,18,FALSE,FALSE,FALSE,FALSE,FALSE
2014,6612,Arnett Moultrie,1,40,12,28,2,0,4,188,15.666666666666666,2,5,4,FALSE,FALSE,FALSE,FALSE,FALSE
2014,6614,Andrew Nicholson,1,82,76,6,0,0,6,1172,15.421052631578947,22,18,24,FALSE,FALSE,FALSE,FALSE,FALSE
2014,6615,Kyle O'Quinn,1,80,69,11,0,0,9,1186,17.18840579710145,32,13,34,FALSE,FALSE,FALSE,FALSE,FALSE
2014,6616,Miles Plumlee,1,82,80,2,0,0,0,1963,24.5375,62,13,64,FALSE,FALSE,FALSE,FALSE,FALSE
2014,6617,Austin Rivers,1,82,67,15,0,0,12,1338,19.970149253731343,34,15,36,FALSE,FALSE,FALSE,FALSE,FALSE
2014,6618,Thomas Robinson,1,79,70,9,0,0,8,877,12.528571428571428,3,17,5,FALSE,FALSE,FALSE,FALSE,FALSE
2014,6619,Terrence Ross,1,81,81,0,0,0,0,2156,26.617283950617285,68,6,70,FALSE,FALSE,FALSE,FALSE,FALSE
2014,662,Paul Pierce,1,81,75,6,0,0,1,2101,28.013333333333332,67,7,69,TRUE,FALSE,FALSE,FALSE,FALSE
2014,6620,Robert Sacre,1,82,65,17,0,0,17,1093,16.815384615384616,23,16,25,FALSE,FALSE,FALSE,FALSE,FALSE
2014,6622,Mike Scott,1,82,80,2,0,0,2,1484,18.55,33,22,35,FALSE,FALSE,FALSE,FALSE,FALSE
2014,6623,Tornike Shengelia,2,64,23,41,0,0,38,155,6.739130434782608,2,1,3,FALSE,FALSE,FALSE,FALSE,FALSE
2014,6624,Jared Sullinger,1,82,74,8,0,0,3,2041,27.58108108108108,65,4,67,FALSE,FALSE,FALSE,FALSE,FALSE
2014,6625,Tyshawn Taylor,1,34,22,12,0,0,11,270,12.272727272727273,5,3,7,FALSE,FALSE,FALSE,FALSE,FALSE
2014,6626,Marquis Teague,2,71,39,32,0,0,31,438,11.23076923076923,6,6,8,FALSE,FALSE,FALSE,FALSE,FALSE
2014,6628,Dion Waiters,1,77,70,7,0,0,0,2073,29.614285714285714,62,4,64,FALSE,FALSE,FALSE,FALSE,TRUE
2014,6629,Royce White,1,5,3,2,0,0,1,9,3,0,0,0,FALSE,FALSE,FALSE,FALSE,FALSE
2014,6630,Tony Wroten,1,82,72,10,1,0,0,1765,24.51388888888889,53,12,55,FALSE,FALSE,FALSE,FALSE,FALSE
2014,6631,Tyler Zeller,1,80,70,10,0,0,10,1050,15,19,19,21,FALSE,FALSE,FALSE,FALSE,FALSE
2014,6633,Robbie John Hummel,1,64,53,11,0,0,11,651,12.283018867924529,12,4,14,FALSE,FALSE,FALSE,FALSE,FALSE
2014,6634,Hollis Thompson,1,82,77,5,0,0,2,1742,22.623376623376622,50,15,52,FALSE,FALSE,FALSE,FALSE,FALSE
2014,6635,Chris Copeland,1,81,37,44,0,0,41,256,6.918918918918919,1,2,3,FALSE,FALSE,FALSE,FALSE,FALSE
2014,6636,Slava Kravtsov,1,58,18,40,0,0,35,60,3.3333333333333335,0,0,0,FALSE,FALSE,FALSE,FALSE,FALSE
2014,6637,Kent Bazemore,2,81,64,17,1,0,9,909,14.203125,19,6,21,FALSE,FALSE,FALSE,FALSE,FALSE
2014,6638,Maalik Wayns,1,4,2,2,0,0,2,9,4.5,0,0,0,FALSE,FALSE,FALSE,FALSE,FALSE
2014,6639,Chris  Smith,1,7,2,5,0,0,5,2,1,0,0,0,FALSE,FALSE,FALSE,FALSE,FALSE
2014,6641,Brian Roberts,1,82,72,10,0,0,6,1671,23.208333333333332,46,12,48,FALSE,FALSE,FALSE,FALSE,FALSE
2014,6647,Henry Sims,2,65,46,19,0,0,19,877,19.065217391304348,29,1,30,FALSE,FALSE,FALSE,FALSE,FALSE
2014,6663,Diante Garrett,1,74,71,3,0,0,3,1050,14.788732394366198,16,21,18,FALSE,FALSE,FALSE,FALSE,FALSE
2014,841,Jason Terry,2,41,35,6,0,0,5,570,16.285714285714285,10,15,12,FALSE,FALSE,FALSE,FALSE,FALSE
2014,862,Hedo Turkoglu,1,42,38,4,0,0,3,394,10.368421052631579,1,6,3,FALSE,FALSE,FALSE,FALSE,FALSE
2014,9,Ray Allen,1,75,73,2,0,0,0,1937,26.534246575342465,69,4,71,TRUE,FALSE,FALSE,FALSE,FALSE
2014,91,Elton Brand,1,80,73,7,0,0,7,1416,19.397260273972602,36,18,38,FALSE,FALSE,FALSE,FALSE,FALSE
2014,976,Shane Battier,1,76,72,4,0,0,3,1466,20.36111111111111,39,25,41,FALSE,FALSE,FALSE,FALSE,FALSE
2014,981,Kwame Brown,1,12,0,12,0,0,3,0,0,0,0,0,FALSE,FALSE,FALSE,FALSE,FALSE
2014,984,Tyson Chandler,1,62,55,7,0,0,1,1665,30.272727272727273,50,2,52,TRUE,TRUE,FALSE,FALSE,FALSE
2014,987,Jason Collins,1,29,20,9,0,0,7,173,8.65,2,2,4,FALSE,FALSE,FALSE,FALSE,FALSE
2014,991,Samuel Dalembert,1,82,80,2,0,0,2,1614,20.175,49,15,51,FALSE,FALSE,FALSE,FALSE,FALSE
2014,996,Pau Gasol,1,82,60,22,0,0,0,1883,31.383333333333333,59,1,60,TRUE,FALSE,FALSE,FALSE,FALSE
2015,1000,Brendan Haywood,1,81,22,59,0,0,59,120,5.454545454545454,0,2,2,FALSE,FALSE,FALSE,FALSE,FALSE
2015,1006,Richard Jefferson,1,81,73,8,0,0,7,1247,17.08219178082192,28,15,30,FALSE,FALSE,FALSE,FALSE,FALSE
2015,1007,Joe Johnson,1,81,80,1,0,0,0,2787,34.8375,80,0,80,TRUE,FALSE,FALSE,FALSE,FALSE
2015,1015,Tony Parker,1,76,68,8,0,0,1,1957,28.779411764705884,64,3,66,TRUE,TRUE,FALSE,FALSE,FALSE
2015,1017,Zach Randolph,1,73,71,2,1,1,0,2303,32.436619718309856,70,1,71,TRUE,FALSE,FALSE,FALSE,FALSE
2015,1018,Jason Richardson,1,31,19,12,3,3,4,417,21.94736842105263,13,4,15,FALSE,FALSE,FALSE,FALSE,FALSE
2015,1026,Gerald Wallace,1,82,30,52,0,0,50,289,9.633333333333333,0,5,2,FALSE,FALSE,FALSE,FALSE,FALSE
2015,110,Kobe Bryant,1,74,35,39,0,8,0,1206,34.457142857142856,35,0,35,TRUE,FALSE,FALSE,FALSE,FALSE
2015,1135,Chris Andersen,1,67,60,7,1,0,5,1131,18.85,29,19,31,FALSE,FALSE,FALSE,FALSE,FALSE
2015,136,Vince Carter,1,69,66,3,0,0,2,1092,16.545454545454547,22,22,24,FALSE,FALSE,FALSE,FALSE,FALSE
2015,165,Jamal Crawford,1,66,64,2,0,0,1,1706,26.65625,58,5,60,FALSE,FALSE,FALSE,FALSE,FALSE
2015,1703,Carlos Boozer,1,82,71,11,0,0,9,1692,23.830985915492956,58,11,60,FALSE,FALSE,FALSE,FALSE,FALSE
2015,1705,Caron Butler,1,80,78,2,0,0,2,1626,20.846153846153847,46,19,48,FALSE,FALSE,FALSE,FALSE,FALSE
2015,1708,Mike Dunleavy,1,63,63,0,0,0,0,1837,29.158730158730158,60,3,62,FALSE,FALSE,FALSE,FALSE,TRUE
2015,1711,Drew Gooden,1,74,50,24,0,0,23,865,17.3,22,11,24,FALSE,FALSE,FALSE,FALSE,FALSE
2015,1713,Nene ,1,77,67,10,0,0,2,1695,25.29850746268657,57,8,59,FALSE,FALSE,FALSE,FALSE,FALSE
2015,1724,Tayshaun Prince,3,77,58,19,0,0,17,1397,24.086206896551722,45,11,47,FALSE,FALSE,FALSE,FALSE,FALSE
2015,1726,John Salmons,1,51,21,30,0,0,28,270,12.857142857142858,4,2,6,FALSE,FALSE,FALSE,FALSE,FALSE
2015,1727,Amar'e Stoudemire,2,70,59,11,0,2,0,1245,21.10169491525424,34,14,36,FALSE,FALSE,FALSE,FALSE,FALSE
2015,1765,Matt Barnes,1,80,76,4,0,0,0,2276,29.94736842105263,75,1,76,FALSE,FALSE,FALSE,FALSE,TRUE
2015,1767,Rasual Butler,1,82,75,7,0,0,7,1509,20.12,46,13,48,FALSE,FALSE,FALSE,FALSE,FALSE
2015,1781,Luis Scola,1,82,81,1,0,0,1,1659,20.48148148148148,39,37,41,FALSE,FALSE,FALSE,FALSE,FALSE
2015,1821,Jannero Pargo,1,29,8,21,0,0,20,73,9.125,0,3,2,FALSE,FALSE,FALSE,FALSE,FALSE
2015,1828,Reggie Evans,1,75,47,28,0,0,26,767,16.319148936170212,14,13,16,FALSE,FALSE,FALSE,FALSE,FALSE
2015,1966,LeBron James,2,74,70,4,1,0,3,2526,36.08571428571429,70,0,70,TRUE,TRUE,FALSE,FALSE,FALSE
2015,1975,Carmelo Anthony,2,47,41,6,0,0,0,1460,35.609756097560975,39,2,41,TRUE,TRUE,FALSE,FALSE,FALSE
2015,1977,Chris Bosh,2,47,45,2,1,0,0,1568,34.84444444444444,44,0,44,TRUE,FALSE,FALSE,FALSE,FALSE
2015,1978,Nick Collison,1,74,66,8,0,0,7,1105,16.742424242424242,21,26,23,FALSE,FALSE,FALSE,FALSE,FALSE
2015,1981,Kirk Hinrich,1,66,66,0,0,0,0,1611,24.40909090909091,50,10,52,FALSE,FALSE,FALSE,FALSE,FALSE
2015,1982,Chris Kaman,1,80,74,6,0,0,2,1400,18.91891891891892,26,41,28,FALSE,FALSE,FALSE,FALSE,FALSE
2015,1985,Luke Ridnour,1,79,47,32,0,0,26,683,14.53191489361702,8,18,10,FALSE,FALSE,FALSE,FALSE,FALSE
2015,1987,Dwyane Wade,1,65,62,3,0,0,1,1974,31.838709677419356,59,2,61,TRUE,FALSE,FALSE,FALSE,FALSE
2015,1994,Steve Blake,1,82,81,1,0,0,1,1529,18.876543209876544,39,23,41,FALSE,FALSE,FALSE,FALSE,FALSE
2015,1996,Matt Bonner,1,79,71,8,0,0,4,937,13.19718309859155,20,9,22,FALSE,FALSE,FALSE,FALSE,FALSE
2015,2004,Willie Green,1,81,52,29,2,0,22,953,18.326923076923077,21,15,23,FALSE,FALSE,FALSE,FALSE,FALSE
2015,2008,Dahntay Jones,1,44,26,18,0,0,11,123,4.730769230769231,1,0,1,FALSE,FALSE,FALSE,FALSE,FALSE
2015,2009,James Jones,1,82,57,25,0,0,25,669,11.736842105263158,12,5,14,FALSE,FALSE,FALSE,FALSE,FALSE
2015,2011,Kyle Korver,2,78,76,2,0,0,2,2434,32.026315789473685,73,1,74,FALSE,FALSE,FALSE,FALSE,TRUE
2015,2016,Zaza Pachulia,1,82,73,9,0,0,7,1730,23.698630136986303,55,13,57,FALSE,FALSE,FALSE,FALSE,FALSE
2015,2018,Kendrick Perkins,2,78,68,10,0,0,7,1150,16.91176470588235,30,15,32,FALSE,FALSE,FALSE,FALSE,FALSE
2015,215,Tim Duncan,2,83,78,5,0,1,4,2239,28.705128205128204,72,5,74,TRUE,TRUE,FALSE,FALSE,FALSE
2015,2166,Leandro Barbosa,1,80,66,14,0,0,13,983,14.893939393939394,15,20,17,FALSE,FALSE,FALSE,FALSE,FALSE
2015,2167,Boris Diaw,1,82,81,1,0,0,1,1987,24.530864197530864,67,11,69,FALSE,FALSE,FALSE,FALSE,FALSE
2015,2177,David West,1,82,66,16,1,0,2,1896,28.727272727272727,65,0,65,FALSE,FALSE,FALSE,FALSE,TRUE
2015,2178,Mo Williams,2,83,68,15,1,0,5,1977,29.073529411764707,60,5,62,FALSE,FALSE,FALSE,FALSE,TRUE
2015,2184,Udonis Haslem,1,79,62,17,2,0,14,1000,16.129032258064516,17,19,19,FALSE,FALSE,FALSE,FALSE,FALSE
2015,2202117,Arinze Onuaku,1,6,4,2,0,0,0,68,17,1,2,3,FALSE,FALSE,FALSE,FALSE,FALSE
2015,2232456,Patrick Christopher,1,6,4,2,0,0,2,29,7.25,0,0,0,FALSE,FALSE,FALSE,FALSE,FALSE
2015,2282734,Kalin Lucas,1,4,1,3,0,0,3,6,6,0,0,0,FALSE,FALSE,FALSE,FALSE,FALSE
2015,2284101,Justin Holiday,1,80,58,22,0,0,21,657,11.327586206896552,8,11,10,FALSE,FALSE,FALSE,FALSE,FALSE
2015,2309097,Damjan Rudez,1,82,68,14,0,0,11,1050,15.441176470588236,19,19,21,FALSE,FALSE,FALSE,FALSE,FALSE
2015,2325495,Larry Drew II,1,12,12,0,0,0,0,220,18.333333333333332,5,1,6,FALSE,FALSE,FALSE,FALSE,FALSE
2015,2325975,Chris Johnson,3,35,29,6,0,0,6,526,18.137931034482758,12,10,14,FALSE,FALSE,FALSE,FALSE,FALSE
2015,2326307,Seth Curry,1,5,2,3,0,0,2,8,4,0,0,0,FALSE,FALSE,FALSE,FALSE,FALSE
2015,2326389,Chris Babb,1,1,0,1,0,0,1,0,0,0,0,0,FALSE,FALSE,FALSE,FALSE,FALSE
2015,2327107,Toure' Murry,2,15,4,11,0,0,9,18,4.5,0,0,0,FALSE,FALSE,FALSE,FALSE,FALSE
2015,2327449,Jorge Gutierrez,3,35,18,17,0,0,13,174,9.666666666666666,1,4,3,FALSE,FALSE,FALSE,FALSE,FALSE
2015,2327465,Drew Gordon,1,11,9,2,0,0,2,72,8,0,0,0,FALSE,FALSE,FALSE,FALSE,FALSE
2015,2327577,JaMychal Green,2,40,24,16,0,0,16,165,6.875,2,2,4,FALSE,FALSE,FALSE,FALSE,FALSE
2015,2333797,Jeff Withey,1,80,35,45,0,0,43,257,7.3428571428571425,1,3,3,FALSE,FALSE,FALSE,FALSE,FALSE
2015,2367,Tony Allen,1,69,63,6,0,0,0,1647,26.142857142857142,53,10,55,FALSE,FALSE,FALSE,FALSE,FALSE
2015,2381,Ben Gordon,1,76,56,20,0,0,20,789,14.089285714285714,8,19,10,FALSE,FALSE,FALSE,FALSE,FALSE
2015,2382,Devin Harris,1,76,76,0,0,0,0,1686,22.18421052631579,51,18,53,FALSE,FALSE,FALSE,FALSE,FALSE
2015,2384,Dwight Howard,1,59,41,18,8,1,1,1224,29.853658536585368,37,3,39,TRUE,TRUE,FALSE,FALSE,FALSE
2015,2386,Andre Iguodala,1,81,77,4,0,3,1,2066,26.83116883116883,72,5,74,TRUE,TRUE,FALSE,FALSE,FALSE
2015,2389,Al Jefferson,1,72,65,7,0,0,0,1991,30.630769230769232,62,2,64,TRUE,TRUE,FALSE,FALSE,FALSE
2015,2393,Shaun Livingston,1,81,78,3,0,0,2,1469,18.833333333333332,32,28,34,FALSE,FALSE,FALSE,FALSE,FALSE
2015,2394,Kevin Martin,1,55,39,16,2,0,7,1303,33.41025641025641,38,1,39,FALSE,FALSE,FALSE,FALSE,FALSE
2015,2411,Josh Smith,2,83,83,0,0,0,0,2307,27.795180722891565,74,8,76,FALSE,FALSE,FALSE,FALSE,FALSE
2015,2417,Sebastian Telfair,1,16,16,0,0,0,0,327,20.4375,6,5,8,FALSE,FALSE,FALSE,FALSE,FALSE
2015,2419,Anderson Varejao,1,26,26,0,0,0,0,637,24.5,20,6,22,FALSE,FALSE,FALSE,FALSE,FALSE
2015,2423,Dorell Wright,1,73,47,26,0,0,25,593,12.617021276595745,8,10,10,FALSE,FALSE,FALSE,FALSE,FALSE
2015,2426,Trevor Ariza,1,82,82,0,0,0,0,2936,35.80487804878049,82,0,82,FALSE,TRUE,FALSE,FALSE,TRUE
2015,2429,Luol Deng,1,78,72,6,1,0,3,2420,33.611111111111114,70,2,72,TRUE,FALSE,FALSE,FALSE,FALSE
2015,2433,Kris Humphries,1,67,64,3,0,0,1,1346,21.03125,38,16,40,FALSE,FALSE,FALSE,FALSE,FALSE
2015,2439,Jameer Nelson,3,71,63,8,2,0,3,1403,22.26984126984127,41,11,43,FALSE,FALSE,FALSE,FALSE,FALSE
2015,2444,JR Smith,2,84,70,14,2,0,2,2082,29.742857142857144,62,5,64,FALSE,FALSE,FALSE,FALSE,TRUE
2015,2448,Beno Udrih,1,82,79,3,2,0,0,1494,18.911392405063292,25,44,27,FALSE,FALSE,FALSE,FALSE,FALSE
2015,2477,Earl Barron,1,27,16,11,0,0,11,143,8.9375,2,1,3,FALSE,FALSE,FALSE,FALSE,FALSE
2015,2488650,Andre Dawkins,2,24,4,20,0,0,20,22,5.5,0,0,0,FALSE,FALSE,FALSE,FALSE,FALSE
2015,2488651,Ryan Kelly,1,82,52,30,0,0,3,1232,23.692307692307693,37,7,39,FALSE,FALSE,FALSE,FALSE,FALSE
2015,2488653,Mason Plumlee,1,82,82,0,0,0,0,1739,21.20731707317073,45,16,47,FALSE,FALSE,FALSE,FALSE,FALSE
2015,2488660,Glen Rice Jr.,1,9,5,4,0,0,4,42,8.4,0,1,1,FALSE,FALSE,FALSE,FALSE,FALSE
2015,2488673,David Wear,1,5,2,3,0,0,3,7,3.5,0,0,0,FALSE,FALSE,FALSE,FALSE,FALSE
2015,2488674,Travis Wear,1,81,51,30,0,0,15,669,13.117647058823529,13,9,15,FALSE,FALSE,FALSE,FALSE,FALSE
2015,2488684,Erick Green,1,65,41,24,0,0,22,412,10.048780487804878,4,4,6,FALSE,FALSE,FALSE,FALSE,FALSE
2015,2488689,Sean Kilpatrick,1,5,4,1,0,0,1,71,17.75,2,1,3,FALSE,FALSE,FALSE,FALSE,FALSE
2015,2488701,Jerrelle Benimon,1,5,1,4,0,0,3,2,2,0,0,0,FALSE,FALSE,FALSE,FALSE,FALSE
2015,2488713,Jack Cooley,1,22,16,6,0,0,6,86,5.375,0,1,1,FALSE,FALSE,FALSE,FALSE,FALSE
2015,2488845,Cory Jefferson,1,72,45,27,0,0,22,530,11.777777777777779,4,9,6,FALSE,FALSE,FALSE,FALSE,FALSE
2015,2488945,Tim Frazier,2,14,11,3,0,0,3,241,21.90909090909091,7,0,7,FALSE,FALSE,FALSE,FALSE,FALSE
2015,2488958,Solomon Hill,1,82,82,0,0,0,0,2380,29.024390243902438,75,6,77,FALSE,FALSE,FALSE,FALSE,TRUE
2015,2488999,CJ Wilcox,1,37,21,16,0,0,16,101,4.809523809523809,0,1,1,FALSE,FALSE,FALSE,FALSE,FALSE
2015,2489530,Troy Daniels,3,78,43,35,0,0,30,397,9.232558139534884,4,5,6,FALSE,FALSE,FALSE,FALSE,FALSE
2015,2489663,Kelly Olynyk,1,65,64,1,0,0,0,1424,22.25,43,13,45,FALSE,FALSE,FALSE,FALSE,FALSE
2015,2489664,David Stockton,1,9,3,6,0,0,5,33,11,0,1,1,FALSE,FALSE,FALSE,FALSE,FALSE
2015,2489716,Matthew Dellavedova,1,67,67,0,0,0,0,1381,20.611940298507463,33,17,35,FALSE,FALSE,FALSE,FALSE,FALSE
2015,2489785,Ian Clark,2,69,29,40,0,0,38,192,6.620689655172414,1,4,3,FALSE,FALSE,FALSE,FALSE,FALSE
2015,2489897,Will Cherry,1,12,8,4,0,0,4,70,8.75,1,0,1,FALSE,FALSE,FALSE,FALSE,FALSE
2015,2490089,Mike Muscala,1,79,40,39,0,0,39,503,12.575,10,6,12,FALSE,FALSE,FALSE,FALSE,FALSE
2015,2490144,Brandon Davies,2,35,27,8,0,0,8,424,15.703703703703704,9,6,11,FALSE,FALSE,FALSE,FALSE,FALSE
2015,2490149,CJ McCollum,1,68,62,6,0,0,6,973,15.693548387096774,19,14,21,FALSE,FALSE,FALSE,FALSE,FALSE
2015,2490589,Isaiah Canaan,2,69,46,23,1,0,14,938,20.391304347826086,29,3,31,FALSE,FALSE,FALSE,FALSE,FALSE
2015,2490620,Robert Covington,1,73,70,3,0,0,1,1956,27.942857142857143,60,4,62,FALSE,FALSE,FALSE,FALSE,FALSE
2015,2491063,Shayne Whittington,1,59,20,39,0,0,39,107,5.35,0,0,0,FALSE,FALSE,FALSE,FALSE,FALSE
2015,2491079,Nate Wolters,2,48,21,27,3,0,24,247,11.761904761904763,4,5,6,FALSE,FALSE,FALSE,FALSE,FALSE
2015,2527926,Patric Young,1,8,0,8,0,0,8,0,0,0,0,0,FALSE,FALSE,FALSE,FALSE,FALSE
2015,2527963,Victor Oladipo,1,72,72,0,0,0,0,2572,35.72222222222222,72,0,72,FALSE,FALSE,FALSE,FALSE,TRUE
2015,2527968,Devyn Marble,1,29,13,16,0,0,10,209,16.076923076923077,7,0,7,FALSE,FALSE,FALSE,FALSE,FALSE
2015,2528210,Tim Hardaway Jr.,1,81,70,11,0,0,0,1683,24.042857142857144,49,11,51,FALSE,FALSE,FALSE,FALSE,FALSE
2015,2528353,Tony Snell,1,82,69,13,0,0,10,1412,20.463768115942027,35,8,37,FALSE,FALSE,FALSE,FALSE,FALSE
2015,2528354,Cameron Bairstow,1,76,17,59,0,0,58,66,3.8823529411764706,0,1,1,FALSE,FALSE,FALSE,FALSE,FALSE
2015,2528355,Alex Kirk,1,14,4,10,0,0,9,14,3.5,0,0,0,FALSE,FALSE,FALSE,FALSE,FALSE
2015,2528356,Jamaal Franklin,1,3,2,1,0,0,0,13,6.5,0,0,0,FALSE,FALSE,FALSE,FALSE,FALSE
2015,2528393,Tarik Black,2,76,63,13,0,0,12,1195,18.96825396825397,31,18,33,FALSE,FALSE,FALSE,FALSE,FALSE
2015,2528426,Jordan Clarkson,1,82,59,23,0,0,22,1474,24.983050847457626,40,7,42,FALSE,FALSE,FALSE,FALSE,FALSE
2015,2528447,Ray McCallum,1,82,65,17,0,0,14,1431,22.015384615384615,41,10,43,FALSE,FALSE,FALSE,FALSE,FALSE
2015,2528588,Doug McDermott,1,54,35,19,0,0,18,319,9.114285714285714,3,5,5,FALSE,FALSE,FALSE,FALSE,FALSE
2015,2528779,Reggie Bullock,2,70,36,34,0,0,32,339,9.416666666666666,0,6,2,FALSE,FALSE,FALSE,FALSE,FALSE
2015,2528787,Lorenzo Brown,1,38,28,10,0,0,9,549,19.607142857142858,15,4,17,FALSE,FALSE,FALSE,FALSE,FALSE
2015,2528794,Joe Harris,1,67,47,20,0,0,16,491,10.446808510638299,8,6,10,FALSE,FALSE,FALSE,FALSE,FALSE
2015,2528803,Jarell Eddie,1,2,0,2,0,0,2,0,0,0,0,0,FALSE,FALSE,FALSE,FALSE,FALSE
2015,2530276,Tyler Johnson,1,41,32,9,0,0,9,600,18.75,17,3,19,FALSE,FALSE,FALSE,FALSE,FALSE
2015,2530572,Langston Galloway,1,45,45,0,0,0,0,1459,32.422222222222224,44,1,45,FALSE,FALSE,FALSE,FALSE,TRUE
2015,2530574,Ronald Roberts Jr.,1,2,0,2,0,0,1,0,0,0,0,0,FALSE,FALSE,FALSE,FALSE,FALSE
2015,2530596,Andre Roberson,1,82,67,15,0,0,1,1282,19.134328358208954,30,21,32,FALSE,FALSE,FALSE,FALSE,FALSE
2015,2530722,Phil Pressey,1,82,47,35,0,0,32,598,12.72340425531915,5,18,7,FALSE,FALSE,FALSE,FALSE,FALSE
2015,2530750,Markel Brown,1,58,45,13,0,0,10,782,17.377777777777776,21,5,23,FALSE,FALSE,FALSE,FALSE,FALSE
2015,2530780,Shabazz Napier,1,69,51,18,0,0,18,1014,19.88235294117647,26,10,28,FALSE,FALSE,FALSE,FALSE,FALSE
2015,2531038,Russ Smith,2,30,10,20,0,0,18,64,6.4,0,2,2,FALSE,FALSE,FALSE,FALSE,FALSE
2015,2531039,Vander Blue,1,2,2,0,0,0,0,74,37,2,0,2,FALSE,FALSE,FALSE,FALSE,FALSE
2015,2531054,Bryce Cotton,1,27,14,13,0,0,11,160,11.428571428571429,3,1,4,FALSE,FALSE,FALSE,FALSE,FALSE
2015,2531100,Adreian Payne,2,42,32,10,0,0,10,741,23.15625,24,2,26,FALSE,FALSE,FALSE,FALSE,FALSE
2015,2531210,Allen Crabbe,1,76,51,25,2,0,23,684,13.411764705882353,11,11,13,FALSE,FALSE,FALSE,FALSE,FALSE
2015,2531352,Eric Moreland,1,13,2,11,0,0,10,2,1,0,0,0,FALSE,FALSE,FALSE,FALSE,FALSE
2015,2531367,Dwight Powell,2,53,27,26,0,0,24,235,8.703703703703704,4,2,6,FALSE,FALSE,FALSE,FALSE,FALSE
2015,2534781,Gorgui Dieng,1,81,73,8,0,0,0,2193,30.041095890410958,64,6,66,FALSE,FALSE,FALSE,FALSE,TRUE
2015,2560823,Zoran Dragic,2,48,15,33,0,0,32,75,5,1,0,1,FALSE,FALSE,FALSE,FALSE,FALSE
2015,2566741,KJ McDaniels,2,82,62,20,0,0,20,1353,21.822580645161292,45,5,47,FALSE,FALSE,FALSE,FALSE,FALSE
2015,2578213,Ben McLemore,1,82,82,0,0,0,0,2674,32.609756097560975,77,5,79,FALSE,FALSE,FALSE,FALSE,TRUE
2015,2579258,Cody Zeller,1,63,62,1,0,0,1,1487,23.983870967741936,46,15,48,FALSE,FALSE,FALSE,FALSE,FALSE
2015,2579260,Trey Burke,1,79,76,3,0,0,0,2286,30.07894736842105,73,3,75,FALSE,FALSE,FALSE,FALSE,TRUE
2015,2579321,James Ennis III,1,81,62,19,0,0,19,1052,16.967741935483872,24,13,26,FALSE,FALSE,FALSE,FALSE,FALSE
2015,2580589,Nick Johnson,1,54,28,26,0,0,26,262,9.357142857142858,2,5,4,FALSE,FALSE,FALSE,FALSE,FALSE
2015,2580782,Spencer Dinwiddie,1,69,34,35,0,0,34,458,13.470588235294118,4,9,6,FALSE,FALSE,FALSE,FALSE,FALSE
2015,2580784,Jabari Brown,1,20,19,1,0,0,1,567,29.842105263157894,17,2,19,FALSE,FALSE,FALSE,FALSE,FALSE
2015,2580913,Dewayne Dedmon,1,80,58,22,0,0,17,848,14.620689655172415,15,15,17,FALSE,FALSE,FALSE,FALSE,FALSE
2015,2581018,Kentavious Caldwell-Pope,1,82,82,0,0,0,0,2591,31.597560975609756,79,1,80,FALSE,FALSE,FALSE,FALSE,TRUE
2015,2581084,Johnny O'Bryant III,1,59,34,25,0,0,24,365,10.735294117647058,5,1,6,FALSE,FALSE,FALSE,FALSE,FALSE
2015,2581177,Rodney Hood,1,54,50,4,0,0,0,1070,21.4,30,10,32,FALSE,FALSE,FALSE,FALSE,FALSE
2015,2583639,Elfrid Payton,1,82,82,0,0,0,0,2490,30.365853658536587,75,4,77,FALSE,FALSE,FALSE,FALSE,TRUE
2015,2583664,Tony Mitchell,2,15,0,15,0,0,14,0,0,0,0,0,FALSE,FALSE,FALSE,FALSE,FALSE
2015,2585616,Pero Antic,1,77,63,14,1,0,12,1041,16.523809523809526,15,32,17,FALSE,FALSE,FALSE,FALSE,FALSE
2015,2585629,Luigi Datome,2,59,21,38,0,0,35,211,10.047619047619047,3,2,5,FALSE,FALSE,FALSE,FALSE,FALSE
2015,2594816,P.J. Hairston,1,69,45,24,1,0,20,690,15.333333333333334,10,13,12,FALSE,FALSE,FALSE,FALSE,FALSE
2015,2594818,James Michael McAdoo,1,20,13,7,0,0,5,138,10.615384615384615,3,1,4,FALSE,FALSE,FALSE,FALSE,FALSE
2015,2594922,Otto Porter Jr.,1,82,73,9,0,0,8,1437,19.684931506849313,41,8,43,FALSE,FALSE,FALSE,FALSE,FALSE
2015,2596107,Alex Len,1,80,69,11,0,0,0,1518,22,42,19,44,FALSE,FALSE,FALSE,FALSE,FALSE
2015,2596108,Michael Carter-Williams,2,82,66,16,0,0,4,2150,32.57575757575758,65,1,66,FALSE,FALSE,FALSE,FALSE,TRUE
2015,2596158,Shane Larkin,1,82,76,6,2,0,4,1864,24.526315789473685,53,16,55,FALSE,FALSE,FALSE,FALSE,FALSE
2015,2596402,Sim Bhullar,1,5,2,3,0,0,2,2,1,0,0,0,FALSE,FALSE,FALSE,FALSE,FALSE
2015,2608891,JaKarr Sampson,1,80,74,6,0,0,6,1131,15.283783783783784,26,18,28,FALSE,FALSE,FALSE,FALSE,FALSE
2015,261,Kevin Garnett,2,74,47,27,0,6,7,948,20.170212765957448,24,13,26,TRUE,FALSE,FALSE,FALSE,FALSE
2015,2614962,Jarnell Stokes,1,45,19,26,0,0,26,126,6.631578947368421,1,2,3,FALSE,FALSE,FALSE,FALSE,FALSE
2015,272,Manu Ginobili,1,75,70,5,0,1,3,1591,22.728571428571428,49,16,51,FALSE,FALSE,FALSE,FALSE,FALSE
2015,2745,Brandon Bass,1,82,82,0,0,0,0,1932,23.5609756097561,56,16,58,FALSE,FALSE,FALSE,FALSE,FALSE
2015,2747,Andrew Bogut,1,68,67,1,0,0,0,1583,23.62686567164179,52,13,54,FALSE,TRUE,FALSE,FALSE,FALSE
2015,2751,Monta Ellis,1,80,80,0,0,0,0,2698,33.725,79,0,79,FALSE,FALSE,FALSE,FALSE,TRUE
2015,2753,Raymond Felton,1,55,29,26,0,0,23,281,9.689655172413794,4,2,6,FALSE,FALSE,FALSE,FALSE,FALSE
2015,2754,Channing Frye,1,81,75,6,1,0,5,1867,24.893333333333334,51,11,53,FALSE,FALSE,FALSE,FALSE,FALSE
2015,2755,Francisco Garcia,1,23,14,9,0,0,7,201,14.357142857142858,4,3,6,FALSE,FALSE,FALSE,FALSE,FALSE
2015,2758,Marcin Gortat,1,82,82,0,0,0,0,2455,29.9390243902439,79,2,81,FALSE,FALSE,FALSE,FALSE,TRUE
2015,2760,Danny Granger,2,51,30,21,1,0,18,610,20.333333333333332,20,3,22,FALSE,FALSE,FALSE,FALSE,FALSE
2015,2761,Gerald Green,1,82,74,8,0,0,8,1447,19.554054054054053,41,14,43,FALSE,FALSE,FALSE,FALSE,FALSE
2015,2767,Ersan Ilyasova,1,77,58,19,1,0,4,1319,22.74137931034483,39,10,41,FALSE,FALSE,FALSE,FALSE,FALSE
2015,2768,Jarrett Jack,1,82,80,2,0,0,1,2243,28.0375,69,8,71,FALSE,FALSE,FALSE,FALSE,TRUE
2015,2769,Amir Johnson,1,76,75,1,0,0,1,1979,26.386666666666667,64,11,66,FALSE,FALSE,FALSE,FALSE,FALSE
2015,2772,David Lee,1,57,49,8,0,0,8,904,18.448979591836736,22,15,24,TRUE,FALSE,FALSE,FALSE,FALSE
2015,2774,Ian Mahinmi,1,71,61,10,0,0,1,1146,18.78688524590164,29,19,31,FALSE,FALSE,FALSE,FALSE,FALSE
2015,2775,Jason Maxiell,1,82,61,21,0,0,21,880,14.426229508196721,7,25,9,FALSE,FALSE,FALSE,FALSE,FALSE
2015,2778,CJ Miles,1,79,70,9,1,0,0,1843,26.32857142857143,61,3,63,FALSE,FALSE,FALSE,FALSE,FALSE
2015,2779,Chris Paul,2,83,83,0,0,0,0,2887,34.78313253012048,83,0,83,TRUE,TRUE,FALSE,FALSE,FALSE
2015,2782,Nate Robinson,2,46,42,4,1,0,1,591,14.071428571428571,9,8,11,FALSE,FALSE,FALSE,FALSE,FALSE
2015,2789,Ronny Turiaf,2,4,2,2,0,0,1,20,10,0,0,0,FALSE,FALSE,FALSE,FALSE,FALSE
2015,2792,Charlie Villanueva,1,81,63,18,0,0,17,677,10.746031746031745,10,8,12,FALSE,FALSE,FALSE,FALSE,FALSE
2015,2795,Martell Webster,1,53,32,21,0,0,21,350,10.9375,4,5,6,FALSE,FALSE,FALSE,FALSE,FALSE
2015,2797,Marvin Williams,1,82,78,4,0,0,0,2036,26.102564102564102,67,9,69,FALSE,FALSE,FALSE,FALSE,FALSE
2015,2798,Deron Williams,1,69,68,1,0,0,0,2113,31.073529411764707,65,1,66,TRUE,FALSE,FALSE,FALSE,FALSE
2015,2799,Lou Williams,1,81,80,1,0,0,1,2016,25.2,68,12,70,FALSE,FALSE,FALSE,FALSE,FALSE
2015,2806,Jose Calderon,1,44,42,2,2,0,0,1269,30.214285714285715,42,0,42,FALSE,FALSE,FALSE,FALSE,TRUE
2015,2807,Ronnie Price,1,62,43,19,0,0,8,983,22.86046511627907,28,13,30,FALSE,FALSE,FALSE,FALSE,FALSE
2015,2810,Shavlik Randolph,2,69,21,48,0,0,48,126,6,0,1,1,FALSE,FALSE,FALSE,FALSE,FALSE
2015,2816,Will Bynum,1,10,6,4,0,0,3,66,11,1,2,3,FALSE,FALSE,FALSE,FALSE,FALSE
2015,2834,Chuck Hayes,1,82,29,53,0,0,53,255,8.793103448275861,0,4,2,FALSE,FALSE,FALSE,FALSE,FALSE
2015,2866,John Lucas III,1,34,21,13,0,0,13,273,13,1,8,3,FALSE,FALSE,FALSE,FALSE,FALSE
2015,2959736,Nemanja Nedovic,1,2,0,2,0,0,2,0,0,0,0,0,FALSE,FALSE,FALSE,FALSE,FALSE
2015,2959745,Sergey Karasev,1,55,32,23,0,0,21,557,17.40625,15,1,16,FALSE,FALSE,FALSE,FALSE,FALSE
2015,2959753,Joffrey Lauvergne,1,29,22,7,0,0,5,265,12.045454545454545,5,2,7,FALSE,FALSE,FALSE,FALSE,FALSE
2015,2968436,Joe Ingles,1,82,79,3,0,0,0,1673,21.17721518987342,46,20,48,FALSE,FALSE,FALSE,FALSE,FALSE
2015,2968439,Aron Baynes,1,76,70,6,0,0,6,1126,16.085714285714285,19,20,21,FALSE,FALSE,FALSE,FALSE,FALSE
2015,2982334,T.J. Warren,1,68,40,28,0,0,28,616,15.4,13,7,15,FALSE,FALSE,FALSE,FALSE,FALSE
2015,2983,LaMarcus Aldridge,2,79,72,7,0,0,1,2532,35.166666666666664,69,2,71,TRUE,TRUE,FALSE,FALSE,FALSE
2015,2987,Andrea Bargnani,1,37,29,8,5,0,1,785,27.06896551724138,23,4,25,FALSE,FALSE,FALSE,FALSE,FALSE
2015,2990992,Marcus Smart,1,70,67,3,1,0,1,1810,27.01492537313433,56,4,58,FALSE,FALSE,FALSE,FALSE,FALSE
2015,2991009,Grant Jerrett,2,29,7,22,0,0,21,52,7.428571428571429,0,0,0,FALSE,FALSE,FALSE,FALSE,FALSE
2015,2991039,Glenn Robinson III,2,74,35,39,0,0,38,264,7.542857142857143,4,1,5,FALSE,FALSE,FALSE,FALSE,FALSE
2015,2991041,Mitch McGary,1,34,32,2,0,0,2,485,15.15625,9,11,11,FALSE,FALSE,FALSE,FALSE,FALSE
2015,2991042,Nik Stauskas,1,82,72,10,0,0,9,1129,15.680555555555555,21,23,23,FALSE,FALSE,FALSE,FALSE,FALSE
2015,2991070,Jerami Grant,1,69,65,4,1,0,0,1380,21.23076923076923,41,12,43,FALSE,FALSE,FALSE,FALSE,FALSE
2015,2991143,Ricky Ledo,2,28,16,12,0,0,11,244,15.25,6,3,8,FALSE,FALSE,FALSE,FALSE,FALSE
2015,2991227,Cleanthony Early,1,56,38,18,2,0,7,650,17.105263157894736,17,9,19,FALSE,FALSE,FALSE,FALSE,FALSE
2015,2991235,Steven Adams,1,72,70,2,0,0,1,1776,25.37142857142857,57,8,59,FALSE,FALSE,FALSE,FALSE,FALSE
2015,2991280,Nerlens Noel,1,82,75,7,0,0,3,2311,30.813333333333333,73,1,74,FALSE,FALSE,FALSE,FALSE,TRUE
2015,2991281,Archie Goodwin,1,72,41,31,0,0,31,535,13.048780487804878,10,9,12,FALSE,FALSE,FALSE,FALSE,FALSE
2015,2991473,Anthony Bennett,1,69,55,14,0,0,0,896,16.29090909090909,17,14,19,FALSE,FALSE,FALSE,FALSE,FALSE
2015,2992,Shannon Brown,1,14,5,9,0,0,9,89,17.8,2,1,3,FALSE,FALSE,FALSE,FALSE,FALSE
2015,2993873,Jordan Adams,1,66,29,37,0,0,36,248,8.551724137931034,4,2,6,FALSE,FALSE,FALSE,FALSE,FALSE
2015,2993874,Kyle Anderson,1,46,32,14,0,0,13,354,11.0625,7,2,9,FALSE,FALSE,FALSE,FALSE,FALSE
2015,2993875,Shabazz Muhammad,1,43,38,5,0,0,0,867,22.81578947368421,22,6,24,FALSE,FALSE,FALSE,FALSE,FALSE
2015,2999547,Gary Harris,1,72,54,18,0,0,17,723,13.38888888888889,7,15,9,FALSE,FALSE,FALSE,FALSE,FALSE
2015,3002,Jordan Farmar,1,38,36,2,0,0,1,528,14.666666666666666,4,12,6,FALSE,FALSE,FALSE,FALSE,FALSE
2015,3003,Randy Foye,1,55,50,5,0,0,4,1088,21.76,29,9,31,FALSE,FALSE,FALSE,FALSE,FALSE
2015,3004,Joel Freeland,1,57,48,9,0,0,8,618,12.875,10,6,12,FALSE,FALSE,FALSE,FALSE,FALSE
2015,3005,Rudy Gay,1,76,68,8,0,0,1,2412,35.470588235294116,66,0,66,FALSE,FALSE,FALSE,FALSE,TRUE
2015,3008,Ryan Hollins,1,80,44,36,0,0,34,442,10.045454545454545,6,5,8,FALSE,FALSE,FALSE,FALSE,FALSE
2015,3012,Kyle Lowry,2,72,71,1,0,0,1,2448,34.478873239436616,69,1,70,FALSE,FALSE,FALSE,FALSE,TRUE
2015,3015,Paul Millsap,2,78,74,4,0,0,4,2406,32.513513513513516,72,2,74,TRUE,FALSE,FALSE,FALSE,FALSE
2015,3018,Steve Novak,2,73,29,44,0,0,38,198,6.827586206896552,1,1,2,FALSE,FALSE,FALSE,FALSE,FALSE
2015,3024,JJ Redick,1,82,78,4,0,0,0,2407,30.858974358974358,74,3,76,FALSE,FALSE,FALSE,FALSE,TRUE
2015,3026,Rajon Rondo,2,69,68,1,1,0,0,2019,29.691176470588236,65,2,67,TRUE,FALSE,FALSE,FALSE,FALSE
2015,3028,Thabo Sefolosha,1,53,52,1,0,0,0,976,18.76923076923077,22,19,24,FALSE,FALSE,FALSE,FALSE,FALSE
2015,3032,Tyrus Thomas,1,5,2,3,0,0,3,6,3,0,0,0,FALSE,FALSE,FALSE,FALSE,FALSE
2015,3032976,Rudy Gobert,1,82,82,0,0,0,0,2163,26.378048780487806,59,11,61,FALSE,FALSE,FALSE,FALSE,FALSE
2015,3032977,Giannis Antetokounmpo,1,82,81,1,0,0,1,2542,31.382716049382715,73,7,75,FALSE,FALSE,FALSE,FALSE,TRUE
2015,3032979,Dennis Schroder,1,80,77,3,0,1,2,1515,19.675324675324674,32,32,34,FALSE,FALSE,FALSE,FALSE,FALSE
2015,3032980,Lucas Nogueira,1,27,6,21,0,0,21,24,4,0,0,0,FALSE,FALSE,FALSE,FALSE,FALSE
2015,3033,P.J. Tucker,1,81,78,3,0,0,0,2382,30.53846153846154,76,2,78,FALSE,TRUE,FALSE,FALSE,TRUE
2015,3038,Shawne Williams,2,75,63,12,2,0,9,1085,17.22222222222222,23,13,25,FALSE,FALSE,FALSE,FALSE,FALSE
2015,3041,Lou Amundson,2,70,53,17,0,0,16,937,17.67924528301887,23,14,25,FALSE,FALSE,FALSE,FALSE,FALSE
2015,3047256,Miroslav Raduljica,1,10,5,5,0,0,5,24,4.8,0,0,0,FALSE,FALSE,FALSE,FALSE,FALSE
2015,3055,J.J. Barea,1,77,77,0,0,0,0,1368,17.766233766233768,27,24,29,FALSE,FALSE,FALSE,FALSE,FALSE
2015,3056600,Jabari Parker,1,28,25,3,0,0,0,738,29.52,24,1,25,FALSE,FALSE,FALSE,FALSE,FALSE
2015,3059281,Tyler Ennis,2,53,33,20,0,0,20,413,12.515151515151516,5,9,7,FALSE,FALSE,FALSE,FALSE,FALSE
2015,3059318,Joel Embiid,1,1,0,1,0,0,1,0,0,0,0,0,FALSE,FALSE,FALSE,FALSE,FALSE
2015,3059319,Andrew Wiggins,1,82,82,0,0,0,0,2971,36.23170731707317,80,2,82,FALSE,FALSE,FALSE,FALSE,TRUE
2015,3064290,Aaron Gordon,1,52,47,5,0,0,0,797,16.95744680851064,16,9,18,FALSE,FALSE,FALSE,FALSE,FALSE
2015,3064440,Zach LaVine,1,82,77,5,0,0,3,1906,24.753246753246753,49,8,51,FALSE,FALSE,FALSE,FALSE,FALSE
2015,3064509,James Young,1,54,31,23,0,0,21,334,10.774193548387096,2,9,4,FALSE,FALSE,FALSE,FALSE,FALSE
2015,3064514,Julius Randle,1,9,1,8,0,0,0,14,14,0,0,0,FALSE,FALSE,FALSE,FALSE,FALSE
2015,3078284,Noah Vonleh,1,65,25,40,0,0,40,257,10.28,5,1,6,FALSE,FALSE,FALSE,FALSE,FALSE
2015,3102528,Dante Exum,1,82,82,0,0,0,0,1821,22.20731707317073,49,25,51,FALSE,FALSE,FALSE,FALSE,FALSE
2015,3102529,Clint Capela,1,26,10,16,0,0,14,88,8.8,0,3,2,FALSE,FALSE,FALSE,FALSE,FALSE
2015,3102530,Jusuf Nurkic,1,78,62,16,0,0,10,1105,17.822580645161292,28,12,30,FALSE,FALSE,FALSE,FALSE,FALSE
2015,3102534,Damien Inglis,1,6,0,6,1,0,0,0,0,0,0,0,FALSE,FALSE,FALSE,FALSE,FALSE
2015,3113297,Bruno Caboclo,1,32,8,24,0,0,24,24,3,0,0,0,FALSE,FALSE,FALSE,FALSE,FALSE
2015,3187,Arron Afflalo,2,78,78,0,0,0,0,2502,32.07692307692308,77,0,77,FALSE,FALSE,FALSE,FALSE,TRUE
2015,3190,Marco Belinelli,1,71,62,9,0,0,1,1386,22.35483870967742,42,13,44,FALSE,FALSE,FALSE,FALSE,FALSE
2015,3191,Corey Brewer,2,80,80,0,0,0,0,2088,26.1,70,9,72,FALSE,FALSE,FALSE,FALSE,FALSE
2015,3192,Aaron Brooks,1,82,82,0,0,0,0,1885,22.98780487804878,56,15,58,FALSE,FALSE,FALSE,FALSE,FALSE
2015,3194,Wilson Chandler,1,82,78,4,1,0,1,2474,31.71794871794872,75,3,77,FALSE,FALSE,FALSE,FALSE,TRUE
2015,3195,Mike Conley,1,72,70,2,0,0,2,2225,31.785714285714285,69,1,70,FALSE,TRUE,FALSE,FALSE,TRUE
2015,3200,Glen Davis,1,76,74,2,0,0,2,909,12.283783783783784,8,15,10,FALSE,FALSE,FALSE,FALSE,FALSE
2015,3201,Jared Dudley,1,82,72,10,0,1,5,1716,23.833333333333332,55,11,57,FALSE,FALSE,FALSE,FALSE,FALSE
2015,3202,Kevin Durant,2,28,28,0,0,0,0,924,33,26,1,27,TRUE,TRUE,FALSE,FALSE,FALSE
2015,3206,Marc Gasol,2,83,82,1,0,1,0,2715,33.109756097560975,81,0,81,TRUE,TRUE,FALSE,FALSE,FALSE
2015,3209,Jeff Green,2,79,78,1,0,0,1,2459,31.525641025641026,76,2,78,FALSE,FALSE,FALSE,FALSE,TRUE
2015,3211,Spencer Hawes,1,73,73,0,0,0,0,1276,17.47945205479452,21,32,23,FALSE,FALSE,FALSE,FALSE,FALSE
2015,3213,Al Horford,2,82,77,5,1,0,2,2332,30.285714285714285,74,2,76,FALSE,FALSE,FALSE,FALSE,TRUE
2015,3217,Carl Landry,1,78,70,8,0,0,6,1195,17.071428571428573,21,27,23,FALSE,FALSE,FALSE,FALSE,FALSE
2015,3220,Josh McRoberts,1,22,17,5,0,0,3,297,17.470588235294116,8,2,10,FALSE,FALSE,FALSE,FALSE,FALSE
2015,3224,Joakim Noah,1,70,67,3,2,0,1,2047,30.55223880597015,65,1,66,TRUE,TRUE,FALSE,FALSE,FALSE
2015,3231,Ramon Sessions,2,69,64,5,0,0,4,1187,18.546875,25,16,27,FALSE,FALSE,FALSE,FALSE,FALSE
2015,3232,Jason Smith,1,82,82,0,0,0,0,1786,21.78048780487805,53,15,55,FALSE,FALSE,FALSE,FALSE,FALSE
2015,3233,Tiago Splitter,1,55,52,3,0,0,3,1030,19.807692307692307,25,20,27,FALSE,FALSE,FALSE,FALSE,FALSE
2015,3235,Rodney Stuckey,1,79,71,8,0,0,0,1878,26.450704225352112,59,8,61,FALSE,FALSE,FALSE,FALSE,FALSE
2015,3242,Brandan Wright,3,78,75,3,0,0,2,1448,19.30666666666667,30,31,32,FALSE,FALSE,FALSE,FALSE,FALSE
2015,3243,Nick Young,1,72,42,30,0,0,1,997,23.738095238095237,34,5,36,FALSE,FALSE,FALSE,FALSE,FALSE
2015,3244,Thaddeus Young,2,78,76,2,0,0,0,2434,32.026315789473685,72,3,74,FALSE,FALSE,FALSE,FALSE,TRUE
2015,3247,Joel Anthony,1,79,47,32,0,0,30,406,8.638297872340425,5,5,7,FALSE,FALSE,FALSE,FALSE,FALSE
2015,3276,Anthony Tolliver,2,82,76,6,0,0,6,1434,18.86842105263158,37,13,39,FALSE,FALSE,FALSE,FALSE,FALSE
2015,3277,C.J. Watson,1,71,57,14,0,0,2,1419,24.894736842105264,45,11,47,FALSE,FALSE,FALSE,FALSE,FALSE
2015,3410,Alexis Ajinca,1,82,67,15,0,0,14,955,14.253731343283581,18,13,20,FALSE,FALSE,FALSE,FALSE,FALSE
2015,3412,Ryan Anderson,1,82,61,21,3,0,1,1677,27.491803278688526,56,3,58,FALSE,FALSE,FALSE,FALSE,FALSE
2015,3413,Darrell Arthur,1,75,58,17,0,0,11,986,17,15,26,17,FALSE,FALSE,FALSE,FALSE,FALSE
2015,3414,Omer Asik,1,79,76,3,0,0,1,1978,26.026315789473685,73,3,75,FALSE,FALSE,FALSE,FALSE,FALSE
2015,3415,D.J. Augustin,2,82,82,0,0,0,0,1964,23.951219512195124,58,18,60,FALSE,FALSE,FALSE,FALSE,FALSE
2015,3416,Nicolas Batum,1,76,71,5,1,0,2,2380,33.521126760563384,69,1,70,FALSE,FALSE,FALSE,FALSE,TRUE
2015,3417,Jerryd Bayless,1,82,77,5,0,0,0,1723,22.376623376623378,57,13,59,FALSE,FALSE,FALSE,FALSE,FALSE
2015,3418,Michael Beasley,1,26,24,2,1,0,1,503,20.958333333333332,11,6,13,FALSE,FALSE,FALSE,FALSE,FALSE
2015,3419,Mario Chalmers,1,82,80,2,0,0,2,2368,29.6,74,4,76,FALSE,FALSE,FALSE,FALSE,TRUE
2015,3421,Joey Dorsey,1,82,69,13,0,0,13,856,12.405797101449275,11,14,13,FALSE,FALSE,FALSE,FALSE,FALSE
2015,3422,Chris Douglas-Roberts,1,18,12,6,0,0,6,103,8.583333333333334,1,1,2,FALSE,FALSE,FALSE,FALSE,FALSE
2015,3423,Goran Dragic,2,81,78,3,0,0,3,2641,33.85897435897436,76,2,78,TRUE,TRUE,FALSE,FALSE,FALSE
2015,3428,Danilo Gallinari,1,66,59,7,0,0,5,1421,24.084745762711865,40,10,42,FALSE,FALSE,FALSE,FALSE,FALSE
2015,3431,Eric Gordon,1,62,61,1,0,0,1,2020,33.114754098360656,60,0,60,FALSE,FALSE,FALSE,FALSE,TRUE
2015,3436,Roy Hibbert,1,80,76,4,0,0,1,1930,25.394736842105264,61,11,63,TRUE,TRUE,FALSE,FALSE,FALSE
2015,3437,JJ Hickson,1,81,73,8,0,0,6,1415,19.383561643835616,36,22,38,FALSE,FALSE,FALSE,FALSE,FALSE
2015,3438,George Hill,1,49,43,6,0,0,2,1266,29.441860465116278,42,0,42,FALSE,FALSE,FALSE,FALSE,TRUE
2015,3439,Serge Ibaka,1,64,64,0,0,0,0,2119,33.109375,63,1,64,FALSE,TRUE,FALSE,FALSE,TRUE
2015,3442,DeAndre Jordan,1,82,82,0,0,0,0,2819,34.3780487804878,82,0,82,FALSE,TRUE,FALSE,FALSE,TRUE
2015,3444,Kosta Koufos,1,81,81,0,0,0,0,1350,16.666666666666668,16,38,18,FALSE,FALSE,FALSE,FALSE,FALSE
2015,3445,Courtney Lee,1,78,77,1,0,0,0,2355,30.584415584415584,73,4,75,FALSE,FALSE,FALSE,FALSE,TRUE
2015,3447,Robin Lopez,1,59,59,0,0,0,0,1638,27.76271186440678,58,1,59,FALSE,FALSE,FALSE,FALSE,FALSE
2015,3448,Brook Lopez,1,72,72,0,0,0,0,2104,29.22222222222222,64,5,66,TRUE,FALSE,FALSE,FALSE,FALSE
2015,3449,Kevin Love,1,78,75,3,1,0,0,2531,33.74666666666667,74,1,75,TRUE,TRUE,FALSE,FALSE,FALSE
2015,3450,O.J. Mayo,1,82,71,11,0,1,4,1696,23.887323943661972,58,4,60,FALSE,FALSE,FALSE,FALSE,FALSE
2015,3451,Luc Mbah a Moute,1,82,67,15,0,1,2,1916,28.597014925373134,65,2,67,FALSE,FALSE,FALSE,FALSE,TRUE
2015,3452,JaVale McGee,2,31,23,8,1,0,5,256,11.130434782608695,1,5,3,FALSE,FALSE,FALSE,FALSE,FALSE
2015,3453,Nikola Pekovic,1,52,31,21,5,0,7,817,26.35483870967742,26,2,28,FALSE,FALSE,FALSE,FALSE,FALSE
2015,3456,Derrick Rose,1,53,51,2,0,0,2,1531,30.019607843137255,48,1,49,TRUE,FALSE,FALSE,FALSE,FALSE
2015,3457,Brandon Rush,1,78,33,45,0,0,44,273,8.272727272727273,2,3,4,FALSE,FALSE,FALSE,FALSE,FALSE
2015,3460,Marreese Speights,1,82,76,6,0,0,5,1204,15.842105263157896,25,22,27,FALSE,FALSE,FALSE,FALSE,FALSE
2015,3462,Jason Thompson,1,82,81,1,0,0,1,1991,24.580246913580247,59,14,61,FALSE,FALSE,FALSE,FALSE,FALSE
2015,3464,Henry Walker,1,29,24,5,0,0,5,627,26.125,20,2,22,FALSE,FALSE,FALSE,FALSE,FALSE
2015,3468,Russell Westbrook,2,83,68,15,0,0,0,2328,34.23529411764706,66,1,67,TRUE,FALSE,FALSE,FALSE,FALSE
2015,3474,Anthony Morrow,1,81,74,7,0,0,0,1808,24.43243243243243,56,15,58,FALSE,FALSE,FALSE,FALSE,FALSE
2015,3554,Omri Casspi,1,78,67,11,0,0,4,1418,21.16417910447761,35,16,37,FALSE,FALSE,FALSE,FALSE,FALSE
2015,3593,Bojan Bogdanovic,1,82,78,4,0,0,3,1856,23.794871794871796,50,12,52,FALSE,FALSE,FALSE,FALSE,FALSE
2015,3882,Alexey Shved,3,67,42,25,6,0,12,767,18.261904761904763,17,9,19,FALSE,FALSE,FALSE,FALSE,FALSE
2015,3930,Cartier Martin,1,72,23,49,0,0,48,200,8.695652173913043,2,3,4,FALSE,FALSE,FALSE,FALSE,FALSE
2015,3964,Patrick Beverley,1,59,56,3,0,0,1,1729,30.875,55,1,56,FALSE,TRUE,FALSE,FALSE,TRUE
2015,3965,DeJuan Blair,1,71,28,43,0,0,38,178,6.357142857142857,1,2,3,FALSE,FALSE,FALSE,FALSE,FALSE
2015,3968,Chase Budinger,1,82,67,15,2,0,12,1287,19.208955223880597,31,10,33,FALSE,FALSE,FALSE,FALSE,FALSE
2015,3969,Nick Calathes,1,70,58,12,0,0,11,835,14.39655172413793,13,15,15,FALSE,FALSE,FALSE,FALSE,FALSE
2015,3970,DeMarre Carroll,1,76,70,6,0,0,5,2187,31.242857142857144,70,0,70,FALSE,FALSE,FALSE,FALSE,TRUE
2015,3971,Earl Clark,1,12,10,2,0,0,2,94,9.4,2,0,2,FALSE,FALSE,FALSE,FALSE,FALSE
2015,3972,Victor Claver,1,25,10,15,0,0,15,75,7.5,0,2,2,FALSE,FALSE,FALSE,FALSE,FALSE
2015,3973,Darren Collison,1,49,45,4,0,0,2,1562,34.71111111111111,43,1,44,FALSE,FALSE,FALSE,FALSE,TRUE
2015,3974,Dante Cunningham,1,66,66,0,0,0,0,1650,25,50,8,52,FALSE,FALSE,FALSE,FALSE,FALSE
2015,3975,Stephen Curry,2,83,81,2,0,0,1,2640,32.592592592592595,80,1,81,TRUE,TRUE,FALSE,FALSE,FALSE
2015,3976,Austin Daye,2,54,32,22,0,0,19,345,10.78125,5,4,7,FALSE,FALSE,FALSE,FALSE,FALSE
2015,3978,DeMar DeRozan,1,61,60,1,0,0,1,2102,35.03333333333333,60,0,60,TRUE,FALSE,FALSE,FALSE,FALSE
2015,3979,Toney Douglas,1,17,12,5,0,0,5,177,14.75,2,5,4,FALSE,FALSE,FALSE,FALSE,FALSE
2015,3981,Wayne Ellington,1,82,65,17,0,0,2,1676,25.784615384615385,45,12,47,FALSE,FALSE,FALSE,FALSE,FALSE
2015,3983,Tyreke Evans,1,82,79,3,0,0,2,2695,34.11392405063291,78,1,79,FALSE,FALSE,FALSE,FALSE,TRUE
2015,3986,Taj Gibson,1,62,62,0,0,0,0,1694,27.322580645161292,52,7,54,FALSE,FALSE,FALSE,FALSE,FALSE
2015,3988,Danny Green,1,82,81,1,0,0,1,2311,28.530864197530864,74,6,76,FALSE,FALSE,FALSE,FALSE,TRUE
2015,3989,Blake Griffin,1,73,67,6,0,0,0,2354,35.134328358208954,67,0,67,TRUE,TRUE,FALSE,FALSE,FALSE
2015,3991,Tyler Hansbrough,1,78,74,4,0,0,4,1057,14.283783783783784,15,17,17,FALSE,FALSE,FALSE,FALSE,FALSE
2015,3992,James Harden,2,83,82,1,0,0,0,3006,36.65853658536585,82,0,82,TRUE,TRUE,FALSE,FALSE,FALSE
2015,3993,Gerald Henderson,1,82,80,2,0,0,2,2323,29.0375,71,7,73,FALSE,FALSE,FALSE,FALSE,TRUE
2015,3994,Jordan Hill,1,82,70,12,4,0,8,1877,26.814285714285713,65,2,67,FALSE,FALSE,FALSE,FALSE,FALSE
2015,3995,Jrue Holiday,1,40,40,0,0,0,0,1301,32.525,37,3,39,TRUE,FALSE,FALSE,FALSE,FALSE
2015,3996,Lester Hudson,1,8,5,3,0,0,3,56,11.2,1,2,3,FALSE,FALSE,FALSE,FALSE,FALSE
2015,3997,Brandon Jennings,1,45,41,4,2,0,0,1172,28.585365853658537,39,2,41,FALSE,FALSE,FALSE,FALSE,TRUE
2015,3998,Jonas Jerebko,2,84,75,9,0,0,9,1231,16.413333333333334,23,25,25,FALSE,FALSE,FALSE,FALSE,FALSE
2015,3999,James Johnson,1,75,70,5,0,0,5,1368,19.542857142857144,33,20,35,FALSE,FALSE,FALSE,FALSE,FALSE
2015,4000,Ty Lawson,1,81,75,6,2,0,3,2668,35.57333333333333,74,1,75,FALSE,FALSE,FALSE,FALSE,TRUE
2015,4003,Jodie Meeks,1,60,60,0,0,0,0,1463,24.383333333333333,49,9,51,FALSE,FALSE,FALSE,FALSE,FALSE
2015,4004,Patty Mills,1,51,51,0,0,0,0,799,15.666666666666666,16,14,18,FALSE,FALSE,FALSE,FALSE,FALSE
2015,4008,Jeff Ayres,1,75,46,29,0,0,24,381,8.282608695652174,1,7,3,FALSE,FALSE,FALSE,FALSE,FALSE
2015,4010,A.J. Price,3,35,26,9,0,0,9,325,12.5,5,4,7,FALSE,FALSE,FALSE,FALSE,FALSE
2015,4011,Ricky Rubio,1,43,22,21,0,0,4,692,31.454545454545453,21,0,21,FALSE,FALSE,FALSE,FALSE,FALSE
2015,4015,Jeff Teague,2,78,74,4,0,0,4,2244,30.324324324324323,73,0,73,FALSE,FALSE,FALSE,FALSE,TRUE
2015,4017,Marcus Thornton,2,64,48,16,0,0,10,721,15.020833333333334,11,16,13,FALSE,FALSE,FALSE,FALSE,FALSE
2015,4023,Garrett Temple,1,64,45,19,0,0,12,734,16.31111111111111,17,7,19,FALSE,FALSE,FALSE,FALSE,FALSE
2015,4032,Wesley Matthews,1,60,60,0,0,0,0,2027,33.78333333333333,59,1,60,FALSE,FALSE,FALSE,FALSE,TRUE
2015,4158,Jerel McNeal,1,7,6,1,0,0,1,36,6,0,1,1,FALSE,FALSE,FALSE,FALSE,FALSE
2015,4182,Pablo Prigioni,2,82,67,15,0,0,10,1197,17.865671641791046,33,13,35,FALSE,FALSE,FALSE,FALSE,FALSE
2015,4195,Kostas Papanikolaou,1,60,43,17,0,0,13,796,18.511627906976745,22,7,24,FALSE,FALSE,FALSE,FALSE,FALSE
2015,4218,Gal Mekel,2,9,4,5,0,0,5,44,11,0,0,0,FALSE,FALSE,FALSE,FALSE,FALSE
2015,4229,Reggie Williams,1,24,19,5,0,0,4,103,5.421052631578948,0,0,0,FALSE,FALSE,FALSE,FALSE,FALSE
2015,4232,Alonzo Gee,2,81,53,28,0,0,26,663,12.50943396226415,11,9,13,FALSE,FALSE,FALSE,FALSE,FALSE
2015,4235,Greg Stiemsma,1,81,16,65,0,0,64,66,4.125,0,0,0,FALSE,FALSE,FALSE,FALSE,FALSE
2015,4237,John Wall,2,81,80,1,0,0,1,2870,35.875,80,0,80,TRUE,FALSE,FALSE,FALSE,FALSE
2015,4238,Eric Bledsoe,1,82,81,1,0,0,0,2799,34.55555555555556,81,0,81,FALSE,FALSE,FALSE,FALSE,TRUE
2015,4239,Evan Turner,1,82,82,0,0,0,0,2259,27.548780487804876,74,6,76,FALSE,FALSE,FALSE,FALSE,FALSE
2015,4240,Avery Bradley,1,77,77,0,0,0,0,2427,31.51948051948052,77,0,77,FALSE,FALSE,FALSE,FALSE,TRUE
2015,4241,Xavier Henry,1,30,9,21,14,0,7,83,9.222222222222221,0,1,1,FALSE,FALSE,FALSE,FALSE,FALSE
2015,4244,Lance Stephenson,1,75,61,14,1,0,2,1574,25.80327868852459,52,2,54,FALSE,FALSE,FALSE,FALSE,FALSE
2015,4247,Wesley Johnson,1,82,76,6,0,0,1,2244,29.526315789473685,74,1,75,FALSE,FALSE,FALSE,FALSE,TRUE
2015,4248,Al-Farouq Aminu,1,80,74,6,0,0,6,1368,18.486486486486488,36,18,38,FALSE,FALSE,FALSE,FALSE,FALSE
2015,4249,Gordon Hayward,1,79,76,3,1,0,1,2618,34.44736842105263,76,0,76,FALSE,FALSE,FALSE,FALSE,TRUE
2015,4250,Luke Babbitt,1,80,62,18,1,0,16,827,13.338709677419354,14,13,16,FALSE,FALSE,FALSE,FALSE,FALSE
2015,4251,Paul George,1,8,6,2,0,0,2,92,15.333333333333334,0,4,2,TRUE,TRUE,FALSE,FALSE,FALSE
2015,4253,Quincy Pondexter,2,81,75,6,0,0,5,1792,23.893333333333334,55,11,57,FALSE,FALSE,FALSE,FALSE,FALSE
2015,4257,Derrick Favors,1,80,74,6,0,0,2,2281,30.824324324324323,68,4,70,FALSE,FALSE,FALSE,FALSE,TRUE
2015,4258,DeMarcus Cousins,2,64,60,4,0,1,1,2031,33.85,59,1,60,FALSE,FALSE,FALSE,FALSE,TRUE
2015,4259,Ed Davis,1,82,79,3,0,0,3,1842,23.31645569620253,62,14,64,FALSE,FALSE,FALSE,FALSE,FALSE
2015,4260,Greg Monroe,1,71,69,2,0,0,0,2138,30.985507246376812,69,0,69,FALSE,FALSE,FALSE,FALSE,TRUE
2015,4261,Ekpe Udoh,1,77,33,44,0,0,44,131,3.9696969696969697,0,0,0,FALSE,FALSE,FALSE,FALSE,FALSE
2015,4262,Hassan Whiteside,2,65,48,17,0,0,15,1144,23.833333333333332,35,6,37,FALSE,FALSE,FALSE,FALSE,FALSE
2015,4264,Patrick Patterson,1,81,81,0,0,0,0,2160,26.666666666666668,79,2,81,FALSE,FALSE,FALSE,FALSE,FALSE
2015,4265,Larry Sanders,1,41,27,14,4,0,0,586,21.703703703703702,19,4,21,FALSE,FALSE,FALSE,FALSE,FALSE
2015,4267,Cole Aldrich,1,82,60,22,0,0,18,978,16.3,21,14,23,FALSE,FALSE,FALSE,FALSE,FALSE
2015,4270,Trevor Booker,1,81,79,2,1,0,1,1562,19.772151898734176,42,24,44,FALSE,FALSE,FALSE,FALSE,FALSE
2015,4274,Landry Fields,1,78,25,53,0,0,49,216,8.64,5,3,7,FALSE,FALSE,FALSE,FALSE,FALSE
2015,4280,Jerome Adolphus Jordan,1,82,44,38,0,0,38,381,8.659090909090908,5,0,5,FALSE,FALSE,FALSE,FALSE,FALSE
2015,4289,Kevin Seraphin,1,82,79,3,0,0,1,1236,15.645569620253164,17,33,19,FALSE,FALSE,FALSE,FALSE,FALSE
2015,4291,Greivis Vasquez,1,82,82,0,0,0,0,1990,24.26829268292683,58,17,60,FALSE,FALSE,FALSE,FALSE,FALSE
2015,4294,Elliot Williams,3,21,12,9,0,0,8,118,9.833333333333334,1,1,2,FALSE,FALSE,FALSE,FALSE,FALSE
2015,4295,Jeremy Evans,1,82,37,45,0,0,41,265,7.162162162162162,1,4,3,FALSE,FALSE,FALSE,FALSE,FALSE
2015,4298,Timofey Mozgov,2,81,81,0,0,0,0,2048,25.28395061728395,66,12,68,FALSE,FALSE,FALSE,FALSE,FALSE
2015,4299,Jeremy Lin,1,82,74,8,0,0,1,1910,25.81081081081081,65,9,67,FALSE,FALSE,FALSE,FALSE,FALSE
2015,4300,Gary Neal,2,67,54,13,0,0,4,1193,22.09259259259259,34,16,36,FALSE,FALSE,FALSE,FALSE,FALSE
2015,4303,Donald Sloan,1,81,53,28,0,0,28,1113,21,33,5,35,FALSE,FALSE,FALSE,FALSE,FALSE
2015,4305,Ish Smith,2,75,53,22,0,0,19,833,15.716981132075471,23,2,25,FALSE,FALSE,FALSE,FALSE,FALSE
2015,4321,Elijah Millsap,1,48,47,1,0,0,1,924,19.659574468085108,24,9,26,FALSE,FALSE,FALSE,FALSE,FALSE
2015,4335,Jeff Adrien,1,19,17,2,0,0,2,215,12.647058823529411,1,5,3,FALSE,FALSE,FALSE,FALSE,FALSE
2015,434,Andrei Kirilenko,1,9,7,2,0,0,2,37,5.285714285714286,0,0,0,FALSE,FALSE,FALSE,FALSE,FALSE
2015,4385,Mirza Teletovic,1,41,40,1,0,0,0,894,22.35,27,8,29,FALSE,FALSE,FALSE,FALSE,FALSE
2015,510,Shawn Marion,1,72,57,15,2,0,11,1102,19.333333333333332,30,13,32,FALSE,FALSE,FALSE,FALSE,FALSE
2015,515,Kenyon Martin,1,16,11,5,0,0,3,106,9.636363636363637,1,2,3,FALSE,FALSE,FALSE,FALSE,FALSE
2015,557,Andre Miller,2,84,81,3,0,0,3,1252,15.45679012345679,21,17,23,FALSE,FALSE,FALSE,FALSE,FALSE
2015,558,Mike Miller,1,75,52,23,0,0,22,700,13.461538461538462,14,7,16,FALSE,FALSE,FALSE,FALSE,FALSE
2015,568,Nazr Mohammed,1,82,23,59,0,0,59,131,5.695652173913044,1,1,2,FALSE,FALSE,FALSE,FALSE,FALSE
2015,592,Steve Nash,1,1,0,1,0,0,1,0,0,0,0,0,TRUE,FALSE,FALSE,FALSE,FALSE
2015,609,Dirk Nowitzki,2,83,78,5,0,4,1,2297,29.44871794871795,77,0,77,TRUE,TRUE,FALSE,FALSE,FALSE
2015,6156,Jeffery Taylor,1,53,29,24,0,0,20,431,14.862068965517242,11,2,13,FALSE,FALSE,FALSE,FALSE,FALSE
2015,6424,Lavoy Allen,1,78,63,15,0,0,13,1066,16.92063492063492,26,14,28,FALSE,FALSE,FALSE,FALSE,FALSE
2015,6427,Bismack Biyombo,1,74,64,10,0,0,7,1240,19.375,27,15,29,FALSE,FALSE,FALSE,FALSE,FALSE
2015,6429,Alec Burks,1,27,27,0,0,0,0,899,33.2962962962963,27,0,27,FALSE,FALSE,FALSE,FALSE,FALSE
2015,6430,Jimmy Butler,2,67,66,1,0,0,0,2524,38.24242424242424,65,0,65,FALSE,FALSE,FALSE,FALSE,TRUE
2015,6431,Norris Cole,2,77,75,2,0,0,1,1830,24.4,59,10,61,FALSE,FALSE,FALSE,FALSE,FALSE
2015,6433,Kenneth Faried,1,81,75,6,3,0,2,2085,27.8,70,4,72,FALSE,FALSE,FALSE,FALSE,FALSE
2015,6434,Jimmer Fredette,1,82,45,37,0,0,32,509,11.311111111111112,7,7,9,FALSE,FALSE,FALSE,FALSE,FALSE
2015,6436,Jordan Hamilton,2,25,14,11,0,0,9,123,8.785714285714286,2,1,3,FALSE,FALSE,FALSE,FALSE,FALSE
2015,6440,Tobias Harris,1,76,68,8,0,0,1,2367,34.80882352941177,67,1,68,FALSE,FALSE,FALSE,FALSE,TRUE
2015,6442,Kyrie Irving,2,81,76,5,0,0,1,2752,36.21052631578947,73,3,75,TRUE,FALSE,FALSE,FALSE,FALSE
2015,6443,Reggie Jackson,2,81,77,4,0,0,0,2269,29.467532467532468,67,8,69,FALSE,FALSE,FALSE,FALSE,TRUE
2015,6446,Cory Joseph,1,82,78,4,0,0,1,1444,18.512820512820515,31,17,33,FALSE,FALSE,FALSE,FALSE,FALSE
2015,6447,Enes Freedom,2,81,75,6,0,0,0,2139,28.52,69,5,71,FALSE,FALSE,FALSE,FALSE,TRUE
2015,6448,Brandon Knight,2,69,63,6,0,0,2,2040,32.38095238095238,61,1,62,FALSE,FALSE,FALSE,FALSE,TRUE
2015,6449,Malcolm Lee,1,3,1,2,0,0,2,2,2,0,0,0,FALSE,FALSE,FALSE,FALSE,FALSE
2015,6450,Kawhi Leonard,1,65,64,1,0,0,1,2031,31.734375,62,2,64,FALSE,TRUE,FALSE,FALSE,TRUE
2015,6452,Jon Leuer,1,81,63,18,0,0,18,826,13.11111111111111,10,14,12,FALSE,FALSE,FALSE,FALSE,FALSE
2015,6454,Shelvin Mack,1,73,55,18,0,0,18,833,15.145454545454545,18,12,20,FALSE,FALSE,FALSE,FALSE,FALSE
2015,6459,Nikola Mirotic,1,82,82,0,0,0,0,1658,20.21951219512195,40,18,42,FALSE,FALSE,FALSE,FALSE,FALSE
2015,6460,E'Twaun Moore,1,82,47,35,0,0,26,498,10.595744680851064,9,6,11,FALSE,FALSE,FALSE,FALSE,FALSE
2015,6461,Markieff Morris,1,82,82,0,0,0,0,2581,31.475609756097562,80,1,81,FALSE,FALSE,FALSE,FALSE,TRUE
2015,6462,Marcus Morris Sr.,1,82,81,1,0,0,0,2046,25.25925925925926,61,17,63,FALSE,FALSE,FALSE,FALSE,FALSE
2015,6463,Darius Morris,1,62,37,25,0,0,24,299,8.08108108108108,2,2,4,FALSE,FALSE,FALSE,FALSE,FALSE
2015,6464,Donatas Motiejunas,1,72,71,1,1,0,0,2040,28.732394366197184,64,5,66,FALSE,FALSE,FALSE,FALSE,TRUE
2015,6466,Chandler Parsons,1,68,66,2,2,0,0,2186,33.121212121212125,66,0,66,FALSE,FALSE,FALSE,FALSE,TRUE
2015,6468,Iman Shumpert,2,66,62,4,0,0,0,1542,24.870967741935484,52,6,54,FALSE,FALSE,FALSE,FALSE,FALSE
2015,6469,Kyle Singler,2,82,79,3,0,0,2,1741,22.037974683544302,51,19,53,FALSE,FALSE,FALSE,FALSE,FALSE
2015,6472,Isaiah Thomas,2,67,67,0,0,0,0,1726,25.761194029850746,64,3,66,FALSE,FALSE,FALSE,FALSE,FALSE
2015,6474,Tristan Thompson,1,82,82,0,0,0,0,2197,26.79268292682927,74,7,76,FALSE,FALSE,FALSE,FALSE,FALSE
2015,6475,Klay Thompson,2,80,78,2,0,0,1,2477,31.756410256410255,75,3,77,FALSE,FALSE,FALSE,FALSE,TRUE
2015,6477,Jonas Valanciunas,1,80,80,0,0,0,0,2098,26.225,71,6,73,FALSE,FALSE,FALSE,FALSE,FALSE
2015,6478,Nikola Vucevic,1,79,74,5,0,0,1,2528,34.16216216216216,73,1,74,FALSE,FALSE,FALSE,FALSE,TRUE
2015,6479,Kemba Walker,1,63,62,1,1,0,0,2118,34.16129032258065,61,1,62,FALSE,FALSE,FALSE,FALSE,TRUE
2015,6480,Derrick Williams,1,82,72,10,0,0,8,1460,20.27777777777778,36,20,38,FALSE,FALSE,FALSE,FALSE,FALSE
2015,6485,Lance Thomas,2,73,62,11,0,0,10,1491,24.048387096774192,45,11,47,FALSE,FALSE,FALSE,FALSE,FALSE
2015,6503,Dwight Buycks,1,6,6,0,0,0,0,124,20.666666666666668,4,0,4,FALSE,FALSE,FALSE,FALSE,FALSE
2015,6511,Malcolm Thomas,1,36,17,19,0,0,16,194,11.411764705882353,0,6,2,FALSE,FALSE,FALSE,FALSE,FALSE
2015,6530,Greg Smith,1,74,42,32,0,0,32,362,8.619047619047619,3,4,5,FALSE,FALSE,FALSE,FALSE,FALSE
2015,6569,Alan Anderson,1,82,74,8,0,0,0,1743,23.554054054054053,53,12,55,FALSE,FALSE,FALSE,FALSE,FALSE
2015,6576,Quincy Acy,1,82,68,14,0,0,10,1288,18.941176470588236,36,12,38,FALSE,FALSE,FALSE,FALSE,FALSE
2015,6577,Furkan Aldemir,1,59,41,18,1,0,14,541,13.195121951219512,7,10,9,FALSE,FALSE,FALSE,FALSE,FALSE
2015,6578,Harrison Barnes,1,82,82,0,0,0,0,2317,28.25609756097561,81,1,82,FALSE,FALSE,FALSE,FALSE,TRUE
2015,6579,Will Barton,2,79,58,21,0,0,21,982,16.93103448275862,25,9,27,FALSE,FALSE,FALSE,FALSE,FALSE
2015,6580,Bradley Beal,1,65,63,2,0,0,2,2109,33.476190476190474,60,1,61,FALSE,FALSE,FALSE,FALSE,TRUE
2015,6581,Jae Crowder,2,85,81,4,0,0,2,1653,20.40740740740741,47,12,49,FALSE,FALSE,FALSE,FALSE,FALSE
2015,6582,Jared Cunningham,1,34,18,16,0,0,15,90,5,0,0,0,FALSE,FALSE,FALSE,FALSE,FALSE
2015,6583,Anthony Davis,1,82,68,14,3,0,4,2460,36.1764705882353,65,0,65,TRUE,TRUE,FALSE,FALSE,FALSE
2015,6585,Andre Drummond,1,82,82,0,0,0,0,2497,30.451219512195124,79,2,81,FALSE,FALSE,FALSE,FALSE,TRUE
2015,6587,Festus Ezeli,1,63,46,17,0,0,16,504,10.956521739130435,2,10,4,FALSE,FALSE,FALSE,FALSE,FALSE
2015,6588,Evan Fournier,1,62,58,4,0,0,3,1659,28.603448275862068,47,6,49,FALSE,FALSE,FALSE,FALSE,TRUE
2015,6589,Draymond Green,1,80,79,1,0,0,1,2487,31.481012658227847,79,0,79,FALSE,FALSE,FALSE,FALSE,TRUE
2015,6590,Justin Hamilton,3,71,41,30,1,0,24,709,17.29268292682927,19,3,21,FALSE,FALSE,FALSE,FALSE,FALSE
2015,6591,Maurice Harkless,1,72,45,27,0,0,27,674,14.977777777777778,11,12,13,FALSE,FALSE,FALSE,FALSE,FALSE
2015,6592,John Henson,1,76,67,9,0,0,1,1233,18.402985074626866,28,25,30,FALSE,FALSE,FALSE,FALSE,FALSE
2015,6593,Bernard James,1,28,16,12,0,0,12,156,9.75,4,0,4,FALSE,FALSE,FALSE,FALSE,FALSE
2015,6594,John Jenkins,1,52,24,28,0,0,28,297,12.375,7,2,9,FALSE,FALSE,FALSE,FALSE,FALSE
2015,6597,Terrence Jones,1,45,33,12,7,0,1,887,26.87878787878788,28,2,30,FALSE,FALSE,FALSE,FALSE,FALSE
2015,6598,Perry Jones,1,80,41,39,0,0,23,631,15.390243902439025,16,4,18,FALSE,FALSE,FALSE,FALSE,FALSE
2015,6601,Michael Kidd-Gilchrist,1,57,55,2,0,0,0,1588,28.87272727272727,49,4,51,FALSE,FALSE,FALSE,FALSE,TRUE
2015,6602,Ognjen Kuzmic,1,37,15,22,0,0,21,71,4.733333333333333,0,0,0,FALSE,FALSE,FALSE,FALSE,FALSE
2015,6603,Jeremy Lamb,1,82,45,37,0,0,30,633,14.066666666666666,12,8,14,FALSE,FALSE,FALSE,FALSE,FALSE
2015,6605,Meyers Leonard,1,79,55,24,0,0,24,850,15.454545454545455,17,13,19,FALSE,FALSE,FALSE,FALSE,FALSE
2015,6606,Damian Lillard,2,83,83,0,0,0,0,2944,35.46987951807229,82,1,83,TRUE,TRUE,FALSE,FALSE,FALSE
2015,6607,Kendall Marshall,1,40,28,12,0,0,12,416,14.857142857142858,7,10,9,FALSE,FALSE,FALSE,FALSE,FALSE
2015,6609,Khris Middleton,1,82,79,3,0,0,3,2378,30.10126582278481,72,6,74,FALSE,FALSE,FALSE,FALSE,TRUE
2015,6610,Darius Miller,1,11,5,6,0,0,6,44,8.8,0,1,1,FALSE,FALSE,FALSE,FALSE,FALSE
2015,6611,Quincy Miller,2,30,10,20,0,0,20,120,12,2,1,3,FALSE,FALSE,FALSE,FALSE,FALSE
2015,6614,Andrew Nicholson,1,78,40,38,0,0,38,491,12.275,7,12,9,FALSE,FALSE,FALSE,FALSE,FALSE
2015,6615,Kyle O'Quinn,1,67,51,16,0,0,16,825,16.176470588235293,15,11,17,FALSE,FALSE,FALSE,FALSE,FALSE
2015,6616,Miles Plumlee,2,83,73,10,0,0,10,1195,16.36986301369863,23,22,25,FALSE,FALSE,FALSE,FALSE,FALSE
2015,6617,Austin Rivers,2,78,76,2,0,0,1,1561,20.539473684210527,40,25,42,FALSE,FALSE,FALSE,FALSE,FALSE
2015,6618,Thomas Robinson,2,79,54,25,1,0,23,798,14.777777777777779,16,11,18,FALSE,FALSE,FALSE,FALSE,FALSE
2015,6619,Terrence Ross,1,82,82,0,0,0,0,2095,25.548780487804876,69,11,71,FALSE,FALSE,FALSE,FALSE,FALSE
2015,662,Paul Pierce,1,77,73,4,0,0,1,1913,26.205479452054796,67,6,69,TRUE,FALSE,FALSE,FALSE,FALSE
2015,6620,Robert Sacre,1,82,67,15,0,0,15,1128,16.83582089552239,22,18,24,FALSE,FALSE,FALSE,FALSE,FALSE
2015,6622,Mike Scott,1,68,68,0,0,0,0,1125,16.544117647058822,20,19,22,FALSE,FALSE,FALSE,FALSE,FALSE
2015,6624,Jared Sullinger,1,58,58,0,0,0,0,1568,27.03448275862069,49,4,51,FALSE,FALSE,FALSE,FALSE,FALSE
2015,6628,Dion Waiters,2,81,80,1,0,0,1,2205,27.5625,73,3,75,FALSE,FALSE,FALSE,FALSE,FALSE
2015,6630,Tony Wroten,1,37,30,7,4,0,1,894,29.8,29,1,30,FALSE,FALSE,FALSE,FALSE,FALSE
2015,6631,Tyler Zeller,1,82,82,0,0,0,0,1729,21.085365853658537,48,22,50,FALSE,FALSE,FALSE,FALSE,FALSE
2015,6633,Robbie John Hummel,1,55,45,10,1,0,7,744,16.533333333333335,16,10,18,FALSE,FALSE,FALSE,FALSE,FALSE
2015,6634,Hollis Thompson,1,82,71,11,1,0,1,1776,25.014084507042252,56,13,58,FALSE,FALSE,FALSE,FALSE,FALSE
2015,6635,Chris Copeland,1,77,49,28,0,0,27,828,16.897959183673468,20,7,22,FALSE,FALSE,FALSE,FALSE,FALSE
2015,6637,Kent Bazemore,1,82,73,9,0,0,7,1325,18.15068493150685,31,19,33,FALSE,FALSE,FALSE,FALSE,FALSE
2015,6641,Brian Roberts,1,82,72,10,0,0,10,1332,18.5,24,21,26,FALSE,FALSE,FALSE,FALSE,FALSE
2015,6647,Henry Sims,1,82,73,9,0,0,9,1401,19.19178082191781,30,21,32,FALSE,FALSE,FALSE,FALSE,FALSE
2015,841,Jason Terry,1,82,77,5,0,0,4,1641,21.31168831168831,42,26,44,FALSE,FALSE,FALSE,FALSE,FALSE
2015,862,Hedo Turkoglu,1,82,62,20,0,0,19,705,11.370967741935484,7,8,9,FALSE,FALSE,FALSE,FALSE,FALSE
2015,91,Elton Brand,1,82,36,46,0,0,45,487,13.527777777777779,7,5,9,FALSE,FALSE,FALSE,FALSE,FALSE
2015,984,Tyson Chandler,1,78,75,3,1,2,0,2286,30.48,73,1,74,TRUE,FALSE,FALSE,FALSE,FALSE
2015,991,Samuel Dalembert,1,37,32,5,0,0,2,544,17,12,11,14,FALSE,FALSE,FALSE,FALSE,FALSE
2015,996,Pau Gasol,2,79,79,0,0,0,0,2708,34.278481012658226,79,0,79,FALSE,FALSE,FALSE,FALSE,TRUE
2016,1006,Richard Jefferson,1,82,74,8,0,0,8,1326,17.91891891891892,26,18,28,FALSE,FALSE,FALSE,FALSE,FALSE
2016,1007,Joe Johnson,2,81,81,0,0,0,0,2703,33.370370370370374,80,1,81,TRUE,FALSE,FALSE,FALSE,FALSE
2016,1015,Tony Parker,1,78,72,6,0,4,1,1979,27.48611111111111,69,3,71,TRUE,FALSE,FALSE,FALSE,FALSE
2016,1017,Zach Randolph,1,82,68,14,1,0,6,2019,29.691176470588236,66,1,67,TRUE,FALSE,FALSE,FALSE,FALSE
2016,110,Kobe Bryant,2,69,67,2,1,0,0,1887,28.16417910447761,62,3,64,TRUE,FALSE,FALSE,FALSE,FALSE
2016,1135,Chris Andersen,2,65,27,38,0,0,27,404,14.962962962962964,10,4,12,FALSE,FALSE,FALSE,FALSE,FALSE
2016,136,Vince Carter,1,82,60,22,0,0,20,1009,16.816666666666666,25,11,27,FALSE,FALSE,FALSE,FALSE,FALSE
2016,165,Jamal Crawford,1,80,79,1,0,0,1,2126,26.911392405063292,69,10,71,FALSE,FALSE,FALSE,FALSE,FALSE
2016,1705,Caron Butler,1,78,17,61,0,1,60,176,10.352941176470589,1,3,3,FALSE,FALSE,FALSE,FALSE,FALSE
2016,1708,Mike Dunleavy,1,33,31,2,0,1,0,702,22.64516129032258,21,7,23,FALSE,FALSE,FALSE,FALSE,FALSE
2016,1711,Drew Gooden,1,73,30,43,0,0,29,304,10.133333333333333,4,3,6,FALSE,FALSE,FALSE,FALSE,FALSE
2016,1713,Nene ,1,62,57,5,0,0,3,1097,19.24561403508772,26,23,28,FALSE,FALSE,FALSE,FALSE,FALSE
2016,1724,Tayshaun Prince,1,82,77,5,0,0,4,1462,18.98701298701299,39,12,41,FALSE,FALSE,FALSE,FALSE,FALSE
2016,1727,Amar'e Stoudemire,1,71,52,19,0,0,19,765,14.711538461538462,10,17,12,FALSE,FALSE,FALSE,FALSE,FALSE
2016,1765,Matt Barnes,1,82,76,6,0,0,2,2190,28.81578947368421,68,5,70,FALSE,FALSE,FALSE,FALSE,TRUE
2016,1767,Rasual Butler,1,52,46,6,0,0,6,432,9.391304347826088,3,7,5,FALSE,FALSE,FALSE,FALSE,FALSE
2016,1781,Luis Scola,1,81,76,5,0,2,3,1635,21.513157894736842,50,22,52,FALSE,FALSE,FALSE,FALSE,FALSE
2016,1966,LeBron James,2,81,77,4,0,2,2,2730,35.45454545454545,77,0,77,TRUE,TRUE,FALSE,FALSE,FALSE
2016,1975,Carmelo Anthony,2,82,73,9,1,1,1,2552,34.95890410958904,72,1,73,TRUE,FALSE,FALSE,FALSE,FALSE
2016,1977,Chris Bosh,1,53,53,0,0,0,0,1778,33.54716981132076,53,0,53,TRUE,FALSE,FALSE,FALSE,FALSE
2016,1978,Nick Collison,1,82,59,23,0,0,23,700,11.864406779661017,4,17,6,FALSE,FALSE,FALSE,FALSE,FALSE
2016,1981,Kirk Hinrich,2,73,46,27,1,0,21,630,13.695652173913043,9,9,11,FALSE,FALSE,FALSE,FALSE,FALSE
2016,1982,Chris Kaman,1,76,16,60,0,0,60,113,7.0625,2,1,3,FALSE,FALSE,FALSE,FALSE,FALSE
2016,1987,Dwyane Wade,2,82,75,7,3,0,0,2281,30.413333333333334,74,1,75,TRUE,FALSE,FALSE,FALSE,FALSE
2016,1994,Steve Blake,1,82,58,24,0,0,24,987,17.017241379310345,14,31,16,FALSE,FALSE,FALSE,FALSE,FALSE
2016,1996,Matt Bonner,1,43,26,17,0,0,12,206,7.923076923076923,2,1,3,FALSE,FALSE,FALSE,FALSE,FALSE
2016,2008,Dahntay Jones,1,1,1,0,0,0,0,42,42,1,0,1,FALSE,FALSE,FALSE,FALSE,FALSE
2016,2009,James Jones,1,82,47,35,0,0,34,465,9.893617021276595,1,9,3,FALSE,FALSE,FALSE,FALSE,FALSE
2016,2011,Kyle Korver,1,80,80,0,0,0,0,2402,30.025,78,2,80,TRUE,FALSE,FALSE,FALSE,FALSE
2016,2016,Zaza Pachulia,1,79,76,3,0,1,2,2005,26.38157894736842,61,8,63,FALSE,FALSE,FALSE,FALSE,FALSE
2016,2018,Kendrick Perkins,1,66,37,29,0,0,27,542,14.64864864864865,7,16,9,FALSE,FALSE,FALSE,FALSE,FALSE
2016,215,Tim Duncan,1,63,61,2,0,0,1,1535,25.16393442622951,53,5,55,TRUE,TRUE,FALSE,FALSE,FALSE
2016,2166,Leandro Barbosa,1,74,68,6,1,0,1,1079,15.867647058823529,16,24,18,FALSE,FALSE,FALSE,FALSE,FALSE
2016,2167,Boris Diaw,1,76,76,0,0,0,0,1383,18.19736842105263,30,28,32,FALSE,FALSE,FALSE,FALSE,FALSE
2016,2177,David West,1,81,78,3,0,1,2,1408,18.05128205128205,25,30,27,FALSE,FALSE,FALSE,FALSE,FALSE
2016,2178,Mo Williams,1,60,41,19,4,0,13,748,18.24390243902439,18,5,20,FALSE,FALSE,FALSE,FALSE,FALSE
2016,2184,Udonis Haslem,1,82,37,45,0,0,45,259,7,2,3,4,FALSE,FALSE,FALSE,FALSE,FALSE
2016,2232862,Alex Stepheson,2,16,8,8,0,0,8,72,9,1,1,2,FALSE,FALSE,FALSE,FALSE,FALSE
2016,2284101,Justin Holiday,2,71,52,19,0,0,18,769,14.788461538461538,13,13,15,FALSE,FALSE,FALSE,FALSE,FALSE
2016,2309097,Damjan Rudez,1,71,33,38,0,0,38,278,8.424242424242424,1,4,3,FALSE,FALSE,FALSE,FALSE,FALSE
2016,2325975,Chris Johnson,1,82,69,13,0,0,12,857,12.420289855072463,13,15,15,FALSE,FALSE,FALSE,FALSE,FALSE
2016,2326015,Willie Reed,1,58,39,19,0,0,16,426,10.923076923076923,3,4,5,FALSE,FALSE,FALSE,FALSE,FALSE
2016,2326307,Seth Curry,1,80,44,36,0,0,33,694,15.772727272727273,17,4,19,FALSE,FALSE,FALSE,FALSE,FALSE
2016,2327449,Jorge Gutierrez,1,28,12,16,0,0,16,64,5.333333333333333,0,1,1,FALSE,FALSE,FALSE,FALSE,FALSE
2016,2327577,JaMychal Green,1,82,78,4,0,0,4,1443,18.5,35,12,37,FALSE,FALSE,FALSE,FALSE,FALSE
2016,2333797,Jeff Withey,1,76,51,25,0,0,25,657,12.882352941176471,12,7,14,FALSE,FALSE,FALSE,FALSE,FALSE
2016,2367,Tony Allen,1,82,64,18,0,0,16,1622,25.34375,49,9,51,FALSE,TRUE,FALSE,FALSE,FALSE
2016,2382,Devin Harris,1,67,64,3,0,0,0,1277,19.953125,36,17,38,FALSE,FALSE,FALSE,FALSE,FALSE
2016,2384,Dwight Howard,1,82,71,11,0,4,1,2281,32.12676056338028,70,0,70,TRUE,FALSE,FALSE,FALSE,FALSE
2016,2386,Andre Iguodala,1,68,65,3,0,1,1,1736,26.70769230769231,59,5,61,FALSE,FALSE,FALSE,FALSE,FALSE
2016,2389,Al Jefferson,1,53,47,6,0,0,1,1096,23.319148936170212,37,9,39,TRUE,FALSE,FALSE,FALSE,FALSE
2016,2393,Shaun Livingston,1,80,78,2,0,0,2,1512,19.384615384615383,34,40,36,FALSE,FALSE,FALSE,FALSE,FALSE
2016,2394,Kevin Martin,2,76,55,21,1,0,13,1093,19.87272727272727,26,11,28,FALSE,FALSE,FALSE,FALSE,FALSE
2016,2411,Josh Smith,2,80,55,25,0,0,25,878,15.963636363636363,12,22,14,FALSE,FALSE,FALSE,FALSE,FALSE
2016,2419,Anderson Varejao,2,80,53,27,0,0,27,494,9.320754716981131,1,4,3,FALSE,FALSE,FALSE,FALSE,FALSE
2016,2421,Sasha Vujacic,1,82,60,22,0,0,21,909,15.15,20,10,22,FALSE,FALSE,FALSE,FALSE,FALSE
2016,2423,Dorell Wright,1,2,0,2,0,0,2,0,0,0,0,0,FALSE,FALSE,FALSE,FALSE,FALSE
2016,2426,Trevor Ariza,1,82,81,1,0,0,0,2860,35.30864197530864,80,0,80,FALSE,TRUE,FALSE,FALSE,TRUE
2016,2429,Luol Deng,1,76,74,2,0,0,0,2395,32.36486486486486,74,0,74,TRUE,FALSE,FALSE,FALSE,FALSE
2016,2433,Kris Humphries,3,60,53,7,0,0,3,836,15.773584905660377,13,15,15,FALSE,FALSE,FALSE,FALSE,FALSE
2016,2439,Jameer Nelson,1,69,39,30,3,0,26,1038,26.615384615384617,33,5,35,FALSE,FALSE,FALSE,FALSE,FALSE
2016,2444,JR Smith,1,81,77,4,1,0,2,2367,30.74025974025974,73,3,75,FALSE,FALSE,FALSE,FALSE,TRUE
2016,2448,Beno Udrih,2,59,44,15,2,0,8,708,16.09090909090909,12,14,14,FALSE,FALSE,FALSE,FALSE,FALSE
2016,2488651,Ryan Kelly,1,74,36,38,0,0,38,469,13.027777777777779,10,6,12,FALSE,FALSE,FALSE,FALSE,FALSE
2016,2488653,Mason Plumlee,1,82,82,0,0,0,0,2087,25.451219512195124,76,6,78,FALSE,FALSE,FALSE,FALSE,FALSE
2016,2488684,Erick Green,2,12,9,3,0,0,3,42,4.666666666666667,0,0,0,FALSE,FALSE,FALSE,FALSE,FALSE
2016,2488689,Sean Kilpatrick,2,34,29,5,0,0,3,613,21.137931034482758,21,4,23,FALSE,FALSE,FALSE,FALSE,FALSE
2016,2488721,Lamar Patterson,1,51,35,16,0,0,16,394,11.257142857142858,6,5,8,FALSE,FALSE,FALSE,FALSE,FALSE
2016,2488845,Cory Jefferson,1,24,6,18,0,0,15,50,8.333333333333334,0,1,1,FALSE,FALSE,FALSE,FALSE,FALSE
2016,2488945,Tim Frazier,2,70,48,22,0,0,19,742,15.458333333333334,19,4,21,FALSE,FALSE,FALSE,FALSE,FALSE
2016,2488958,Solomon Hill,1,82,59,23,0,0,23,869,14.728813559322035,18,12,20,FALSE,FALSE,FALSE,FALSE,FALSE
2016,2488999,CJ Wilcox,1,39,22,17,0,0,16,167,7.590909090909091,2,1,3,FALSE,FALSE,FALSE,FALSE,FALSE
2016,2489530,Troy Daniels,1,79,43,36,0,0,36,478,11.116279069767442,7,6,9,FALSE,FALSE,FALSE,FALSE,FALSE
2016,2489663,Kelly Olynyk,1,70,69,1,0,0,0,1396,20.231884057971016,37,20,39,FALSE,FALSE,FALSE,FALSE,FALSE
2016,2489716,Matthew Dellavedova,1,77,76,1,0,0,0,1869,24.592105263157894,64,9,66,FALSE,FALSE,FALSE,FALSE,FALSE
2016,2489785,Ian Clark,1,78,66,12,0,0,12,579,8.772727272727273,6,6,8,FALSE,FALSE,FALSE,FALSE,FALSE
2016,2490089,Mike Muscala,1,80,58,22,0,0,20,567,9.775862068965518,5,8,7,FALSE,FALSE,FALSE,FALSE,FALSE
2016,2490149,CJ McCollum,1,80,80,0,0,0,0,2776,34.7,80,0,80,FALSE,FALSE,FALSE,FALSE,TRUE
2016,2490589,Isaiah Canaan,1,82,77,5,0,0,1,1968,25.558441558441558,63,10,65,FALSE,FALSE,FALSE,FALSE,FALSE
2016,2490620,Robert Covington,1,82,67,15,1,0,2,1902,28.388059701492537,59,4,61,FALSE,FALSE,FALSE,FALSE,TRUE
2016,2491063,Shayne Whittington,1,14,7,7,0,0,7,41,5.857142857142857,1,0,1,FALSE,FALSE,FALSE,FALSE,FALSE
2016,25,Metta World Peace,1,58,35,23,0,0,23,588,16.8,9,13,11,FALSE,FALSE,FALSE,FALSE,FALSE
2016,2527963,Victor Oladipo,1,76,72,4,2,0,0,2382,33.083333333333336,68,2,70,FALSE,FALSE,FALSE,FALSE,TRUE
2016,2527968,Devyn Marble,1,52,28,24,0,0,24,249,8.892857142857142,4,4,6,FALSE,FALSE,FALSE,FALSE,FALSE
2016,2528210,Tim Hardaway Jr.,1,62,51,11,0,0,11,863,16.92156862745098,15,16,17,FALSE,FALSE,FALSE,FALSE,FALSE
2016,2528244,Duje Dukan,1,10,1,9,0,0,8,24,24,1,0,1,FALSE,FALSE,FALSE,FALSE,FALSE
2016,2528353,Tony Snell,1,82,64,18,0,0,18,1300,20.3125,34,15,36,FALSE,FALSE,FALSE,FALSE,FALSE
2016,2528354,Cameron Bairstow,1,62,18,44,1,0,43,103,5.722222222222222,0,1,1,FALSE,FALSE,FALSE,FALSE,FALSE
2016,2528374,J.J. O'Brien,1,5,2,3,0,0,3,6,3,0,0,0,FALSE,FALSE,FALSE,FALSE,FALSE
2016,2528386,Joe Young,1,81,41,40,0,0,39,384,9.365853658536585,3,7,5,FALSE,FALSE,FALSE,FALSE,FALSE
2016,2528393,Tarik Black,1,61,39,22,0,0,22,495,12.692307692307692,4,13,6,FALSE,FALSE,FALSE,FALSE,FALSE
2016,2528426,Jordan Clarkson,1,79,79,0,0,0,0,2556,32.35443037974684,79,0,79,FALSE,FALSE,FALSE,FALSE,TRUE
2016,2528447,Ray McCallum,2,52,40,12,0,0,11,473,11.825,10,5,12,FALSE,FALSE,FALSE,FALSE,FALSE
2016,2528588,Doug McDermott,1,82,81,1,1,0,0,1860,22.962962962962962,61,12,63,FALSE,FALSE,FALSE,FALSE,FALSE
2016,2528779,Reggie Bullock,1,81,37,44,0,0,43,427,11.54054054054054,9,5,11,FALSE,FALSE,FALSE,FALSE,FALSE
2016,2528787,Lorenzo Brown,2,14,8,6,0,0,5,60,7.5,1,0,1,FALSE,FALSE,FALSE,FALSE,FALSE
2016,2528794,Joe Harris,1,15,5,10,0,0,10,15,3,0,0,0,FALSE,FALSE,FALSE,FALSE,FALSE
2016,2528803,Jarell Eddie,1,45,25,20,0,0,19,146,5.84,2,1,3,FALSE,FALSE,FALSE,FALSE,FALSE
2016,2530276,Tyler Johnson,1,51,36,15,0,0,3,862,23.944444444444443,27,7,29,FALSE,FALSE,FALSE,FALSE,FALSE
2016,2530530,T.J. McConnell,1,82,81,1,0,0,0,1609,19.864197530864196,38,32,40,FALSE,FALSE,FALSE,FALSE,FALSE
2016,2530572,Langston Galloway,1,82,82,0,0,0,0,2032,24.78048780487805,68,11,70,FALSE,FALSE,FALSE,FALSE,FALSE
2016,2530596,Andre Roberson,1,71,70,1,0,0,1,1552,22.17142857142857,47,17,49,FALSE,FALSE,FALSE,FALSE,FALSE
2016,2530722,Phil Pressey,2,27,22,5,0,0,4,287,13.045454545454545,3,6,5,FALSE,FALSE,FALSE,FALSE,FALSE
2016,2530750,Markel Brown,1,82,61,21,0,0,20,988,16.19672131147541,24,9,26,FALSE,FALSE,FALSE,FALSE,FALSE
2016,2530780,Shabazz Napier,1,75,55,20,0,0,20,599,10.89090909090909,5,12,7,FALSE,FALSE,FALSE,FALSE,FALSE
2016,2531038,Russ Smith,1,31,14,17,0,0,16,64,4.571428571428571,0,0,0,FALSE,FALSE,FALSE,FALSE,FALSE
2016,2531047,Jerian Grant,1,82,75,7,0,0,6,1261,16.813333333333333,26,18,28,FALSE,FALSE,FALSE,FALSE,FALSE
2016,2531054,Bryce Cotton,2,15,6,9,0,0,7,39,6.5,1,0,1,FALSE,FALSE,FALSE,FALSE,FALSE
2016,2531097,Keith Appling,1,11,5,6,0,0,6,27,5.4,0,0,0,FALSE,FALSE,FALSE,FALSE,FALSE
2016,2531100,Adreian Payne,1,78,52,26,0,0,26,486,9.346153846153847,3,7,5,FALSE,FALSE,FALSE,FALSE,FALSE
2016,2531210,Allen Crabbe,1,81,81,0,0,0,0,2111,26.061728395061728,74,6,76,FALSE,FALSE,FALSE,FALSE,FALSE
2016,2531352,Eric Moreland,1,28,8,20,0,0,19,46,5.75,0,0,0,FALSE,FALSE,FALSE,FALSE,FALSE
2016,2531362,Anthony Brown,1,44,29,15,0,0,15,596,20.551724137931036,20,2,22,FALSE,FALSE,FALSE,FALSE,FALSE
2016,2531364,Josh Huestis,1,11,5,6,0,0,6,55,11,1,1,2,FALSE,FALSE,FALSE,FALSE,FALSE
2016,2531367,Dwight Powell,1,82,68,14,0,0,13,996,14.647058823529411,20,13,22,FALSE,FALSE,FALSE,FALSE,FALSE
2016,2531797,Jordan McRae,2,33,20,13,0,0,11,195,9.75,2,3,4,FALSE,FALSE,FALSE,FALSE,FALSE
2016,2534781,Gorgui Dieng,1,82,82,0,0,0,0,2222,27.097560975609756,68,11,70,FALSE,FALSE,FALSE,FALSE,FALSE
2016,2566741,KJ McDaniels,1,67,34,33,0,0,29,235,6.911764705882353,0,5,2,FALSE,FALSE,FALSE,FALSE,FALSE
2016,2578213,Ben McLemore,1,81,68,13,1,0,3,1444,21.235294117647058,38,19,40,FALSE,FALSE,FALSE,FALSE,FALSE
2016,2578239,Pat Connaughton,1,82,32,50,0,0,48,145,4.53125,1,0,1,FALSE,FALSE,FALSE,FALSE,FALSE
2016,2578259,Darrun Hilliard,1,81,37,44,0,0,43,385,10.405405405405405,6,2,8,FALSE,FALSE,FALSE,FALSE,FALSE
2016,2579258,Cody Zeller,1,78,73,5,0,0,1,1773,24.28767123287671,58,11,60,FALSE,FALSE,FALSE,FALSE,FALSE
2016,2579260,Trey Burke,1,82,64,18,0,0,15,1362,21.28125,40,12,42,FALSE,FALSE,FALSE,FALSE,FALSE
2016,2579294,Frank Kaminsky,1,82,81,1,0,0,1,1713,21.14814814814815,48,23,50,FALSE,FALSE,FALSE,FALSE,FALSE
2016,2579321,James Ennis III,3,43,21,22,0,0,21,328,15.619047619047619,9,0,9,FALSE,FALSE,FALSE,FALSE,FALSE
2016,2579326,Alan Williams,1,19,10,9,0,0,9,67,6.7,1,0,1,FALSE,FALSE,FALSE,FALSE,FALSE
2016,2579466,Jonathon Simmons,1,63,55,8,0,0,8,811,14.745454545454546,14,15,16,FALSE,FALSE,FALSE,FALSE,FALSE
2016,2580365,Larry Nance Jr.,1,67,63,4,0,0,4,1268,20.126984126984127,33,23,35,FALSE,FALSE,FALSE,FALSE,FALSE
2016,2580782,Spencer Dinwiddie,1,39,12,27,0,0,27,159,13.25,3,3,5,FALSE,FALSE,FALSE,FALSE,FALSE
2016,2580913,Dewayne Dedmon,1,80,58,22,0,0,22,709,12.224137931034482,11,12,13,FALSE,FALSE,FALSE,FALSE,FALSE
2016,2581018,Kentavious Caldwell-Pope,1,81,76,5,0,0,1,2789,36.69736842105263,75,1,76,FALSE,FALSE,FALSE,FALSE,TRUE
2016,2581084,Johnny O'Bryant III,1,82,65,17,0,0,16,860,13.23076923076923,10,23,12,FALSE,FALSE,FALSE,FALSE,FALSE
2016,2581177,Rodney Hood,1,81,79,2,0,0,0,2545,32.21518987341772,77,1,78,FALSE,FALSE,FALSE,FALSE,TRUE
2016,2581190,Josh Richardson,1,73,52,21,0,0,21,1105,21.25,33,2,35,FALSE,FALSE,FALSE,FALSE,FALSE
2016,2583639,Elfrid Payton,1,82,73,9,3,0,3,2144,29.36986301369863,66,5,68,FALSE,FALSE,FALSE,FALSE,TRUE
2016,2594816,P.J. Hairston,2,75,66,9,0,0,3,1313,19.893939393939394,32,24,34,FALSE,FALSE,FALSE,FALSE,FALSE
2016,2594818,James Michael McAdoo,1,59,39,20,1,0,15,263,6.743589743589744,0,4,2,FALSE,FALSE,FALSE,FALSE,FALSE
2016,2594922,Otto Porter Jr.,1,82,75,7,0,0,0,2272,30.293333333333333,69,5,71,FALSE,FALSE,FALSE,FALSE,TRUE
2016,2595211,Branden Dawson,1,14,6,8,0,0,8,28,4.666666666666667,0,0,0,FALSE,FALSE,FALSE,FALSE,FALSE
2016,2595229,Briante Weber,2,9,7,2,0,0,2,170,24.285714285714285,4,1,5,FALSE,FALSE,FALSE,FALSE,FALSE
2016,2595516,Norman Powell,1,75,49,26,0,0,26,729,14.877551020408163,19,3,21,FALSE,FALSE,FALSE,FALSE,FALSE
2016,2596107,Alex Len,1,82,78,4,0,0,0,1820,23.333333333333332,49,15,51,FALSE,FALSE,FALSE,FALSE,FALSE
2016,2596108,Michael Carter-Williams,1,69,54,15,0,0,0,1649,30.537037037037038,53,1,54,FALSE,FALSE,FALSE,FALSE,TRUE
2016,2596110,Rakeem Christmas,1,4,1,3,0,0,3,6,6,0,0,0,FALSE,FALSE,FALSE,FALSE,FALSE
2016,2596158,Shane Larkin,1,82,78,4,0,0,0,1752,22.46153846153846,52,19,54,FALSE,FALSE,FALSE,FALSE,FALSE
2016,2608891,JaKarr Sampson,2,79,73,6,0,0,4,1166,15.972602739726028,22,19,24,FALSE,FALSE,FALSE,FALSE,FALSE
2016,261,Kevin Garnett,1,40,38,2,0,0,1,558,14.68421052631579,5,17,7,TRUE,FALSE,FALSE,FALSE,FALSE
2016,2614962,Jarnell Stokes,2,22,7,15,0,0,15,18,2.5714285714285716,0,0,0,FALSE,FALSE,FALSE,FALSE,FALSE
2016,272,Manu Ginobili,1,59,58,1,0,0,1,1137,19.603448275862068,28,25,30,FALSE,FALSE,FALSE,FALSE,FALSE
2016,2745,Brandon Bass,1,80,66,14,0,0,12,1342,20.333333333333332,37,19,39,FALSE,FALSE,FALSE,FALSE,FALSE
2016,2747,Andrew Bogut,1,75,70,5,2,0,1,1452,20.742857142857144,40,22,42,FALSE,TRUE,FALSE,FALSE,FALSE
2016,2751,Monta Ellis,1,82,81,1,0,0,1,2733,33.74074074074074,80,1,81,FALSE,FALSE,FALSE,FALSE,TRUE
2016,2753,Raymond Felton,1,81,80,1,0,0,0,2190,27.375,68,10,70,FALSE,FALSE,FALSE,FALSE,FALSE
2016,2754,Channing Frye,2,80,70,10,0,0,10,1196,17.085714285714285,24,20,26,FALSE,FALSE,FALSE,FALSE,FALSE
2016,2758,Marcin Gortat,1,77,75,2,0,0,1,2255,30.066666666666666,72,2,74,FALSE,FALSE,FALSE,FALSE,TRUE
2016,2761,Gerald Green,1,76,69,7,0,0,7,1557,22.565217391304348,45,13,47,FALSE,FALSE,FALSE,FALSE,FALSE
2016,2767,Ersan Ilyasova,2,84,74,10,2,0,5,1882,25.43243243243243,59,9,61,FALSE,FALSE,FALSE,FALSE,FALSE
2016,2768,Jarrett Jack,1,33,32,1,0,0,0,1027,32.09375,32,0,32,FALSE,FALSE,FALSE,FALSE,FALSE
2016,2769,Amir Johnson,1,80,79,1,0,0,0,1798,22.759493670886076,53,19,55,FALSE,FALSE,FALSE,FALSE,FALSE
2016,2772,David Lee,2,78,55,23,0,0,21,905,16.454545454545453,14,24,16,TRUE,FALSE,FALSE,FALSE,FALSE
2016,2774,Ian Mahinmi,1,79,71,8,1,0,2,1818,25.6056338028169,64,4,66,FALSE,FALSE,FALSE,FALSE,FALSE
2016,2778,CJ Miles,1,79,64,15,0,0,2,1467,22.921875,44,10,46,FALSE,FALSE,FALSE,FALSE,FALSE
2016,2779,Chris Paul,2,81,75,6,0,3,1,2444,32.586666666666666,74,1,75,TRUE,TRUE,FALSE,FALSE,FALSE
2016,2782,Nate Robinson,1,2,2,0,0,0,0,23,11.5,0,1,1,FALSE,FALSE,FALSE,FALSE,FALSE
2016,2792,Charlie Villanueva,1,81,59,22,0,0,19,664,11.254237288135593,10,5,12,FALSE,FALSE,FALSE,FALSE,FALSE
2016,2797,Marvin Williams,1,82,81,1,0,0,0,2339,28.876543209876544,76,4,78,FALSE,FALSE,FALSE,FALSE,TRUE
2016,2798,Deron Williams,1,76,65,11,1,1,1,2107,32.41538461538462,64,0,64,FALSE,FALSE,FALSE,FALSE,TRUE
2016,2799,Lou Williams,1,74,67,7,0,0,7,1911,28.52238805970149,63,3,65,FALSE,FALSE,FALSE,FALSE,TRUE
2016,2806,Jose Calderon,1,73,72,1,0,0,0,2026,28.13888888888889,64,6,66,FALSE,FALSE,FALSE,FALSE,TRUE
2016,2807,Ronnie Price,1,71,62,9,0,0,0,1210,19.516129032258064,30,13,32,FALSE,FALSE,FALSE,FALSE,FALSE
2016,2834,Chuck Hayes,1,5,2,3,0,0,3,24,12,0,1,1,FALSE,FALSE,FALSE,FALSE,FALSE
2016,2959745,Sergey Karasev,1,81,40,41,1,0,34,405,10.125,7,4,9,FALSE,FALSE,FALSE,FALSE,FALSE
2016,2959753,Joffrey Lauvergne,1,78,59,19,2,0,11,1044,17.694915254237287,24,17,26,FALSE,FALSE,FALSE,FALSE,FALSE
2016,2968361,Raul Neto,1,82,81,1,0,0,1,1501,18.530864197530864,35,19,37,FALSE,FALSE,FALSE,FALSE,FALSE
2016,2968363,Marcelinho Huertas,1,82,53,29,0,0,29,866,16.339622641509433,17,10,19,FALSE,FALSE,FALSE,FALSE,FALSE
2016,2968436,Joe Ingles,1,82,80,2,0,0,0,1240,15.5,22,22,24,FALSE,FALSE,FALSE,FALSE,FALSE
2016,2968439,Aron Baynes,1,82,81,1,0,0,1,1241,15.320987654320987,14,22,16,FALSE,FALSE,FALSE,FALSE,FALSE
2016,2968458,Salah Mejri,1,53,33,20,0,0,19,397,12.030303030303031,6,4,8,FALSE,FALSE,FALSE,FALSE,FALSE
2016,2982334,T.J. Warren,1,48,47,1,0,0,1,1065,22.659574468085108,33,8,35,FALSE,FALSE,FALSE,FALSE,FALSE
2016,2982340,Justin Anderson,1,73,55,18,0,0,18,644,11.709090909090909,12,5,14,FALSE,FALSE,FALSE,FALSE,FALSE
2016,2983,LaMarcus Aldridge,2,78,75,3,0,2,1,2274,30.32,71,3,73,TRUE,TRUE,FALSE,FALSE,FALSE
2016,2983512,Xavier Munford,1,15,14,1,0,0,1,246,17.571428571428573,6,2,8,FALSE,FALSE,FALSE,FALSE,FALSE
2016,2983727,RJ Hunter,1,66,36,30,1,0,29,319,8.86111111111111,2,5,4,FALSE,FALSE,FALSE,FALSE,FALSE
2016,2987,Andrea Bargnani,1,51,46,5,0,0,3,634,13.782608695652174,10,10,12,FALSE,FALSE,FALSE,FALSE,FALSE
2016,2990992,Marcus Smart,1,61,61,0,0,0,0,1666,27.311475409836067,59,0,59,FALSE,FALSE,FALSE,FALSE,FALSE
2016,2991039,Glenn Robinson III,1,79,45,34,0,0,34,511,11.355555555555556,5,8,7,FALSE,FALSE,FALSE,FALSE,FALSE
2016,2991041,Mitch McGary,1,46,19,27,0,0,26,72,3.789473684210526,0,0,0,FALSE,FALSE,FALSE,FALSE,FALSE
2016,2991042,Nik Stauskas,1,80,73,7,0,0,4,1810,24.794520547945204,57,8,59,FALSE,FALSE,FALSE,FALSE,FALSE
2016,2991055,Montrezl Harrell,1,63,39,24,1,0,23,378,9.692307692307692,4,4,6,FALSE,FALSE,FALSE,FALSE,FALSE
2016,2991070,Jerami Grant,1,82,77,5,0,0,1,2068,26.857142857142858,70,5,72,FALSE,FALSE,FALSE,FALSE,FALSE
2016,2991134,Coty Clarke,1,6,2,4,0,0,2,6,3,0,0,0,FALSE,FALSE,FALSE,FALSE,FALSE
2016,2991184,Sam Dekker,1,21,2,19,7,0,9,6,3,0,0,0,FALSE,FALSE,FALSE,FALSE,FALSE
2016,2991227,Cleanthony Early,1,21,14,7,0,0,4,152,10.857142857142858,3,2,5,FALSE,FALSE,FALSE,FALSE,FALSE
2016,2991235,Steven Adams,1,82,80,2,0,0,0,2019,25.2375,72,3,74,FALSE,FALSE,FALSE,FALSE,FALSE
2016,2991280,Nerlens Noel,1,82,67,15,2,0,0,1963,29.29850746268657,62,5,64,FALSE,TRUE,FALSE,FALSE,TRUE
2016,2991281,Archie Goodwin,1,82,57,25,0,0,24,1113,19.526315789473685,28,6,30,FALSE,FALSE,FALSE,FALSE,FALSE
2016,2991282,Willie Cauley-Stein,1,71,66,5,4,0,0,1411,21.37878787878788,39,13,41,FALSE,FALSE,FALSE,FALSE,FALSE
2016,2991473,Anthony Bennett,1,48,19,29,0,0,29,85,4.473684210526316,0,1,1,FALSE,FALSE,FALSE,FALSE,FALSE
2016,2991475,Bryce Dejean-Jones,1,20,14,6,3,0,0,280,20,8,2,10,FALSE,FALSE,FALSE,FALSE,FALSE
2016,2993370,Richaun Holmes,1,80,51,29,13,0,9,702,13.764705882352942,7,19,9,FALSE,FALSE,FALSE,FALSE,FALSE
2016,2993873,Jordan Adams,1,19,2,17,0,0,8,15,7.5,0,0,0,FALSE,FALSE,FALSE,FALSE,FALSE
2016,2993874,Kyle Anderson,1,82,78,4,1,0,3,1247,15.987179487179487,25,19,27,FALSE,FALSE,FALSE,FALSE,FALSE
2016,2993875,Shabazz Muhammad,1,82,82,0,0,0,0,1678,20.463414634146343,38,33,40,FALSE,FALSE,FALSE,FALSE,FALSE
2016,2995706,Mario Hezonja,1,82,79,3,0,0,3,1412,17.873417721518987,30,22,32,FALSE,FALSE,FALSE,FALSE,FALSE
2016,2999547,Gary Harris,1,79,76,3,0,0,0,2441,32.11842105263158,74,1,75,FALSE,FALSE,FALSE,FALSE,TRUE
2016,3002,Jordan Farmar,1,12,12,0,0,0,0,291,24.25,10,1,11,FALSE,FALSE,FALSE,FALSE,FALSE
2016,3003,Randy Foye,2,82,81,1,0,0,1,1640,20.246913580246915,42,24,44,FALSE,FALSE,FALSE,FALSE,FALSE
2016,3005,Rudy Gay,1,81,70,11,0,3,0,2383,34.042857142857144,69,0,69,FALSE,FALSE,FALSE,FALSE,TRUE
2016,3008,Ryan Hollins,2,45,36,9,0,0,8,461,12.805555555555555,9,3,11,FALSE,FALSE,FALSE,FALSE,FALSE
2016,3012,Kyle Lowry,2,82,78,4,0,2,2,2882,36.94871794871795,78,0,78,TRUE,FALSE,FALSE,FALSE,FALSE
2016,3015,Paul Millsap,2,82,82,0,0,0,0,2666,32.51219512195122,80,1,81,TRUE,FALSE,FALSE,FALSE,FALSE
2016,3018,Steve Novak,2,40,10,30,0,0,27,43,4.3,0,0,0,FALSE,FALSE,FALSE,FALSE,FALSE
2016,3024,JJ Redick,1,81,74,7,0,2,0,2097,28.33783783783784,71,1,72,FALSE,FALSE,FALSE,FALSE,TRUE
2016,3026,Rajon Rondo,1,81,72,9,1,4,1,2537,35.236111111111114,71,1,72,FALSE,FALSE,FALSE,FALSE,TRUE
2016,3028,Thabo Sefolosha,1,77,75,2,0,0,2,1755,23.4,57,16,59,FALSE,FALSE,FALSE,FALSE,FALSE
2016,3032976,Rudy Gobert,1,69,61,8,0,0,0,1930,31.639344262295083,58,2,60,FALSE,TRUE,FALSE,FALSE,TRUE
2016,3032977,Giannis Antetokounmpo,1,82,80,2,0,0,0,2825,35.3125,80,0,80,FALSE,FALSE,FALSE,FALSE,TRUE
2016,3032979,Dennis Schroder,1,82,80,2,0,0,2,1614,20.175,36,35,38,FALSE,FALSE,FALSE,FALSE,FALSE
2016,3032980,Lucas Nogueira,1,68,29,39,0,0,38,227,7.827586206896552,2,3,4,FALSE,FALSE,FALSE,FALSE,FALSE
2016,3033,P.J. Tucker,1,82,82,0,0,0,0,2540,30.975609756097562,76,4,78,FALSE,FALSE,FALSE,FALSE,TRUE
2016,3033031,Edy Tavares,1,28,11,17,0,0,17,72,6.545454545454546,0,1,1,FALSE,FALSE,FALSE,FALSE,FALSE
2016,3037805,Axel Toupane,1,21,21,0,0,0,0,307,14.619047619047619,4,6,6,FALSE,FALSE,FALSE,FALSE,FALSE
2016,3041,Lou Amundson,1,67,29,38,0,0,36,202,6.9655172413793105,1,0,1,FALSE,FALSE,FALSE,FALSE,FALSE
2016,3055,J.J. Barea,1,76,74,2,0,0,1,1666,22.513513513513512,50,13,52,FALSE,FALSE,FALSE,FALSE,FALSE
2016,3056600,Jabari Parker,1,78,76,2,0,1,0,2407,31.67105263157895,70,6,72,FALSE,FALSE,FALSE,FALSE,TRUE
2016,3058254,Christian Wood,1,36,16,20,0,0,18,145,9.0625,1,3,3,FALSE,FALSE,FALSE,FALSE,FALSE
2016,3059281,Tyler Ennis,1,73,46,27,1,0,24,657,14.282608695652174,15,6,17,FALSE,FALSE,FALSE,FALSE,FALSE
2016,3059319,Andrew Wiggins,1,82,81,1,0,0,1,2843,35.098765432098766,81,0,81,FALSE,FALSE,FALSE,FALSE,TRUE
2016,3064230,Cameron Payne,1,79,56,23,0,0,22,702,12.535714285714286,13,6,15,FALSE,FALSE,FALSE,FALSE,FALSE
2016,3064290,Aaron Gordon,1,79,78,1,0,0,1,1861,23.858974358974358,54,11,56,FALSE,FALSE,FALSE,FALSE,FALSE
2016,3064291,Rondae Hollis-Jefferson,1,31,29,2,0,0,1,614,21.17241379310345,18,7,20,FALSE,FALSE,FALSE,FALSE,FALSE
2016,3064440,Zach LaVine,1,82,82,0,0,0,0,2295,27.98780487804878,68,12,70,FALSE,FALSE,FALSE,FALSE,FALSE
2016,3064447,Delon Wright,1,70,26,44,0,0,43,230,8.846153846153847,6,1,7,FALSE,FALSE,FALSE,FALSE,FALSE
2016,3064482,Bobby Portis,1,82,62,20,0,0,20,1103,17.79032258064516,31,9,33,FALSE,FALSE,FALSE,FALSE,FALSE
2016,3064509,James Young,1,59,28,31,0,0,30,199,7.107142857142857,3,2,5,FALSE,FALSE,FALSE,FALSE,FALSE
2016,3064510,Aaron Harrison,1,51,21,30,0,0,30,96,4.571428571428571,0,1,1,FALSE,FALSE,FALSE,FALSE,FALSE
2016,3064514,Julius Randle,1,82,81,1,0,0,0,2287,28.234567901234566,78,3,80,FALSE,FALSE,FALSE,FALSE,TRUE
2016,3064517,Jarell Martin,1,36,27,9,0,0,7,382,14.148148148148149,8,5,10,FALSE,FALSE,FALSE,FALSE,FALSE
2016,3064520,Jordan Mickey,1,31,15,16,0,0,14,58,3.8666666666666667,0,0,0,FALSE,FALSE,FALSE,FALSE,FALSE
2016,3074752,Terry Rozier,1,64,38,26,0,0,25,309,8.131578947368421,2,5,4,FALSE,FALSE,FALSE,FALSE,FALSE
2016,3078284,Noah Vonleh,1,79,78,1,0,0,1,1173,15.038461538461538,16,24,18,FALSE,FALSE,FALSE,FALSE,FALSE
2016,3102529,Clint Capela,1,81,77,4,2,0,1,1468,19.064935064935064,33,21,35,FALSE,FALSE,FALSE,FALSE,FALSE
2016,3102530,Jusuf Nurkic,1,51,32,19,0,0,19,547,17.09375,9,13,11,FALSE,FALSE,FALSE,FALSE,FALSE
2016,3102531,Kristaps Porzingis,1,82,72,10,2,0,0,2047,28.430555555555557,68,2,70,FALSE,FALSE,FALSE,FALSE,TRUE
2016,3102533,Thanasis Antetokounmpo,1,6,2,4,0,0,3,6,3,0,0,0,FALSE,FALSE,FALSE,FALSE,FALSE
2016,3102534,Damien Inglis,1,50,20,30,0,0,30,159,7.95,2,2,4,FALSE,FALSE,FALSE,FALSE,FALSE
2016,3112335,Nikola Jokic,1,82,80,2,0,0,1,1733,21.6625,48,20,50,FALSE,FALSE,FALSE,FALSE,FALSE
2016,3113297,Bruno Caboclo,1,25,6,19,0,0,19,43,7.166666666666667,1,0,1,FALSE,FALSE,FALSE,FALSE,FALSE
2016,3113587,Cristiano Felicio,1,62,31,31,0,0,31,318,10.258064516129032,5,2,7,FALSE,FALSE,FALSE,FALSE,FALSE
2016,3133600,Cliff Alexander,1,20,8,12,0,0,11,36,4.5,0,1,1,FALSE,FALSE,FALSE,FALSE,FALSE
2016,3133603,Kelly Oubre Jr.,1,82,62,20,0,0,19,672,10.838709677419354,12,6,14,FALSE,FALSE,FALSE,FALSE,FALSE
2016,3133628,Myles Turner,1,82,60,22,0,0,6,1368,22.8,37,13,39,FALSE,FALSE,FALSE,FALSE,FALSE
2016,3134881,Stanley Johnson,1,79,73,6,0,0,3,1685,23.08219178082192,54,13,56,FALSE,FALSE,FALSE,FALSE,FALSE
2016,3135046,Tyus Jones,1,55,37,18,0,0,18,576,15.567567567567568,9,9,11,FALSE,FALSE,FALSE,FALSE,FALSE
2016,3135047,Justise Winslow,1,79,78,1,0,0,1,2237,28.67948717948718,70,6,72,FALSE,FALSE,FALSE,FALSE,TRUE
2016,3135048,Jahlil Okafor,1,61,53,8,0,0,0,1594,30.07547169811321,51,2,53,FALSE,FALSE,FALSE,FALSE,TRUE
2016,3136193,Devin Booker,1,81,76,5,0,0,5,2110,27.763157894736842,57,7,59,FALSE,FALSE,FALSE,FALSE,FALSE
2016,3136195,Karl-Anthony Towns,1,82,82,0,0,0,0,2621,31.963414634146343,80,2,82,FALSE,FALSE,FALSE,FALSE,TRUE
2016,3136196,Trey Lyles,1,82,80,2,0,0,2,1383,17.2875,29,20,31,FALSE,FALSE,FALSE,FALSE,FALSE
2016,3136776,D'Angelo Russell,1,81,80,1,0,0,0,2257,28.2125,78,0,78,FALSE,FALSE,FALSE,FALSE,TRUE
2016,3137733,Rashad Vaughn,1,79,70,9,0,0,8,1000,14.285714285714286,14,15,16,FALSE,FALSE,FALSE,FALSE,FALSE
2016,3153165,Chris McCullough,1,32,24,8,0,0,8,363,15.125,7,5,9,FALSE,FALSE,FALSE,FALSE,FALSE
2016,3155535,Kevon Looney,1,14,5,9,0,0,9,21,4.2,0,0,0,FALSE,FALSE,FALSE,FALSE,FALSE
2016,3187,Arron Afflalo,1,78,71,7,0,0,1,2367,33.33802816901409,70,1,71,FALSE,FALSE,FALSE,FALSE,TRUE
2016,3190,Marco Belinelli,1,76,68,8,0,0,2,1670,24.558823529411764,54,11,56,FALSE,FALSE,FALSE,FALSE,FALSE
2016,3191,Corey Brewer,1,82,82,0,0,0,0,1670,20.365853658536587,44,23,46,FALSE,FALSE,FALSE,FALSE,FALSE
2016,3192,Aaron Brooks,1,82,69,13,0,0,11,1111,16.10144927536232,17,29,19,FALSE,FALSE,FALSE,FALSE,FALSE
2016,3195,Mike Conley,1,65,56,9,6,0,0,1754,31.321428571428573,56,0,56,FALSE,FALSE,FALSE,FALSE,TRUE
2016,3201,Jared Dudley,1,82,81,1,0,0,1,2098,25.901234567901234,61,13,63,FALSE,FALSE,FALSE,FALSE,FALSE
2016,3202,Kevin Durant,2,76,73,3,0,0,3,2600,35.61643835616438,72,1,73,TRUE,FALSE,FALSE,FALSE,FALSE
2016,3206,Marc Gasol,1,52,52,0,0,0,0,1792,34.46153846153846,50,1,51,TRUE,TRUE,FALSE,FALSE,FALSE
2016,3209,Jeff Green,2,81,80,1,0,0,1,2258,28.225,72,7,74,FALSE,FALSE,FALSE,FALSE,TRUE
2016,3211,Spencer Hawes,1,68,57,11,0,0,7,1032,18.105263157894736,21,25,23,FALSE,FALSE,FALSE,FALSE,FALSE
2016,3213,Al Horford,2,83,83,0,0,0,0,2644,31.85542168674699,82,0,82,TRUE,FALSE,FALSE,FALSE,FALSE
2016,3217,Carl Landry,1,65,36,29,15,0,12,570,15.833333333333334,14,5,16,FALSE,FALSE,FALSE,FALSE,FALSE
2016,3220,Josh McRoberts,1,57,42,15,0,0,15,596,14.19047619047619,6,16,8,FALSE,FALSE,FALSE,FALSE,FALSE
2016,3224,Joakim Noah,1,35,29,6,0,0,1,636,21.93103448275862,19,9,21,TRUE,TRUE,FALSE,FALSE,FALSE
2016,3231,Ramon Sessions,1,82,82,0,0,0,0,1667,20.329268292682926,46,18,48,FALSE,FALSE,FALSE,FALSE,FALSE
2016,3232,Jason Smith,1,80,76,4,0,0,1,1180,15.526315789473685,18,20,20,FALSE,FALSE,FALSE,FALSE,FALSE
2016,3233,Tiago Splitter,1,37,36,1,0,0,1,579,16.083333333333332,7,17,9,FALSE,FALSE,FALSE,FALSE,FALSE
2016,3235,Rodney Stuckey,1,69,58,11,0,0,3,1275,21.982758620689655,36,17,38,FALSE,FALSE,FALSE,FALSE,FALSE
2016,3242,Brandan Wright,1,43,12,31,0,0,4,213,17.75,4,7,6,FALSE,FALSE,FALSE,FALSE,FALSE
2016,3243,Nick Young,1,73,54,19,0,0,19,1036,19.185185185185187,24,21,26,FALSE,FALSE,FALSE,FALSE,FALSE
2016,3244,Thaddeus Young,1,75,73,2,0,0,2,2413,33.054794520547944,73,0,73,FALSE,FALSE,FALSE,FALSE,TRUE
2016,3247,Joel Anthony,2,81,19,62,0,0,61,95,5,1,0,1,FALSE,FALSE,FALSE,FALSE,FALSE
2016,3276,Anthony Tolliver,1,81,72,9,4,0,3,1338,18.583333333333332,31,22,33,FALSE,FALSE,FALSE,FALSE,FALSE
2016,3277,C.J. Watson,1,41,33,8,0,0,5,655,19.848484848484848,18,9,20,FALSE,FALSE,FALSE,FALSE,FALSE
2016,3410,Alexis Ajinca,1,80,59,21,7,0,11,863,14.627118644067796,17,9,19,FALSE,FALSE,FALSE,FALSE,FALSE
2016,3412,Ryan Anderson,1,80,66,14,0,0,1,2011,30.46969696969697,65,0,65,FALSE,FALSE,FALSE,FALSE,TRUE
2016,3413,Darrell Arthur,1,80,70,10,1,0,6,1517,21.67142857142857,43,16,45,FALSE,FALSE,FALSE,FALSE,FALSE
2016,3414,Omer Asik,1,82,68,14,2,0,6,1181,17.36764705882353,28,17,30,FALSE,FALSE,FALSE,FALSE,FALSE
2016,3415,D.J. Augustin,2,82,62,20,0,0,20,1182,19.06451612903226,27,15,29,FALSE,FALSE,FALSE,FALSE,FALSE
2016,3416,Nicolas Batum,1,78,70,8,4,0,1,2453,35.042857142857144,69,1,70,FALSE,FALSE,FALSE,FALSE,TRUE
2016,3417,Jerryd Bayless,1,66,52,14,1,0,3,1506,28.96153846153846,49,1,50,FALSE,FALSE,FALSE,FALSE,TRUE
2016,3418,Michael Beasley,1,21,20,1,0,0,1,360,18,9,5,11,FALSE,FALSE,FALSE,FALSE,FALSE
2016,3419,Mario Chalmers,2,61,61,0,0,0,0,1378,22.59016393442623,40,15,42,FALSE,FALSE,FALSE,FALSE,FALSE
2016,3423,Goran Dragic,1,78,72,6,0,0,4,2362,32.80555555555556,72,0,72,TRUE,FALSE,FALSE,FALSE,FALSE
2016,3428,Danilo Gallinari,1,54,53,1,0,0,0,1837,34.660377358490564,53,0,53,FALSE,FALSE,FALSE,FALSE,TRUE
2016,3431,Eric Gordon,1,54,45,9,0,0,1,1481,32.91111111111111,43,1,44,FALSE,FALSE,FALSE,FALSE,TRUE
2016,3436,Roy Hibbert,1,81,81,0,0,0,0,1881,23.22222222222222,64,14,66,TRUE,FALSE,FALSE,FALSE,FALSE
2016,3437,JJ Hickson,2,74,35,39,0,0,39,438,12.514285714285714,8,6,10,FALSE,FALSE,FALSE,FALSE,FALSE
2016,3438,George Hill,1,82,74,8,0,0,3,2526,34.13513513513514,74,0,74,FALSE,FALSE,FALSE,FALSE,TRUE
2016,3439,Serge Ibaka,1,79,78,1,0,0,1,2504,32.1025641025641,77,1,78,FALSE,FALSE,FALSE,FALSE,TRUE
2016,3442,DeAndre Jordan,1,82,77,5,2,3,0,2600,33.76623376623377,76,1,77,TRUE,TRUE,FALSE,FALSE,FALSE
2016,3443,Sasha Kaun,1,63,22,41,0,0,37,94,4.2727272727272725,1,0,1,FALSE,FALSE,FALSE,FALSE,FALSE
2016,3444,Kosta Koufos,1,82,78,4,0,1,1,1489,19.08974358974359,32,24,34,FALSE,FALSE,FALSE,FALSE,FALSE
2016,3445,Courtney Lee,2,82,79,3,1,0,1,2339,29.60759493670886,75,3,77,FALSE,FALSE,FALSE,FALSE,TRUE
2016,3447,Robin Lopez,1,82,82,0,0,0,0,2219,27.0609756097561,67,12,69,FALSE,FALSE,FALSE,FALSE,FALSE
2016,3448,Brook Lopez,1,81,73,8,0,2,5,2459,33.68493150684932,70,3,72,TRUE,FALSE,FALSE,FALSE,FALSE
2016,3449,Kevin Love,1,82,77,5,1,0,4,2424,31.48051948051948,75,2,77,TRUE,FALSE,FALSE,FALSE,FALSE
2016,3450,O.J. Mayo,1,57,41,16,0,0,0,1088,26.536585365853657,35,2,37,FALSE,FALSE,FALSE,FALSE,FALSE
2016,3451,Luc Mbah a Moute,1,82,70,12,0,0,3,1273,18.185714285714287,35,17,37,FALSE,FALSE,FALSE,FALSE,FALSE
2016,3452,JaVale McGee,1,57,34,23,0,0,23,368,10.823529411764707,0,10,2,FALSE,FALSE,FALSE,FALSE,FALSE
2016,3453,Nikola Pekovic,1,12,12,0,0,0,0,156,13,0,5,2,FALSE,FALSE,FALSE,FALSE,FALSE
2016,3456,Derrick Rose,1,78,66,12,0,1,1,2095,31.742424242424242,64,0,64,FALSE,FALSE,FALSE,FALSE,TRUE
2016,3457,Brandon Rush,1,79,72,7,0,0,5,1050,14.583333333333334,18,19,20,FALSE,FALSE,FALSE,FALSE,FALSE
2016,3460,Marreese Speights,1,82,72,10,0,0,10,836,11.61111111111111,3,14,5,FALSE,FALSE,FALSE,FALSE,FALSE
2016,3462,Jason Thompson,2,78,47,31,0,0,31,471,10.02127659574468,8,2,10,FALSE,FALSE,FALSE,FALSE,FALSE
2016,3467,Sonny Weems,2,72,43,29,0,0,29,501,11.651162790697674,5,11,7,FALSE,FALSE,FALSE,FALSE,FALSE
2016,3468,Russell Westbrook,2,83,81,2,0,0,2,2771,34.20987654320987,80,1,81,TRUE,TRUE,FALSE,FALSE,FALSE
2016,3474,Anthony Morrow,1,81,66,15,0,0,13,928,14.06060606060606,12,15,14,FALSE,FALSE,FALSE,FALSE,FALSE
2016,3554,Omri Casspi,1,78,69,9,2,0,0,1883,27.28985507246377,65,2,67,FALSE,FALSE,FALSE,FALSE,FALSE
2016,3593,Bojan Bogdanovic,1,82,79,3,0,1,2,2114,26.759493670886076,69,9,71,FALSE,FALSE,FALSE,FALSE,FALSE
2016,3892818,Emmanuel Mudiay,1,73,68,5,0,0,4,2067,30.397058823529413,66,1,67,FALSE,FALSE,FALSE,FALSE,TRUE
2016,3911666,Luis Montero,1,26,11,15,0,0,14,42,3.8181818181818183,0,0,0,FALSE,FALSE,FALSE,FALSE,FALSE
2016,3964,Patrick Beverley,1,75,71,4,0,0,1,2038,28.704225352112676,66,2,68,FALSE,TRUE,FALSE,FALSE,TRUE
2016,3965,DeJuan Blair,1,51,28,23,0,0,21,217,7.75,2,2,4,FALSE,FALSE,FALSE,FALSE,FALSE
2016,3968,Chase Budinger,2,81,66,15,0,0,15,931,14.106060606060606,9,21,11,FALSE,FALSE,FALSE,FALSE,FALSE
2016,3970,DeMarre Carroll,1,36,26,10,0,0,0,787,30.26923076923077,23,2,25,FALSE,TRUE,FALSE,FALSE,FALSE
2016,3973,Darren Collison,1,77,74,3,0,3,0,2216,29.945945945945947,72,2,74,FALSE,FALSE,FALSE,FALSE,TRUE
2016,3974,Dante Cunningham,1,82,80,2,1,0,1,1973,24.6625,57,10,59,FALSE,FALSE,FALSE,FALSE,FALSE
2016,3975,Stephen Curry,2,83,80,3,0,0,0,2734,34.175,79,0,79,TRUE,TRUE,FALSE,FALSE,FALSE
2016,3978,DeMar DeRozan,2,82,79,3,0,1,2,2823,35.734177215189874,78,1,79,TRUE,FALSE,FALSE,FALSE,FALSE
2016,3979,Toney Douglas,1,77,61,16,0,0,16,1264,20.721311475409838,33,8,35,FALSE,FALSE,FALSE,FALSE,FALSE
2016,3981,Wayne Ellington,1,82,76,6,0,0,4,1614,21.236842105263158,46,15,48,FALSE,FALSE,FALSE,FALSE,FALSE
2016,3983,Tyreke Evans,1,39,25,14,11,0,3,765,30.6,22,2,24,FALSE,FALSE,FALSE,FALSE,FALSE
2016,3986,Taj Gibson,1,82,73,9,3,0,4,1935,26.506849315068493,62,9,64,FALSE,FALSE,FALSE,FALSE,FALSE
2016,3988,Danny Green,1,82,79,3,0,2,1,2063,26.11392405063291,70,6,72,FALSE,FALSE,FALSE,FALSE,FALSE
2016,3989,Blake Griffin,1,38,35,3,0,2,0,1171,33.457142857142856,33,2,35,TRUE,TRUE,FALSE,FALSE,FALSE
2016,3991,Tyler Hansbrough,1,82,44,38,0,0,38,346,7.863636363636363,4,3,6,FALSE,FALSE,FALSE,FALSE,FALSE
2016,3992,James Harden,2,83,83,0,0,0,0,3142,37.855421686746986,83,0,83,TRUE,TRUE,FALSE,FALSE,FALSE
2016,3993,Gerald Henderson,1,74,72,2,0,0,2,1434,19.916666666666668,41,19,43,FALSE,FALSE,FALSE,FALSE,FALSE
2016,3994,Jordan Hill,1,81,73,8,0,0,6,1509,20.671232876712327,44,16,46,FALSE,FALSE,FALSE,FALSE,FALSE
2016,3995,Jrue Holiday,1,82,65,17,1,1,6,1829,28.138461538461538,62,1,63,TRUE,FALSE,FALSE,FALSE,FALSE
2016,3997,Brandon Jennings,2,56,48,8,1,0,7,869,18.104166666666668,14,24,16,FALSE,FALSE,FALSE,FALSE,FALSE
2016,3998,Jonas Jerebko,1,79,78,1,0,0,1,1178,15.102564102564102,18,28,20,FALSE,FALSE,FALSE,FALSE,FALSE
2016,3999,James Johnson,1,73,57,16,0,1,14,924,16.210526315789473,17,21,19,FALSE,FALSE,FALSE,FALSE,FALSE
2016,4000,Ty Lawson,2,78,66,12,0,0,3,1415,21.439393939393938,34,21,36,FALSE,FALSE,FALSE,FALSE,FALSE
2016,4003,Jodie Meeks,1,9,3,6,0,0,5,44,14.666666666666666,1,0,1,FALSE,FALSE,FALSE,FALSE,FALSE
2016,4004,Patty Mills,1,82,81,1,0,1,0,1659,20.48148148148148,50,29,52,FALSE,FALSE,FALSE,FALSE,FALSE
2016,4008,Jeff Ayres,1,29,17,12,0,0,8,105,6.176470588235294,0,2,2,FALSE,FALSE,FALSE,FALSE,FALSE
2016,4011,Ricky Rubio,1,78,76,2,0,0,2,2322,30.55263157894737,76,0,76,FALSE,FALSE,FALSE,FALSE,TRUE
2016,4015,Jeff Teague,1,79,79,0,0,0,0,2257,28.569620253164558,78,1,79,TRUE,FALSE,FALSE,FALSE,FALSE
2016,4017,Marcus Thornton,3,77,61,16,0,0,12,1110,18.19672131147541,25,15,27,FALSE,FALSE,FALSE,FALSE,FALSE
2016,4023,Garrett Temple,1,82,79,3,0,0,2,1950,24.68354430379747,53,14,55,FALSE,FALSE,FALSE,FALSE,FALSE
2016,4032,Wesley Matthews,1,81,78,3,0,2,1,2642,33.87179487179487,77,1,78,FALSE,FALSE,FALSE,FALSE,TRUE
2016,4182,Pablo Prigioni,1,82,58,24,2,0,20,815,14.051724137931034,8,14,10,FALSE,FALSE,FALSE,FALSE,FALSE
2016,4195,Kostas Papanikolaou,1,32,26,6,0,0,5,294,11.307692307692308,6,0,6,FALSE,FALSE,FALSE,FALSE,FALSE
2016,4232,Alonzo Gee,1,82,72,10,7,0,1,1632,22.666666666666668,43,19,45,FALSE,FALSE,FALSE,FALSE,FALSE
2016,4237,John Wall,2,78,78,0,0,0,0,2802,35.92307692307692,77,1,78,TRUE,FALSE,FALSE,FALSE,FALSE
2016,4238,Eric Bledsoe,1,31,31,0,0,0,0,1058,34.12903225806452,30,0,30,FALSE,FALSE,FALSE,FALSE,FALSE
2016,4239,Evan Turner,1,81,81,0,0,0,0,2270,28.02469135802469,79,2,81,FALSE,FALSE,FALSE,FALSE,TRUE
2016,4240,Avery Bradley,1,78,76,2,0,0,1,2536,33.36842105263158,74,1,75,FALSE,FALSE,FALSE,FALSE,TRUE
2016,4242,James Anderson,1,82,50,32,0,0,30,720,14.4,13,12,15,FALSE,FALSE,FALSE,FALSE,FALSE
2016,4244,Lance Stephenson,2,81,69,12,0,0,12,1371,19.869565217391305,40,13,42,FALSE,FALSE,FALSE,FALSE,FALSE
2016,4247,Wesley Johnson,1,80,80,0,0,0,0,1664,20.8,47,16,49,FALSE,FALSE,FALSE,FALSE,FALSE
2016,4248,Al-Farouq Aminu,1,82,82,0,0,0,0,2342,28.5609756097561,79,3,81,FALSE,FALSE,FALSE,FALSE,TRUE
2016,4249,Gordon Hayward,1,82,80,2,0,0,0,2889,36.1125,80,0,80,FALSE,FALSE,FALSE,FALSE,TRUE
2016,4250,Luke Babbitt,1,82,46,36,1,0,31,846,18.391304347826086,21,6,23,FALSE,FALSE,FALSE,FALSE,FALSE
2016,4251,Paul George,2,83,82,1,0,0,1,2855,34.81707317073171,82,0,82,TRUE,FALSE,FALSE,FALSE,FALSE
2016,4253,Quincy Pondexter,1,1,0,1,0,0,0,0,0,0,0,0,FALSE,FALSE,FALSE,FALSE,FALSE
2016,4257,Derrick Favors,1,81,62,19,5,0,1,1987,32.04838709677419,59,3,61,FALSE,FALSE,FALSE,FALSE,TRUE
2016,4258,DeMarcus Cousins,2,76,66,10,0,2,3,2257,34.196969696969695,63,1,64,TRUE,TRUE,FALSE,FALSE,FALSE
2016,4259,Ed Davis,1,81,81,0,0,0,0,1684,20.790123456790123,51,23,53,FALSE,FALSE,FALSE,FALSE,FALSE
2016,4260,Greg Monroe,1,82,79,3,0,0,1,2316,29.31645569620253,77,1,78,FALSE,FALSE,FALSE,FALSE,TRUE
2016,4262,Hassan Whiteside,1,76,73,3,0,0,0,2122,29.068493150684933,67,5,69,FALSE,TRUE,FALSE,FALSE,TRUE
2016,4264,Patrick Patterson,1,80,79,1,0,0,1,2017,25.531645569620252,69,8,71,FALSE,FALSE,FALSE,FALSE,FALSE
2016,4267,Cole Aldrich,1,82,59,23,0,0,22,801,13.576271186440678,8,8,10,FALSE,FALSE,FALSE,FALSE,FALSE
2016,4269,Nemanja Bjelica,1,78,60,18,0,0,7,1078,17.966666666666665,26,11,28,FALSE,FALSE,FALSE,FALSE,FALSE
2016,4270,Trevor Booker,1,82,79,3,0,0,0,1632,20.658227848101266,40,28,42,FALSE,FALSE,FALSE,FALSE,FALSE
2016,4284,Tibor Pleiss,1,36,10,26,0,0,23,81,8.1,1,1,2,FALSE,FALSE,FALSE,FALSE,FALSE
2016,4289,Kevin Seraphin,1,82,48,34,0,0,30,530,11.041666666666666,5,7,7,FALSE,FALSE,FALSE,FALSE,FALSE
2016,4291,Greivis Vasquez,1,25,23,2,0,0,2,461,20.043478260869566,12,6,14,FALSE,FALSE,FALSE,FALSE,FALSE
2016,4294,Elliot Williams,1,5,5,0,0,0,0,46,9.2,1,0,1,FALSE,FALSE,FALSE,FALSE,FALSE
2016,4295,Jeremy Evans,1,53,27,26,0,0,23,248,9.185185185185185,5,0,5,FALSE,FALSE,FALSE,FALSE,FALSE
2016,4298,Timofey Mozgov,1,82,76,6,1,0,2,1329,17.486842105263158,29,24,31,FALSE,FALSE,FALSE,FALSE,FALSE
2016,4299,Jeremy Lin,1,82,78,4,0,0,2,2047,26.243589743589745,67,10,69,FALSE,FALSE,FALSE,FALSE,FALSE
2016,4300,Gary Neal,1,51,40,11,0,0,2,807,20.175,21,15,23,FALSE,FALSE,FALSE,FALSE,FALSE
2016,4303,Donald Sloan,1,81,61,20,0,0,19,1317,21.59016393442623,40,9,42,FALSE,FALSE,FALSE,FALSE,FALSE
2016,4305,Ish Smith,2,79,77,2,0,0,1,2240,29.09090909090909,65,4,67,FALSE,FALSE,FALSE,FALSE,TRUE
2016,4321,Elijah Millsap,1,33,20,13,0,0,13,173,8.65,1,4,3,FALSE,FALSE,FALSE,FALSE,FALSE
2016,4376,Boban Marjanovic,1,69,53,16,0,0,15,508,9.584905660377359,5,9,7,FALSE,FALSE,FALSE,FALSE,FALSE
2016,4385,Mirza Teletovic,1,82,79,3,0,0,1,1683,21.303797468354432,53,12,55,FALSE,FALSE,FALSE,FALSE,FALSE
2016,557,Andre Miller,2,80,38,42,0,0,40,461,12.131578947368421,8,4,10,FALSE,FALSE,FALSE,FALSE,FALSE
2016,558,Mike Miller,1,81,41,40,0,0,34,372,9.073170731707316,1,5,3,FALSE,FALSE,FALSE,FALSE,FALSE
2016,568,Nazr Mohammed,1,19,5,14,0,0,14,20,4,0,0,0,FALSE,FALSE,FALSE,FALSE,FALSE
2016,609,Dirk Nowitzki,1,79,75,4,0,2,2,2362,31.493333333333332,74,1,75,TRUE,FALSE,FALSE,FALSE,FALSE
2016,6424,Lavoy Allen,1,82,79,3,0,0,2,1601,20.265822784810126,44,22,46,FALSE,FALSE,FALSE,FALSE,FALSE
2016,6427,Bismack Biyombo,1,82,82,0,0,0,0,1810,22.073170731707318,49,27,51,FALSE,FALSE,FALSE,FALSE,FALSE
2016,6429,Alec Burks,1,32,31,1,0,0,0,798,25.741935483870968,24,4,26,FALSE,FALSE,FALSE,FALSE,FALSE
2016,6430,Jimmy Butler,1,82,67,15,6,0,0,2473,36.91044776119403,66,1,67,TRUE,TRUE,FALSE,FALSE,FALSE
2016,6431,Norris Cole,1,77,45,32,17,0,2,1199,26.644444444444446,36,8,38,FALSE,FALSE,FALSE,FALSE,FALSE
2016,6433,Kenneth Faried,1,79,67,12,1,0,6,1697,25.328358208955223,55,8,57,FALSE,FALSE,FALSE,FALSE,FALSE
2016,6434,Jimmer Fredette,2,11,6,5,0,0,5,17,2.8333333333333335,0,0,0,FALSE,FALSE,FALSE,FALSE,FALSE
2016,6435,Andrew Goudelock,1,15,8,7,0,0,7,51,6.375,0,1,1,FALSE,FALSE,FALSE,FALSE,FALSE
2016,6436,Jordan Hamilton,1,11,11,0,0,0,0,305,27.727272727272727,10,1,11,FALSE,FALSE,FALSE,FALSE,FALSE
2016,6438,Justin Harper,1,8,5,3,0,0,3,35,7,0,1,1,FALSE,FALSE,FALSE,FALSE,FALSE
2016,6440,Tobias Harris,2,77,76,1,0,0,1,2515,33.0921052631579,75,1,76,FALSE,FALSE,FALSE,FALSE,TRUE
2016,6442,Kyrie Irving,1,54,53,1,0,0,1,1665,31.41509433962264,50,2,52,TRUE,TRUE,FALSE,FALSE,FALSE
2016,6443,Reggie Jackson,1,81,79,2,1,0,1,2424,30.68354430379747,79,0,79,FALSE,FALSE,FALSE,FALSE,TRUE
2016,6446,Cory Joseph,1,82,80,2,0,0,2,2053,25.6625,70,9,72,FALSE,FALSE,FALSE,FALSE,FALSE
2016,6447,Enes Freedom,1,82,82,0,0,0,0,1721,20.98780487804878,50,28,52,FALSE,FALSE,FALSE,FALSE,FALSE
2016,6448,Brandon Knight,1,77,52,25,1,0,1,1872,36,52,0,52,FALSE,FALSE,FALSE,FALSE,TRUE
2016,6450,Kawhi Leonard,2,80,73,7,0,1,1,2407,32.97260273972603,73,0,73,FALSE,TRUE,FALSE,FALSE,TRUE
2016,6452,Jon Leuer,1,82,67,15,2,0,7,1258,18.776119402985074,29,14,31,FALSE,FALSE,FALSE,FALSE,FALSE
2016,6454,Shelvin Mack,2,83,52,31,0,0,31,1057,20.326923076923077,28,4,30,FALSE,FALSE,FALSE,FALSE,FALSE
2016,6459,Nikola Mirotic,1,71,66,5,0,0,1,1650,25,50,13,52,FALSE,FALSE,FALSE,FALSE,FALSE
2016,6460,E'Twaun Moore,1,80,59,21,0,0,13,1265,21.440677966101696,32,12,34,FALSE,FALSE,FALSE,FALSE,FALSE
2016,6461,Markieff Morris,2,77,64,13,0,0,10,1630,25.46875,51,5,53,FALSE,FALSE,FALSE,FALSE,FALSE
2016,6462,Marcus Morris Sr.,1,82,80,2,0,0,1,2852,35.65,80,0,80,FALSE,FALSE,FALSE,FALSE,TRUE
2016,6464,Donatas Motiejunas,2,47,37,10,1,0,3,547,14.783783783783784,10,10,12,FALSE,FALSE,FALSE,FALSE,FALSE
2016,6466,Chandler Parsons,1,63,61,2,0,0,2,1801,29.524590163934427,55,3,57,FALSE,FALSE,FALSE,FALSE,TRUE
2016,6468,Iman Shumpert,1,59,54,5,0,0,2,1319,24.425925925925927,42,10,44,FALSE,FALSE,FALSE,FALSE,FALSE
2016,6469,Kyle Singler,1,80,67,13,0,0,12,982,14.656716417910447,19,16,21,FALSE,FALSE,FALSE,FALSE,FALSE
2016,6472,Isaiah Thomas,2,83,83,0,0,0,0,2666,32.12048192771084,82,1,83,FALSE,FALSE,FALSE,FALSE,TRUE
2016,6474,Tristan Thompson,1,82,81,1,0,0,0,2268,28,77,3,79,FALSE,FALSE,FALSE,FALSE,TRUE
2016,6475,Klay Thompson,2,83,81,2,1,0,0,2682,33.111111111111114,81,0,81,TRUE,TRUE,FALSE,FALSE,FALSE
2016,6477,Jonas Valanciunas,1,64,60,4,0,1,1,1558,25.966666666666665,54,5,56,FALSE,FALSE,FALSE,FALSE,FALSE
2016,6478,Nikola Vucevic,1,66,65,1,0,0,1,2038,31.353846153846153,62,2,64,FALSE,FALSE,FALSE,FALSE,TRUE
2016,6479,Kemba Walker,1,82,81,1,0,0,0,2885,35.617283950617285,80,1,81,FALSE,FALSE,FALSE,FALSE,TRUE
2016,6480,Derrick Williams,1,82,80,2,0,0,2,1439,17.9875,30,25,32,FALSE,FALSE,FALSE,FALSE,FALSE
2016,6485,Lance Thomas,1,69,59,10,0,0,0,1315,22.28813559322034,39,14,41,FALSE,FALSE,FALSE,FALSE,FALSE
2016,6530,Greg Smith,1,22,18,4,0,0,4,194,10.777777777777779,0,5,2,FALSE,FALSE,FALSE,FALSE,FALSE
2016,6569,Alan Anderson,1,13,13,0,0,0,0,193,14.846153846153847,2,7,4,FALSE,FALSE,FALSE,FALSE,FALSE
2016,6576,Quincy Acy,1,81,59,22,0,0,22,877,14.864406779661017,15,19,17,FALSE,FALSE,FALSE,FALSE,FALSE
2016,6578,Harrison Barnes,1,67,66,1,0,0,0,2043,30.954545454545453,66,0,66,FALSE,FALSE,FALSE,FALSE,TRUE
2016,6579,Will Barton,1,82,82,0,0,0,0,2355,28.71951219512195,78,4,80,FALSE,FALSE,FALSE,FALSE,TRUE
2016,6580,Bradley Beal,1,59,55,4,0,0,2,1709,31.072727272727274,53,0,53,FALSE,FALSE,FALSE,FALSE,TRUE
2016,6581,Jae Crowder,1,74,73,1,0,1,0,2310,31.643835616438356,72,0,72,FALSE,FALSE,FALSE,FALSE,TRUE
2016,6582,Jared Cunningham,3,58,40,18,0,0,13,410,10.25,7,5,9,FALSE,FALSE,FALSE,FALSE,FALSE
2016,6583,Anthony Davis,2,74,62,12,1,0,3,2174,35.064516129032256,56,3,58,TRUE,TRUE,FALSE,FALSE,FALSE
2016,6585,Andre Drummond,2,83,82,1,0,1,0,2682,32.707317073170735,80,2,82,FALSE,FALSE,FALSE,FALSE,TRUE
2016,6587,Festus Ezeli,1,52,46,6,0,0,2,769,16.717391304347824,17,16,19,FALSE,FALSE,FALSE,FALSE,FALSE
2016,6588,Evan Fournier,1,79,79,0,0,0,0,2568,32.50632911392405,74,5,76,FALSE,FALSE,FALSE,FALSE,TRUE
2016,6589,Draymond Green,2,83,82,1,0,1,0,2819,34.3780487804878,81,0,81,FALSE,TRUE,FALSE,FALSE,TRUE
2016,6591,Maurice Harkless,1,82,78,4,0,0,4,1454,18.641025641025642,38,17,40,FALSE,FALSE,FALSE,FALSE,FALSE
2016,6592,John Henson,1,80,57,23,2,0,1,959,16.82456140350877,21,17,23,FALSE,FALSE,FALSE,FALSE,FALSE
2016,6594,John Jenkins,2,65,43,22,0,0,22,477,11.093023255813954,6,6,8,FALSE,FALSE,FALSE,FALSE,FALSE
2016,6595,Orlando Johnson,2,9,7,2,0,0,2,102,14.571428571428571,3,1,4,FALSE,FALSE,FALSE,FALSE,FALSE
2016,6597,Terrence Jones,1,65,50,15,1,0,14,1047,20.94,29,9,31,FALSE,FALSE,FALSE,FALSE,FALSE
2016,6601,Michael Kidd-Gilchrist,1,7,7,0,0,0,0,205,29.285714285714285,6,1,7,FALSE,TRUE,FALSE,FALSE,FALSE
2016,6603,Jeremy Lamb,1,81,66,15,0,0,12,1226,18.575757575757574,29,20,31,FALSE,FALSE,FALSE,FALSE,FALSE
2016,6605,Meyers Leonard,1,64,61,3,0,0,0,1331,21.81967213114754,40,13,42,FALSE,FALSE,FALSE,FALSE,FALSE
2016,6606,Damian Lillard,1,75,75,0,0,0,0,2673,35.64,74,1,75,TRUE,FALSE,FALSE,FALSE,FALSE
2016,6607,Kendall Marshall,1,68,30,38,5,0,29,399,13.3,5,7,7,FALSE,FALSE,FALSE,FALSE,FALSE
2016,6609,Khris Middleton,1,82,79,3,0,0,1,2855,36.139240506329116,78,0,78,FALSE,FALSE,FALSE,FALSE,TRUE
2016,6614,Andrew Nicholson,1,82,56,26,0,0,26,821,14.660714285714286,23,7,25,FALSE,FALSE,FALSE,FALSE,FALSE
2016,6615,Kyle O'Quinn,1,80,65,15,0,0,15,761,11.707692307692307,9,16,11,FALSE,FALSE,FALSE,FALSE,FALSE
2016,6616,Miles Plumlee,1,82,61,21,0,0,20,869,14.245901639344263,18,15,20,FALSE,FALSE,FALSE,FALSE,FALSE
2016,6617,Austin Rivers,1,70,67,3,0,0,1,1466,21.880597014925375,40,22,42,FALSE,FALSE,FALSE,FALSE,FALSE
2016,6618,Thomas Robinson,1,82,69,13,1,0,8,915,13.26086956521739,10,11,12,FALSE,FALSE,FALSE,FALSE,FALSE
2016,6619,Terrence Ross,1,76,73,3,0,0,2,1751,23.986301369863014,56,11,58,FALSE,FALSE,FALSE,FALSE,FALSE
2016,662,Paul Pierce,1,79,68,11,0,2,4,1235,18.16176470588235,29,22,31,FALSE,FALSE,FALSE,FALSE,FALSE
2016,6620,Robert Sacre,1,62,25,37,0,0,36,320,12.8,5,7,7,FALSE,FALSE,FALSE,FALSE,FALSE
2016,6622,Mike Scott,1,80,75,5,0,0,4,1148,15.306666666666667,14,28,16,FALSE,FALSE,FALSE,FALSE,FALSE
2016,6624,Jared Sullinger,1,81,81,0,0,0,0,1917,23.666666666666668,63,14,65,FALSE,FALSE,FALSE,FALSE,FALSE
2016,6628,Dion Waiters,1,78,78,0,0,0,0,2157,27.653846153846153,68,9,70,FALSE,FALSE,FALSE,FALSE,FALSE
2016,6630,Tony Wroten,1,11,8,3,1,0,1,145,18.125,2,4,4,FALSE,FALSE,FALSE,FALSE,FALSE
2016,6631,Tyler Zeller,1,82,60,22,0,0,22,714,11.9,7,14,9,FALSE,FALSE,FALSE,FALSE,FALSE
2016,6634,Hollis Thompson,1,82,77,5,0,0,0,2158,28.025974025974026,73,2,75,FALSE,FALSE,FALSE,FALSE,TRUE
2016,6635,Chris Copeland,1,56,23,33,0,0,32,158,6.869565217391305,1,1,2,FALSE,FALSE,FALSE,FALSE,FALSE
2016,6637,Kent Bazemore,1,77,75,2,0,0,1,2083,27.773333333333333,70,4,72,FALSE,FALSE,FALSE,FALSE,FALSE
2016,6641,Brian Roberts,2,81,50,31,0,0,30,473,9.46,4,7,6,FALSE,FALSE,FALSE,FALSE,FALSE
2016,6647,Henry Sims,1,15,14,1,0,0,1,263,18.785714285714285,6,5,8,FALSE,FALSE,FALSE,FALSE,FALSE
2016,841,Jason Terry,1,82,71,11,0,0,10,1260,17.746478873239436,26,27,28,FALSE,FALSE,FALSE,FALSE,FALSE
2016,91,Elton Brand,1,31,17,14,0,0,12,225,13.235294117647058,2,5,4,FALSE,FALSE,FALSE,FALSE,FALSE
2016,984,Tyson Chandler,1,73,66,7,0,1,0,1618,24.515151515151516,48,11,50,TRUE,FALSE,FALSE,FALSE,FALSE
2016,996,Pau Gasol,2,77,73,4,1,1,1,2311,31.65753424657534,72,1,73,TRUE,TRUE,FALSE,FALSE,FALSE
2017,1006,Richard Jefferson,1,82,79,3,0,0,2,1617,20.468354430379748,41,24,43,FALSE,FALSE,FALSE,FALSE,FALSE
2017,1007,Joe Johnson,1,81,78,3,0,0,0,1842,23.615384615384617,59,16,61,TRUE,FALSE,FALSE,FALSE,FALSE
2017,1015,Tony Parker,1,72,63,9,0,2,2,1588,25.206349206349206,59,4,61,TRUE,FALSE,FALSE,FALSE,FALSE
2017,1017,Zach Randolph,1,80,73,7,0,0,1,1787,24.47945205479452,62,10,64,FALSE,FALSE,FALSE,FALSE,FALSE
2017,1135,Chris Andersen,1,24,12,12,0,0,12,115,9.583333333333334,1,1,2,FALSE,FALSE,FALSE,FALSE,FALSE
2017,136,Vince Carter,1,82,73,9,0,1,1,1801,24.671232876712327,59,11,61,FALSE,FALSE,FALSE,FALSE,FALSE
2017,165,Jamal Crawford,1,82,82,0,0,0,0,2160,26.341463414634145,73,9,75,FALSE,FALSE,FALSE,FALSE,FALSE
2017,1708,Mike Dunleavy,2,64,52,12,0,0,11,823,15.826923076923077,12,22,14,FALSE,FALSE,FALSE,FALSE,FALSE
2017,1713,Nene ,1,82,67,15,0,0,14,1198,17.880597014925375,22,28,24,FALSE,FALSE,FALSE,FALSE,FALSE
2017,1765,Matt Barnes,2,77,74,3,0,2,0,1780,24.054054054054053,53,13,55,FALSE,FALSE,FALSE,FALSE,FALSE
2017,1781,Luis Scola,1,58,36,22,0,0,22,465,12.916666666666666,3,11,5,FALSE,FALSE,FALSE,FALSE,FALSE
2017,1966,LeBron James,2,82,75,7,1,3,3,2815,37.53333333333333,74,1,75,TRUE,TRUE,FALSE,FALSE,FALSE
2017,1975,Carmelo Anthony,2,77,74,3,0,0,0,2515,33.986486486486484,70,3,72,TRUE,FALSE,FALSE,FALSE,FALSE
2017,1978,Nick Collison,1,82,20,62,0,0,62,128,6.4,0,1,1,FALSE,FALSE,FALSE,FALSE,FALSE
2017,1987,Dwyane Wade,1,66,60,6,2,4,0,1793,29.883333333333333,60,0,60,TRUE,FALSE,FALSE,FALSE,FALSE
2017,2008,Dahntay Jones,1,1,1,0,0,0,0,12,12,0,0,0,FALSE,FALSE,FALSE,FALSE,FALSE
2017,2009,James Jones,1,82,47,35,0,0,34,380,8.085106382978724,5,3,7,FALSE,FALSE,FALSE,FALSE,FALSE
2017,2011,Kyle Korver,2,76,67,9,1,1,4,1751,26.134328358208954,59,6,61,TRUE,FALSE,FALSE,FALSE,FALSE
2017,2016,Zaza Pachulia,1,71,70,1,1,0,0,1266,18.085714285714285,24,27,26,FALSE,FALSE,FALSE,FALSE,FALSE
2017,2021,Sofoklis Schortsanitis,1,1,0,1,0,0,0,0,0,0,0,0,FALSE,FALSE,FALSE,FALSE,FALSE
2017,2166,Leandro Barbosa,1,75,67,8,2,0,6,960,14.328358208955224,12,18,14,FALSE,FALSE,FALSE,FALSE,FALSE
2017,2167,Boris Diaw,1,77,73,4,0,0,1,1287,17.63013698630137,25,24,27,FALSE,FALSE,FALSE,FALSE,FALSE
2017,2177,David West,1,68,68,0,0,0,0,855,12.573529411764707,1,18,3,FALSE,FALSE,FALSE,FALSE,FALSE
2017,2184,Udonis Haslem,1,82,16,66,0,0,64,131,8.1875,1,3,3,FALSE,FALSE,FALSE,FALSE,FALSE
2017,2202117,Arinze Onuaku,1,20,8,12,0,0,12,29,3.625,0,0,0,FALSE,FALSE,FALSE,FALSE,FALSE
2017,2234666,Jonathan Gibson,1,21,16,5,0,0,4,231,14.4375,5,3,7,FALSE,FALSE,FALSE,FALSE,FALSE
2017,2282205,Malcolm Delaney,1,80,72,8,0,0,8,1225,17.01388888888889,21,30,23,FALSE,FALSE,FALSE,FALSE,FALSE
2017,2284101,Justin Holiday,1,81,81,0,0,0,0,1599,19.74074074074074,42,21,44,FALSE,FALSE,FALSE,FALSE,FALSE
2017,2309097,Damjan Rudez,1,82,44,38,0,0,35,312,7.090909090909091,1,2,3,FALSE,FALSE,FALSE,FALSE,FALSE
2017,2326015,Willie Reed,1,82,71,11,2,0,5,1028,14.47887323943662,8,25,10,FALSE,FALSE,FALSE,FALSE,FALSE
2017,2326307,Seth Curry,1,74,70,4,1,0,0,2031,29.014285714285716,64,4,66,FALSE,FALSE,FALSE,FALSE,TRUE
2017,2327577,JaMychal Green,1,82,77,5,0,0,3,2103,27.31168831168831,71,5,73,FALSE,FALSE,FALSE,FALSE,FALSE
2017,2333797,Jeff Withey,1,82,50,32,0,0,31,432,8.64,1,6,3,FALSE,FALSE,FALSE,FALSE,FALSE
2017,2367,Tony Allen,1,77,71,6,0,1,4,1917,27,62,8,64,FALSE,TRUE,FALSE,FALSE,FALSE
2017,2382,Devin Harris,1,66,65,1,1,0,0,1089,16.753846153846155,14,35,16,FALSE,FALSE,FALSE,FALSE,FALSE
2017,2384,Dwight Howard,1,77,73,4,0,0,4,2157,29.54794520547945,70,3,72,TRUE,FALSE,FALSE,FALSE,FALSE
2017,2386,Andre Iguodala,1,78,76,2,0,2,0,2001,26.32894736842105,71,4,73,FALSE,FALSE,FALSE,FALSE,FALSE
2017,2389,Al Jefferson,1,79,66,13,0,0,8,932,14.121212121212121,6,25,8,TRUE,FALSE,FALSE,FALSE,FALSE
2017,2393,Shaun Livingston,1,77,76,1,0,1,0,1345,17.69736842105263,16,51,18,FALSE,FALSE,FALSE,FALSE,FALSE
2017,2419,Anderson Varejao,1,38,14,24,0,0,24,91,6.5,0,1,1,FALSE,FALSE,FALSE,FALSE,FALSE
2017,2421,Sasha Vujacic,1,81,41,40,0,0,39,408,9.951219512195122,8,3,10,FALSE,FALSE,FALSE,FALSE,FALSE
2017,2426,Trevor Ariza,1,81,80,1,0,0,0,2773,34.6625,80,0,80,FALSE,TRUE,FALSE,FALSE,TRUE
2017,2429,Luol Deng,1,63,56,7,0,0,6,1484,26.5,48,7,50,FALSE,FALSE,FALSE,FALSE,FALSE
2017,2433,Kris Humphries,1,80,55,25,0,0,25,679,12.345454545454546,8,9,10,FALSE,FALSE,FALSE,FALSE,FALSE
2017,2439,Jameer Nelson,1,78,75,3,2,0,1,2049,27.32,64,10,66,FALSE,FALSE,FALSE,FALSE,FALSE
2017,2444,JR Smith,1,50,41,9,2,0,0,1188,28.975609756097562,38,2,40,FALSE,FALSE,FALSE,FALSE,TRUE
2017,2448,Beno Udrih,1,81,36,45,0,0,42,561,15.583333333333334,8,17,10,FALSE,FALSE,FALSE,FALSE,FALSE
2017,2488651,Ryan Kelly,1,50,16,34,0,0,34,111,6.9375,2,0,2,FALSE,FALSE,FALSE,FALSE,FALSE
2017,2488653,Mason Plumlee,2,81,81,0,0,0,0,2149,26.530864197530864,68,10,70,FALSE,FALSE,FALSE,FALSE,FALSE
2017,2488689,Sean Kilpatrick,1,71,70,1,0,0,1,1755,25.071428571428573,56,11,58,FALSE,FALSE,FALSE,FALSE,FALSE
2017,2488721,Lamar Patterson,1,9,5,4,0,0,4,41,8.2,0,0,0,FALSE,FALSE,FALSE,FALSE,FALSE
2017,2488826,Rodney McGruder,1,82,78,4,0,0,1,1965,25.192307692307693,55,16,57,FALSE,FALSE,FALSE,FALSE,FALSE
2017,2488945,Tim Frazier,1,81,65,16,0,0,16,1523,23.43076923076923,44,7,46,FALSE,FALSE,FALSE,FALSE,FALSE
2017,2488958,Solomon Hill,1,81,80,1,0,0,0,2375,29.6875,74,5,76,FALSE,FALSE,FALSE,FALSE,TRUE
2017,2488999,CJ Wilcox,1,69,22,47,8,0,38,111,5.045454545454546,0,0,0,FALSE,FALSE,FALSE,FALSE,FALSE
2017,2489530,Troy Daniels,1,80,67,13,2,0,11,1188,17.73134328358209,27,16,29,FALSE,FALSE,FALSE,FALSE,FALSE
2017,2489663,Kelly Olynyk,1,76,75,1,0,0,0,1534,20.453333333333333,38,23,40,FALSE,FALSE,FALSE,FALSE,FALSE
2017,2489716,Matthew Dellavedova,1,82,76,6,0,1,0,1988,26.157894736842106,65,10,67,FALSE,FALSE,FALSE,FALSE,FALSE
2017,2489785,Ian Clark,1,81,77,4,0,0,4,1137,14.766233766233766,16,21,18,FALSE,FALSE,FALSE,FALSE,FALSE
2017,2490089,Mike Muscala,1,75,69,6,0,0,6,1215,17.608695652173914,32,17,34,FALSE,FALSE,FALSE,FALSE,FALSE
2017,2490149,CJ McCollum,1,82,80,2,0,0,1,2788,34.85,80,0,80,FALSE,FALSE,FALSE,FALSE,TRUE
2017,2490589,Isaiah Canaan,1,72,38,34,0,0,33,594,15.631578947368421,15,4,17,FALSE,FALSE,FALSE,FALSE,FALSE
2017,2490620,Robert Covington,1,82,67,15,11,0,0,2116,31.582089552238806,65,1,66,FALSE,FALSE,FALSE,FALSE,TRUE
2017,25,Metta World Peace,1,50,25,25,0,0,25,162,6.48,1,1,2,FALSE,FALSE,FALSE,FALSE,FALSE
2017,2527963,Victor Oladipo,1,71,67,4,2,0,0,2225,33.208955223880594,65,1,66,FALSE,FALSE,FALSE,FALSE,TRUE
2017,2528210,Tim Hardaway Jr.,1,79,78,1,0,0,1,2093,26.833333333333332,65,8,67,FALSE,FALSE,FALSE,FALSE,FALSE
2017,2528353,Tony Snell,1,81,80,1,0,1,0,2336,29.2,79,1,80,FALSE,FALSE,FALSE,FALSE,TRUE
2017,2528386,Joe Young,1,74,32,42,0,0,41,137,4.28125,1,1,2,FALSE,FALSE,FALSE,FALSE,FALSE
2017,2528393,Tarik Black,1,75,67,8,0,0,5,1090,16.26865671641791,18,22,20,FALSE,FALSE,FALSE,FALSE,FALSE
2017,2528426,Jordan Clarkson,1,82,82,0,0,0,0,2397,29.23170731707317,78,3,80,FALSE,FALSE,FALSE,FALSE,TRUE
2017,2528447,Ray McCallum,1,8,0,8,0,0,7,0,0,0,0,0,FALSE,FALSE,FALSE,FALSE,FALSE
2017,2528473,Okaro White,1,41,35,6,0,0,6,470,13.428571428571429,8,7,10,FALSE,FALSE,FALSE,FALSE,FALSE
2017,2528588,Doug McDermott,2,67,66,1,0,0,1,1507,22.833333333333332,46,8,48,FALSE,FALSE,FALSE,FALSE,FALSE
2017,2528779,Reggie Bullock,1,46,31,15,0,0,15,466,15.03225806451613,11,2,13,FALSE,FALSE,FALSE,FALSE,FALSE
2017,2528794,Joe Harris,1,55,52,3,0,0,2,1140,21.923076923076923,35,11,37,FALSE,FALSE,FALSE,FALSE,FALSE
2017,2528803,Jarell Eddie,1,11,5,6,0,0,6,62,12.4,1,1,2,FALSE,FALSE,FALSE,FALSE,FALSE
2017,2530276,Tyler Johnson,1,82,73,9,1,0,0,2178,29.835616438356166,71,2,73,FALSE,FALSE,FALSE,FALSE,TRUE
2017,2530530,T.J. McConnell,1,82,81,1,0,0,1,2138,26.395061728395063,66,12,68,FALSE,FALSE,FALSE,FALSE,FALSE
2017,2530572,Langston Galloway,2,82,74,8,0,0,8,1494,20.18918918918919,43,12,45,FALSE,FALSE,FALSE,FALSE,FALSE
2017,2530596,Andre Roberson,1,81,79,2,0,0,1,2380,30.126582278481013,74,4,76,FALSE,FALSE,FALSE,FALSE,TRUE
2017,2530780,Shabazz Napier,1,82,50,32,0,0,29,514,10.28,4,8,6,FALSE,FALSE,FALSE,FALSE,FALSE
2017,2531047,Jerian Grant,1,79,63,16,0,0,16,1029,16.333333333333332,24,11,26,FALSE,FALSE,FALSE,FALSE,FALSE
2017,2531100,Adreian Payne,1,74,18,56,5,0,51,134,7.444444444444445,0,1,1,FALSE,FALSE,FALSE,FALSE,FALSE
2017,2531210,Allen Crabbe,1,82,79,3,2,0,0,2260,28.60759493670886,76,3,78,FALSE,FALSE,FALSE,FALSE,TRUE
2017,2531362,Anthony Brown,2,16,11,5,0,0,4,159,14.454545454545455,3,2,5,FALSE,FALSE,FALSE,FALSE,FALSE
2017,2531364,Josh Huestis,1,9,2,7,0,0,7,31,15.5,1,0,1,FALSE,FALSE,FALSE,FALSE,FALSE
2017,2531367,Dwight Powell,1,82,76,6,0,0,5,1329,17.486842105263158,32,15,34,FALSE,FALSE,FALSE,FALSE,FALSE
2017,2531797,Jordan McRae,1,58,36,22,0,0,21,385,10.694444444444445,5,6,7,FALSE,FALSE,FALSE,FALSE,FALSE
2017,2534781,Gorgui Dieng,1,82,82,0,0,0,0,2656,32.390243902439025,79,3,81,FALSE,FALSE,FALSE,FALSE,TRUE
2017,2566741,KJ McDaniels,2,83,49,34,0,0,33,506,10.326530612244898,9,9,11,FALSE,FALSE,FALSE,FALSE,FALSE
2017,2566745,Quinn Cook,2,18,13,5,0,0,4,188,14.461538461538462,4,3,6,FALSE,FALSE,FALSE,FALSE,FALSE
2017,2566747,Michael Gbinije,1,23,9,14,0,0,14,31,3.4444444444444446,0,0,0,FALSE,FALSE,FALSE,FALSE,FALSE
2017,2566748,Marshall Plumlee,1,46,20,26,0,0,25,171,8.55,3,2,5,FALSE,FALSE,FALSE,FALSE,FALSE
2017,2566769,Malcolm Brogdon,1,81,75,6,0,0,0,1979,26.386666666666667,67,6,69,FALSE,FALSE,FALSE,FALSE,FALSE
2017,2578185,Dorian Finney-Smith,1,82,80,2,0,0,1,1642,20.525,41,16,43,FALSE,FALSE,FALSE,FALSE,FALSE
2017,2578204,Pierre Deshawn Jackson,1,12,8,4,0,0,3,84,10.5,1,1,2,FALSE,FALSE,FALSE,FALSE,FALSE
2017,2578213,Ben McLemore,1,79,61,18,0,0,18,1177,19.295081967213115,29,17,31,FALSE,FALSE,FALSE,FALSE,FALSE
2017,2578239,Pat Connaughton,1,82,38,44,0,0,43,318,8.368421052631579,3,3,5,FALSE,FALSE,FALSE,FALSE,FALSE
2017,2578259,Darrun Hilliard,1,78,38,40,0,0,39,380,10,4,7,6,FALSE,FALSE,FALSE,FALSE,FALSE
2017,2579258,Cody Zeller,1,64,62,2,1,0,1,1723,27.79032258064516,58,2,60,FALSE,FALSE,FALSE,FALSE,FALSE
2017,2579260,Trey Burke,1,81,57,24,0,0,24,702,12.31578947368421,5,12,7,FALSE,FALSE,FALSE,FALSE,FALSE
2017,2579293,Jarrod Uthoff,1,14,9,5,0,0,5,116,12.88888888888889,4,1,5,FALSE,FALSE,FALSE,FALSE,FALSE
2017,2579294,Frank Kaminsky,1,80,75,5,0,0,0,1956,26.08,68,7,70,FALSE,FALSE,FALSE,FALSE,FALSE
2017,2579321,James Ennis III,1,81,64,17,0,0,3,1503,23.484375,44,12,46,FALSE,FALSE,FALSE,FALSE,FALSE
2017,2579326,Alan Williams,1,82,46,36,0,0,34,705,15.326086956521738,19,7,21,FALSE,FALSE,FALSE,FALSE,FALSE
2017,2579466,Jonathon Simmons,1,79,78,1,0,0,1,1396,17.897435897435898,29,22,31,FALSE,FALSE,FALSE,FALSE,FALSE
2017,2580349,Ron Baker,1,76,50,26,0,0,25,842,16.84,20,10,22,FALSE,FALSE,FALSE,FALSE,FALSE
2017,2580365,Larry Nance Jr.,1,66,63,3,0,0,1,1440,22.857142857142858,49,7,51,FALSE,FALSE,FALSE,FALSE,FALSE
2017,2580782,Spencer Dinwiddie,1,59,59,0,0,0,0,1332,22.576271186440678,46,7,48,FALSE,FALSE,FALSE,FALSE,FALSE
2017,2580898,Chasson Randle,2,42,26,16,0,0,16,300,11.538461538461538,4,6,6,FALSE,FALSE,FALSE,FALSE,FALSE
2017,2580913,Dewayne Dedmon,1,76,76,0,0,0,0,1330,17.5,29,22,31,FALSE,FALSE,FALSE,FALSE,FALSE
2017,2581018,Kentavious Caldwell-Pope,1,77,76,1,0,0,1,2529,33.276315789473685,74,1,75,FALSE,FALSE,FALSE,FALSE,TRUE
2017,2581029,Kyle Wiltjer,1,41,14,27,0,0,27,45,3.2142857142857144,0,0,0,FALSE,FALSE,FALSE,FALSE,FALSE
2017,2581084,Johnny O'Bryant III,2,26,10,16,0,0,9,81,8.1,0,1,1,FALSE,FALSE,FALSE,FALSE,FALSE
2017,2581177,Rodney Hood,1,67,59,8,0,0,0,1591,26.966101694915253,53,1,54,FALSE,FALSE,FALSE,FALSE,FALSE
2017,2581180,Shawn Long,1,20,17,3,0,0,2,233,13.705882352941176,2,7,4,FALSE,FALSE,FALSE,FALSE,FALSE
2017,2581190,Josh Richardson,1,82,53,29,0,0,3,1615,30.471698113207548,48,1,49,FALSE,FALSE,FALSE,FALSE,TRUE
2017,2583639,Elfrid Payton,1,82,82,0,0,0,0,2417,29.475609756097562,80,2,82,FALSE,FALSE,FALSE,FALSE,TRUE
2017,2594818,James Michael McAdoo,1,62,51,11,0,0,10,458,8.980392156862745,4,5,6,FALSE,FALSE,FALSE,FALSE,FALSE
2017,2594885,Sheldon Mac,1,65,30,35,0,0,35,287,9.566666666666666,5,2,7,FALSE,FALSE,FALSE,FALSE,FALSE
2017,2594922,Otto Porter Jr.,1,80,80,0,0,0,0,2602,32.525,77,2,79,FALSE,FALSE,FALSE,FALSE,TRUE
2017,2595229,Briante Weber,2,31,20,11,0,0,11,206,10.3,4,2,6,FALSE,FALSE,FALSE,FALSE,FALSE
2017,2595231,Treveon Graham,1,81,27,54,2,0,52,187,6.925925925925926,2,1,3,FALSE,FALSE,FALSE,FALSE,FALSE
2017,2595516,Norman Powell,1,82,76,6,0,0,6,1368,18,30,12,32,FALSE,FALSE,FALSE,FALSE,FALSE
2017,2596107,Alex Len,1,81,77,4,0,0,1,1559,20.246753246753247,44,18,46,FALSE,FALSE,FALSE,FALSE,FALSE
2017,2596108,Michael Carter-Williams,1,52,45,7,0,0,7,845,18.77777777777778,20,10,22,FALSE,FALSE,FALSE,FALSE,FALSE
2017,2596110,Rakeem Christmas,1,42,27,15,0,0,13,217,8.037037037037036,1,4,3,FALSE,FALSE,FALSE,FALSE,FALSE
2017,2614962,Jarnell Stokes,1,6,2,4,0,0,4,7,3.5,0,0,0,FALSE,FALSE,FALSE,FALSE,FALSE
2017,272,Manu Ginobili,1,74,69,5,0,1,3,1295,18.768115942028984,33,29,35,FALSE,FALSE,FALSE,FALSE,FALSE
2017,2745,Brandon Bass,1,82,52,30,0,0,30,574,11.038461538461538,5,8,7,FALSE,FALSE,FALSE,FALSE,FALSE
2017,2747,Andrew Bogut,2,42,27,15,7,1,2,585,21.666666666666668,19,4,21,FALSE,FALSE,FALSE,FALSE,FALSE
2017,2751,Monta Ellis,1,74,74,0,0,0,0,1998,27,64,8,66,FALSE,FALSE,FALSE,FALSE,FALSE
2017,2753,Raymond Felton,1,82,80,2,0,0,0,1702,21.275,40,24,42,FALSE,FALSE,FALSE,FALSE,FALSE
2017,2754,Channing Frye,1,76,74,2,0,0,1,1401,18.93243243243243,29,26,31,FALSE,FALSE,FALSE,FALSE,FALSE
2017,2758,Marcin Gortat,1,82,82,0,0,0,0,2561,31.23170731707317,76,5,78,FALSE,FALSE,FALSE,FALSE,TRUE
2017,2761,Gerald Green,1,76,47,29,0,0,28,539,11.46808510638298,3,11,5,FALSE,FALSE,FALSE,FALSE,FALSE
2017,2767,Ersan Ilyasova,3,83,82,1,0,0,0,2143,26.134146341463413,73,8,75,FALSE,FALSE,FALSE,FALSE,FALSE
2017,2768,Jarrett Jack,1,5,2,3,1,0,2,33,16.5,1,0,1,FALSE,FALSE,FALSE,FALSE,FALSE
2017,2769,Amir Johnson,1,81,80,1,0,0,0,1609,20.1125,44,25,46,FALSE,FALSE,FALSE,FALSE,FALSE
2017,2772,David Lee,1,81,79,2,0,0,1,1481,18.746835443037973,31,28,33,FALSE,FALSE,FALSE,FALSE,FALSE
2017,2774,Ian Mahinmi,1,31,31,0,0,0,0,556,17.93548387096774,13,12,15,FALSE,FALSE,FALSE,FALSE,FALSE
2017,2778,CJ Miles,1,77,76,1,0,0,0,1779,23.407894736842106,59,11,61,FALSE,FALSE,FALSE,FALSE,FALSE
2017,2779,Chris Paul,1,71,61,10,1,0,0,1921,31.491803278688526,60,0,60,TRUE,TRUE,FALSE,FALSE,FALSE
2017,2797,Marvin Williams,1,76,76,0,0,0,0,2300,30.263157894736842,73,2,75,FALSE,FALSE,FALSE,FALSE,TRUE
2017,2798,Deron Williams,2,75,64,11,2,0,4,1658,25.90625,46,14,48,FALSE,FALSE,FALSE,FALSE,FALSE
2017,2799,Lou Williams,2,82,81,1,0,0,1,1992,24.59259259259259,69,11,71,FALSE,FALSE,FALSE,FALSE,FALSE
2017,2806,Jose Calderon,2,68,41,27,0,0,27,539,13.146341463414634,6,12,8,FALSE,FALSE,FALSE,FALSE,FALSE
2017,2807,Ronnie Price,1,25,14,11,0,0,10,135,9.642857142857142,1,2,3,FALSE,FALSE,FALSE,FALSE,FALSE
2017,2866,John Lucas III,1,16,5,11,0,0,11,10,2,0,0,0,FALSE,FALSE,FALSE,FALSE,FALSE
2017,2959753,Joffrey Lauvergne,2,82,70,12,0,0,12,983,14.042857142857143,15,18,17,FALSE,FALSE,FALSE,FALSE,FALSE
2017,2968338,Nicolas Laprovittola,1,23,16,7,0,0,5,173,10.8125,4,2,6,FALSE,FALSE,FALSE,FALSE,FALSE
2017,2968361,Raul Neto,1,70,40,30,0,0,27,346,8.65,1,3,3,FALSE,FALSE,FALSE,FALSE,FALSE
2017,2968363,Marcelinho Huertas,1,54,23,31,0,0,31,238,10.347826086956522,1,5,3,FALSE,FALSE,FALSE,FALSE,FALSE
2017,2968436,Joe Ingles,1,82,82,0,0,0,0,1975,24.085365853658537,60,10,62,FALSE,FALSE,FALSE,FALSE,FALSE
2017,2968439,Aron Baynes,1,82,75,7,0,0,6,1163,15.506666666666666,14,29,16,FALSE,FALSE,FALSE,FALSE,FALSE
2017,2968458,Salah Mejri,1,81,73,8,0,0,8,905,12.397260273972602,11,16,13,FALSE,FALSE,FALSE,FALSE,FALSE
2017,2982261,Marcus Georges-Hunt,2,10,5,5,0,0,5,47,9.4,1,0,1,FALSE,FALSE,FALSE,FALSE,FALSE
2017,2982268,Jake Layman,1,75,34,41,0,0,40,252,7.411764705882353,2,2,4,FALSE,FALSE,FALSE,FALSE,FALSE
2017,2982330,Brice Johnson,1,7,3,4,0,0,4,10,3.3333333333333335,0,0,0,FALSE,FALSE,FALSE,FALSE,FALSE
2017,2982334,T.J. Warren,1,68,66,2,0,0,1,2049,31.045454545454547,59,4,61,FALSE,FALSE,FALSE,FALSE,TRUE
2017,2982337,Mike Tobey,1,7,2,5,0,0,4,25,12.5,0,0,0,FALSE,FALSE,FALSE,FALSE,FALSE
2017,2982340,Justin Anderson,2,82,75,7,0,0,6,1228,16.373333333333335,30,14,32,FALSE,FALSE,FALSE,FALSE,FALSE
2017,2982506,Patricio Garino,1,5,5,0,0,0,0,43,8.6,0,0,0,FALSE,FALSE,FALSE,FALSE,FALSE
2017,2983,LaMarcus Aldridge,1,75,72,3,0,1,1,2335,32.43055555555556,70,2,72,TRUE,TRUE,FALSE,FALSE,FALSE
2017,2983526,Semaj Christon,1,73,62,11,0,0,9,972,15.67741935483871,18,17,20,FALSE,FALSE,FALSE,FALSE,FALSE
2017,2983551,Joel Bolomboy,1,50,12,38,0,0,38,54,4.5,0,2,2,FALSE,FALSE,FALSE,FALSE,FALSE
2017,2983727,RJ Hunter,1,13,3,10,0,0,10,10,3.3333333333333335,0,0,0,FALSE,FALSE,FALSE,FALSE,FALSE
2017,2990962,Taurean Prince,1,77,58,19,0,0,19,978,16.862068965517242,21,9,23,FALSE,FALSE,FALSE,FALSE,FALSE
2017,2990969,Georges Niang,1,47,23,24,0,0,24,94,4.086956521739131,0,2,2,FALSE,FALSE,FALSE,FALSE,FALSE
2017,2990984,Buddy Hield,2,82,82,0,0,0,0,1883,22.963414634146343,54,16,56,FALSE,FALSE,FALSE,FALSE,FALSE
2017,2990992,Marcus Smart,1,79,79,0,0,0,0,2403,30.417721518987342,79,0,79,FALSE,FALSE,FALSE,FALSE,TRUE
2017,2991018,Yogi Ferrell,2,49,46,3,0,0,3,1201,26.108695652173914,35,6,37,FALSE,FALSE,FALSE,FALSE,FALSE
2017,2991039,Glenn Robinson III,1,71,69,2,0,0,2,1426,20.666666666666668,34,15,36,FALSE,FALSE,FALSE,FALSE,FALSE
2017,2991042,Nik Stauskas,1,82,80,2,0,0,0,2192,27.4,75,5,77,FALSE,FALSE,FALSE,FALSE,FALSE
2017,2991043,Caris LeVert,1,62,57,5,0,1,4,1233,21.63157894736842,40,10,42,FALSE,FALSE,FALSE,FALSE,FALSE
2017,2991050,Daniel Ochefu,1,69,19,50,1,0,49,76,4,0,1,1,FALSE,FALSE,FALSE,FALSE,FALSE
2017,2991055,Montrezl Harrell,1,81,58,23,0,0,23,1068,18.413793103448278,28,11,30,FALSE,FALSE,FALSE,FALSE,FALSE
2017,2991070,Jerami Grant,2,81,80,1,0,0,1,1532,19.15,41,19,43,FALSE,FALSE,FALSE,FALSE,FALSE
2017,2991139,Kris Dunn,1,82,78,4,0,0,4,1331,17.064102564102566,22,23,24,FALSE,FALSE,FALSE,FALSE,FALSE
2017,2991155,Danuel House Jr.,1,3,1,2,0,0,2,1,1,0,0,0,FALSE,FALSE,FALSE,FALSE,FALSE
2017,2991178,AJ Hammons,1,45,21,24,0,0,23,160,7.619047619047619,2,2,4,FALSE,FALSE,FALSE,FALSE,FALSE
2017,2991184,Sam Dekker,1,77,77,0,0,0,0,1420,18.441558441558442,28,32,30,FALSE,FALSE,FALSE,FALSE,FALSE
2017,2991230,Fred VanVleet,1,74,33,41,0,0,37,294,8.909090909090908,8,0,8,FALSE,FALSE,FALSE,FALSE,FALSE
2017,2991235,Steven Adams,1,82,80,2,0,0,0,2390,29.875,77,1,78,FALSE,FALSE,FALSE,FALSE,TRUE
2017,2991280,Nerlens Noel,2,56,51,5,0,0,2,1046,20.50980392156863,32,9,34,FALSE,FALSE,FALSE,FALSE,FALSE
2017,2991281,Archie Goodwin,2,24,15,9,0,0,9,213,14.2,3,3,5,FALSE,FALSE,FALSE,FALSE,FALSE
2017,2991282,Willie Cauley-Stein,1,82,75,7,0,0,7,1416,18.88,34,8,36,FALSE,FALSE,FALSE,FALSE,FALSE
2017,2991283,Alex Poythress,1,6,6,0,0,0,0,157,26.166666666666668,6,0,6,FALSE,FALSE,FALSE,FALSE,FALSE
2017,2991473,Anthony Bennett,1,36,23,13,0,0,13,265,11.521739130434783,4,3,6,FALSE,FALSE,FALSE,FALSE,FALSE
2017,2993370,Richaun Holmes,1,77,57,20,1,0,12,1190,20.87719298245614,36,8,38,FALSE,FALSE,FALSE,FALSE,FALSE
2017,2993874,Kyle Anderson,1,81,70,11,0,0,9,1020,14.571428571428571,20,12,22,FALSE,FALSE,FALSE,FALSE,FALSE
2017,2993875,Shabazz Muhammad,1,78,78,0,0,0,0,1515,19.423076923076923,36,28,38,FALSE,FALSE,FALSE,FALSE,FALSE
2017,2994526,Bryn Forbes,1,46,33,13,0,0,10,285,8.636363636363637,4,2,6,FALSE,FALSE,FALSE,FALSE,FALSE
2017,2995702,Alex Abrines,1,77,68,9,0,0,9,1057,15.544117647058824,19,17,21,FALSE,FALSE,FALSE,FALSE,FALSE
2017,2995706,Mario Hezonja,1,82,65,17,0,0,17,959,14.753846153846155,20,16,22,FALSE,FALSE,FALSE,FALSE,FALSE
2017,2999409,Willy Hernangomez,1,78,71,7,0,0,7,1321,18.6056338028169,34,15,36,FALSE,FALSE,FALSE,FALSE,FALSE
2017,2999547,Gary Harris,1,61,57,4,0,0,2,1782,31.263157894736842,53,3,55,FALSE,FALSE,FALSE,FALSE,TRUE
2017,2999549,Denzel Valentine,1,78,56,22,1,0,20,975,17.410714285714285,26,9,28,FALSE,FALSE,FALSE,FALSE,FALSE
2017,3002,Jordan Farmar,1,3,2,1,0,0,1,36,18,1,0,1,FALSE,FALSE,FALSE,FALSE,FALSE
2017,3003,Randy Foye,1,77,69,8,0,0,8,1286,18.63768115942029,30,21,32,FALSE,FALSE,FALSE,FALSE,FALSE
2017,3005,Rudy Gay,1,36,30,6,0,0,3,1013,33.766666666666666,29,0,29,FALSE,FALSE,FALSE,FALSE,FALSE
2017,3012,Kyle Lowry,2,62,61,1,0,0,1,2263,37.09836065573771,59,2,61,TRUE,TRUE,FALSE,FALSE,FALSE
2017,3015,Paul Millsap,2,72,69,3,2,0,1,2296,33.27536231884058,68,0,68,TRUE,TRUE,FALSE,FALSE,FALSE
2017,3018,Steve Novak,1,22,8,14,1,0,13,24,3,0,0,0,FALSE,FALSE,FALSE,FALSE,FALSE
2017,3024,JJ Redick,1,81,78,3,0,0,1,2199,28.192307692307693,73,5,75,FALSE,FALSE,FALSE,FALSE,TRUE
2017,3025,Sergio Rodriguez,1,82,68,14,0,0,1,1517,22.308823529411764,42,18,44,FALSE,FALSE,FALSE,FALSE,FALSE
2017,3026,Rajon Rondo,1,77,69,8,0,0,5,1845,26.73913043478261,59,6,61,FALSE,FALSE,FALSE,FALSE,FALSE
2017,3028,Thabo Sefolosha,1,67,62,5,0,0,3,1595,25.725806451612904,50,10,52,FALSE,FALSE,FALSE,FALSE,FALSE
2017,3032976,Rudy Gobert,1,82,81,1,0,0,0,2737,33.79012345679013,81,0,81,FALSE,TRUE,FALSE,FALSE,TRUE
2017,3032977,Giannis Antetokounmpo,2,83,81,2,1,1,0,2870,35.4320987654321,80,0,80,FALSE,FALSE,FALSE,FALSE,TRUE
2017,3032978,Dario Saric,1,82,81,1,0,0,0,2129,26.28395061728395,73,7,75,FALSE,FALSE,FALSE,FALSE,FALSE
2017,3032979,Dennis Schroder,1,80,78,2,0,0,2,2433,31.192307692307693,78,0,78,FALSE,FALSE,FALSE,FALSE,TRUE
2017,3032980,Lucas Nogueira,1,80,55,25,0,0,18,1091,19.836363636363636,31,9,33,FALSE,FALSE,FALSE,FALSE,FALSE
2017,3033,P.J. Tucker,2,81,81,0,0,0,0,2234,27.580246913580247,72,3,74,FALSE,FALSE,FALSE,FALSE,FALSE
2017,3033031,Edy Tavares,2,3,2,1,0,0,1,28,14,1,0,1,FALSE,FALSE,FALSE,FALSE,FALSE
2017,3037805,Axel Toupane,2,5,4,1,0,0,1,49,12.25,2,0,2,FALSE,FALSE,FALSE,FALSE,FALSE
2017,3055,J.J. Barea,1,40,35,5,0,1,1,770,22,17,12,19,FALSE,FALSE,FALSE,FALSE,FALSE
2017,3056600,Jabari Parker,1,51,51,0,0,0,0,1729,33.90196078431372,51,0,51,FALSE,FALSE,FALSE,FALSE,TRUE
2017,3058254,Christian Wood,1,55,13,42,0,0,39,106,8.153846153846153,1,1,2,FALSE,FALSE,FALSE,FALSE,FALSE
2017,3059273,Demetrius Jackson,1,29,3,26,0,0,23,17,5.666666666666667,0,0,0,FALSE,FALSE,FALSE,FALSE,FALSE
2017,3059281,Tyler Ennis,2,81,53,28,0,0,28,587,11.075471698113208,9,8,11,FALSE,FALSE,FALSE,FALSE,FALSE
2017,3059316,Wayne Selden,2,18,14,4,0,0,4,236,16.857142857142858,6,3,8,FALSE,FALSE,FALSE,FALSE,FALSE
2017,3059318,Joel Embiid,1,59,31,28,0,12,1,786,25.35483870967742,29,2,31,FALSE,FALSE,FALSE,FALSE,FALSE
2017,3059319,Andrew Wiggins,1,82,82,0,0,0,0,3050,37.19512195121951,82,0,82,FALSE,FALSE,FALSE,FALSE,TRUE
2017,3059336,Isaiah Taylor,1,7,4,3,0,0,3,52,13,1,1,2,FALSE,FALSE,FALSE,FALSE,FALSE
2017,3062667,DeAndre' Bembry,1,72,36,36,0,0,31,370,10.277777777777779,5,6,7,FALSE,FALSE,FALSE,FALSE,FALSE
2017,3062744,David Nwaba,1,22,20,2,0,0,2,398,19.9,10,4,12,FALSE,FALSE,FALSE,FALSE,FALSE
2017,3062892,Kay Felder,1,60,41,19,0,0,18,386,9.414634146341463,3,6,5,FALSE,FALSE,FALSE,FALSE,FALSE
2017,3063982,Maurice Ndour,1,52,32,20,0,0,19,334,10.4375,5,3,7,FALSE,FALSE,FALSE,FALSE,FALSE
2017,3064230,Cameron Payne,2,34,31,3,0,0,2,464,14.96774193548387,6,10,8,FALSE,FALSE,FALSE,FALSE,FALSE
2017,3064290,Aaron Gordon,1,82,80,2,0,0,0,2300,28.75,76,4,78,FALSE,FALSE,FALSE,FALSE,TRUE
2017,3064291,Rondae Hollis-Jefferson,1,82,78,4,0,0,3,1762,22.58974358974359,54,21,56,FALSE,FALSE,FALSE,FALSE,FALSE
2017,3064440,Zach LaVine,1,48,47,1,0,0,1,1750,37.234042553191486,47,0,47,FALSE,FALSE,FALSE,FALSE,TRUE
2017,3064447,Delon Wright,1,42,27,15,0,0,9,449,16.62962962962963,12,4,14,FALSE,FALSE,FALSE,FALSE,FALSE
2017,3064482,Bobby Portis,1,82,64,18,0,0,18,1002,15.65625,21,16,23,FALSE,FALSE,FALSE,FALSE,FALSE
2017,3064509,James Young,1,67,29,38,0,0,38,221,7.620689655172414,1,2,3,FALSE,FALSE,FALSE,FALSE,FALSE
2017,3064510,Aaron Harrison,1,14,5,9,0,0,9,16,3.2,0,0,0,FALSE,FALSE,FALSE,FALSE,FALSE
2017,3064511,Andrew Harrison,1,80,72,8,0,0,8,1475,20.48611111111111,38,15,40,FALSE,FALSE,FALSE,FALSE,FALSE
2017,3064514,Julius Randle,1,79,74,5,0,0,2,2132,28.81081081081081,71,2,73,FALSE,FALSE,FALSE,FALSE,TRUE
2017,3064517,Jarell Martin,1,53,42,11,0,0,11,555,13.214285714285714,7,11,9,FALSE,FALSE,FALSE,FALSE,FALSE
2017,3064520,Jordan Mickey,1,53,23,30,0,0,28,142,6.173913043478261,0,1,1,FALSE,FALSE,FALSE,FALSE,FALSE
2017,3064559,Damian Jones,1,18,10,8,0,0,8,86,8.6,1,1,2,FALSE,FALSE,FALSE,FALSE,FALSE
2017,3074752,Terry Rozier,1,82,74,8,0,0,8,1269,17.14864864864865,29,18,31,FALSE,FALSE,FALSE,FALSE,FALSE
2017,3078284,Noah Vonleh,1,82,74,8,0,0,8,1267,17.12162162162162,27,23,29,FALSE,FALSE,FALSE,FALSE,FALSE
2017,3078286,Troy Williams,2,42,30,12,0,0,11,557,18.566666666666666,15,4,17,FALSE,FALSE,FALSE,FALSE,FALSE
2017,3102528,Dante Exum,1,76,66,10,0,0,9,1230,18.636363636363637,32,11,34,FALSE,FALSE,FALSE,FALSE,FALSE
2017,3102529,Clint Capela,1,68,65,3,0,0,3,1554,23.907692307692308,52,11,54,FALSE,FALSE,FALSE,FALSE,FALSE
2017,3102530,Jusuf Nurkic,2,76,65,11,0,0,9,1394,21.446153846153845,39,13,41,FALSE,FALSE,FALSE,FALSE,FALSE
2017,3102531,Kristaps Porzingis,1,69,65,4,1,0,1,2136,32.86153846153846,64,1,65,FALSE,FALSE,FALSE,FALSE,TRUE
2017,3112335,Nikola Jokic,1,74,73,1,1,0,0,2033,27.84931506849315,64,8,66,FALSE,FALSE,FALSE,FALSE,FALSE
2017,3113297,Bruno Caboclo,1,39,8,31,0,0,29,40,5,0,1,1,FALSE,FALSE,FALSE,FALSE,FALSE
2017,3113587,Cristiano Felicio,1,78,66,12,0,0,12,1039,15.742424242424242,22,17,24,FALSE,FALSE,FALSE,FALSE,FALSE
2017,3133603,Kelly Oubre Jr.,1,81,79,2,0,0,2,1609,20.367088607594937,48,12,50,FALSE,FALSE,FALSE,FALSE,FALSE
2017,3133628,Myles Turner,1,82,81,1,0,0,0,2543,31.395061728395063,81,0,81,FALSE,FALSE,FALSE,FALSE,TRUE
2017,3134881,Stanley Johnson,1,82,77,5,0,0,4,1374,17.844155844155843,27,27,29,FALSE,FALSE,FALSE,FALSE,FALSE
2017,3134903,Gary Payton II,1,6,6,0,0,0,0,100,16.666666666666668,2,1,3,FALSE,FALSE,FALSE,FALSE,FALSE
2017,3134908,Jakob Poeltl,1,82,54,28,0,0,28,624,11.555555555555555,7,11,9,FALSE,FALSE,FALSE,FALSE,FALSE
2017,3135046,Tyus Jones,1,82,56,26,0,0,22,772,13.785714285714286,11,11,13,FALSE,FALSE,FALSE,FALSE,FALSE
2017,3135047,Justise Winslow,1,41,18,23,2,0,0,627,34.833333333333336,18,0,18,FALSE,FALSE,FALSE,FALSE,FALSE
2017,3135048,Jahlil Okafor,1,82,50,32,1,1,12,1135,22.7,41,6,43,FALSE,FALSE,FALSE,FALSE,FALSE
2017,3136193,Devin Booker,1,79,78,1,0,0,1,2733,35.03846153846154,77,1,78,FALSE,FALSE,FALSE,FALSE,TRUE
2017,3136194,Tyler Ulis,1,82,59,23,0,0,21,1122,19.016949152542374,22,7,24,FALSE,FALSE,FALSE,FALSE,FALSE
2017,3136195,Karl-Anthony Towns,1,82,82,0,0,0,0,3033,36.98780487804878,82,0,82,FALSE,FALSE,FALSE,FALSE,TRUE
2017,3136196,Trey Lyles,1,82,71,11,0,0,11,1160,16.338028169014084,26,16,28,FALSE,FALSE,FALSE,FALSE,FALSE
2017,3136469,Ben Bentil,1,4,3,1,0,0,1,10,3.3333333333333335,0,0,0,FALSE,FALSE,FALSE,FALSE,FALSE
2017,3136477,Isaiah Whitehead,1,77,73,4,0,0,3,1645,22.534246575342465,53,14,55,FALSE,FALSE,FALSE,FALSE,FALSE
2017,3136696,Wade Baldwin IV,1,41,33,8,0,0,8,407,12.333333333333334,9,5,11,FALSE,FALSE,FALSE,FALSE,FALSE
2017,3136776,D'Angelo Russell,1,63,63,0,0,0,0,1814,28.793650793650794,59,3,61,FALSE,FALSE,FALSE,FALSE,TRUE
2017,3137730,Patrick McCaw,1,76,70,6,0,0,4,1077,15.385714285714286,21,17,23,FALSE,FALSE,FALSE,FALSE,FALSE
2017,3137733,Rashad Vaughn,1,68,41,27,0,0,27,458,11.170731707317072,8,5,10,FALSE,FALSE,FALSE,FALSE,FALSE
2017,3138120,Mindaugas Kuzminskas,1,80,67,13,0,0,13,984,14.686567164179104,14,22,16,FALSE,FALSE,FALSE,FALSE,FALSE
2017,3147366,Chinanu Onuaku,1,17,5,12,0,0,12,50,10,1,0,1,FALSE,FALSE,FALSE,FALSE,FALSE
2017,3149673,Pascal Siakam,1,76,55,21,0,0,21,860,15.636363636363637,19,12,21,FALSE,FALSE,FALSE,FALSE,FALSE
2017,3153165,Chris McCullough,2,36,16,20,0,0,20,82,5.125,0,0,0,FALSE,FALSE,FALSE,FALSE,FALSE
2017,3155535,Kevon Looney,1,76,53,23,1,0,21,445,8.39622641509434,0,7,2,FALSE,FALSE,FALSE,FALSE,FALSE
2017,3155942,Domantas Sabonis,1,82,81,1,0,0,1,1631,20.135802469135804,45,17,47,FALSE,FALSE,FALSE,FALSE,FALSE
2017,3187,Arron Afflalo,1,76,61,15,0,0,11,1579,25.885245901639344,47,9,49,FALSE,FALSE,FALSE,FALSE,FALSE
2017,3190,Marco Belinelli,1,78,74,4,0,0,1,1778,24.027027027027028,66,4,68,FALSE,FALSE,FALSE,FALSE,FALSE
2017,3191,Corey Brewer,2,82,82,0,0,0,0,1283,15.646341463414634,16,29,18,FALSE,FALSE,FALSE,FALSE,FALSE
2017,3192,Aaron Brooks,1,79,65,14,0,0,14,894,13.753846153846155,9,18,11,FALSE,FALSE,FALSE,FALSE,FALSE
2017,3194,Wilson Chandler,1,75,71,4,2,0,2,2194,30.901408450704224,70,1,71,FALSE,FALSE,FALSE,FALSE,TRUE
2017,3195,Mike Conley,1,76,69,7,3,0,1,2295,33.26086956521739,68,1,69,FALSE,FALSE,FALSE,FALSE,TRUE
2017,3201,Jared Dudley,1,79,64,15,0,0,13,1364,21.3125,41,12,43,FALSE,FALSE,FALSE,FALSE,FALSE
2017,3202,Kevin Durant,2,63,63,0,0,0,0,2099,33.317460317460316,62,0,62,TRUE,TRUE,FALSE,FALSE,FALSE
2017,3206,Marc Gasol,2,83,75,8,0,2,3,2547,33.96,75,0,75,TRUE,FALSE,FALSE,FALSE,FALSE
2017,3209,Jeff Green,1,70,69,1,0,0,0,1532,22.202898550724637,47,18,49,FALSE,FALSE,FALSE,FALSE,FALSE
2017,3211,Spencer Hawes,2,81,53,28,0,0,26,797,15.037735849056604,18,9,20,FALSE,FALSE,FALSE,FALSE,FALSE
2017,3213,Al Horford,1,68,68,0,0,0,0,2199,32.338235294117645,68,0,68,TRUE,TRUE,FALSE,FALSE,FALSE
2017,3220,Josh McRoberts,1,37,22,15,0,0,11,382,17.363636363636363,5,10,7,FALSE,FALSE,FALSE,FALSE,FALSE
2017,3224,Joakim Noah,1,52,45,7,0,0,0,973,21.622222222222224,28,10,30,TRUE,FALSE,FALSE,FALSE,FALSE
2017,3231,Ramon Sessions,1,50,50,0,0,0,0,810,16.2,10,22,12,FALSE,FALSE,FALSE,FALSE,FALSE
2017,3232,Jason Smith,1,82,74,8,0,0,8,1067,14.41891891891892,16,19,18,FALSE,FALSE,FALSE,FALSE,FALSE
2017,3233,Tiago Splitter,1,23,8,15,0,0,2,77,9.625,1,0,1,FALSE,FALSE,FALSE,FALSE,FALSE
2017,3235,Rodney Stuckey,1,46,39,7,0,0,3,692,17.743589743589745,18,10,20,FALSE,FALSE,FALSE,FALSE,FALSE
2017,3242,Brandan Wright,1,38,28,10,0,0,2,447,15.964285714285714,9,6,11,FALSE,FALSE,FALSE,FALSE,FALSE
2017,3243,Nick Young,1,82,60,22,0,0,14,1556,25.933333333333334,54,3,56,FALSE,FALSE,FALSE,FALSE,FALSE
2017,3244,Thaddeus Young,1,74,74,0,0,0,0,2241,30.283783783783782,70,2,72,FALSE,FALSE,FALSE,FALSE,TRUE
2017,3247,Joel Anthony,1,28,18,10,0,0,9,123,6.833333333333333,1,1,2,FALSE,FALSE,FALSE,FALSE,FALSE
2017,3276,Anthony Tolliver,1,79,65,14,0,0,14,1481,22.784615384615385,46,9,48,FALSE,FALSE,FALSE,FALSE,FALSE
2017,3277,C.J. Watson,1,78,62,16,0,0,16,1011,16.306451612903224,17,16,19,FALSE,FALSE,FALSE,FALSE,FALSE
2017,3410,Alexis Ajinca,1,80,39,41,0,0,38,584,14.974358974358974,11,7,13,FALSE,FALSE,FALSE,FALSE,FALSE
2017,3412,Ryan Anderson,1,76,72,4,0,0,1,2114,29.36111111111111,69,1,70,FALSE,FALSE,FALSE,FALSE,TRUE
2017,3413,Darrell Arthur,1,70,41,29,2,1,22,641,15.634146341463415,15,11,17,FALSE,FALSE,FALSE,FALSE,FALSE
2017,3414,Omer Asik,1,73,31,42,15,0,27,483,15.580645161290322,8,9,10,FALSE,FALSE,FALSE,FALSE,FALSE
2017,3415,D.J. Augustin,1,82,78,4,0,0,3,1538,19.71794871794872,38,26,40,FALSE,FALSE,FALSE,FALSE,FALSE
2017,3416,Nicolas Batum,1,81,77,4,0,0,0,2618,34,76,0,76,FALSE,FALSE,FALSE,FALSE,TRUE
2017,3417,Jerryd Bayless,1,14,3,11,7,0,1,71,23.666666666666668,2,1,3,FALSE,FALSE,FALSE,FALSE,FALSE
2017,3418,Michael Beasley,1,61,56,5,0,0,4,934,16.678571428571427,19,14,21,FALSE,FALSE,FALSE,FALSE,FALSE
2017,3423,Goran Dragic,1,82,73,9,0,0,3,2460,33.6986301369863,72,1,73,TRUE,FALSE,FALSE,FALSE,FALSE
2017,3428,Danilo Gallinari,1,68,63,5,1,0,2,2134,33.87301587301587,63,0,63,FALSE,FALSE,FALSE,FALSE,TRUE
2017,3431,Eric Gordon,1,81,75,6,1,0,3,2322,30.96,75,0,75,FALSE,FALSE,FALSE,FALSE,TRUE
2017,3436,Roy Hibbert,3,69,48,21,0,0,21,684,14.25,6,20,8,TRUE,FALSE,FALSE,FALSE,FALSE
2017,3438,George Hill,1,69,49,20,1,0,1,1545,31.53061224489796,46,2,48,FALSE,FALSE,FALSE,FALSE,TRUE
2017,3439,Serge Ibaka,2,80,79,1,0,0,0,2424,30.68354430379747,78,1,79,FALSE,FALSE,FALSE,FALSE,TRUE
2017,3442,DeAndre Jordan,2,82,82,0,0,0,0,2582,31.48780487804878,81,0,81,TRUE,TRUE,FALSE,FALSE,FALSE
2017,3444,Kosta Koufos,1,82,71,11,0,2,9,1415,19.929577464788732,37,19,39,FALSE,FALSE,FALSE,FALSE,FALSE
2017,3445,Courtney Lee,1,78,76,2,0,0,0,2408,31.68421052631579,75,0,75,FALSE,FALSE,FALSE,FALSE,TRUE
2017,3447,Robin Lopez,1,82,81,1,0,0,0,2273,28.061728395061728,74,6,76,FALSE,FALSE,FALSE,FALSE,TRUE
2017,3448,Brook Lopez,1,80,75,5,0,3,2,2227,29.69333333333333,75,0,75,FALSE,FALSE,FALSE,FALSE,TRUE
2017,3449,Kevin Love,2,69,60,9,2,1,1,1887,31.45,58,1,59,TRUE,FALSE,FALSE,FALSE,FALSE
2017,3451,Luc Mbah a Moute,1,82,80,2,0,0,1,1785,22.3125,50,18,52,FALSE,FALSE,FALSE,FALSE,FALSE
2017,3452,JaVale McGee,1,82,77,5,0,0,5,739,9.597402597402597,1,15,3,FALSE,FALSE,FALSE,FALSE,FALSE
2017,3456,Derrick Rose,1,66,64,2,0,0,0,2084,32.5625,63,0,63,FALSE,FALSE,FALSE,FALSE,TRUE
2017,3457,Brandon Rush,1,77,47,30,1,0,29,1031,21.93617021276596,28,7,30,FALSE,FALSE,FALSE,FALSE,FALSE
2017,3460,Marreese Speights,1,82,82,0,0,0,0,1285,15.670731707317072,11,37,13,FALSE,FALSE,FALSE,FALSE,FALSE
2017,3468,Russell Westbrook,2,83,82,1,0,0,1,2822,34.41463414634146,81,1,82,TRUE,TRUE,FALSE,FALSE,FALSE
2017,3472,Bobby Brown,1,66,25,41,0,0,41,124,4.96,2,0,2,FALSE,FALSE,FALSE,FALSE,FALSE
2017,3474,Anthony Morrow,2,76,48,28,0,0,27,711,14.8125,15,10,17,FALSE,FALSE,FALSE,FALSE,FALSE
2017,3554,Omri Casspi,3,51,36,15,1,0,13,645,17.916666666666668,12,11,14,FALSE,FALSE,FALSE,FALSE,FALSE
2017,3593,Bojan Bogdanovic,2,82,81,1,0,0,1,2080,25.679012345679013,71,8,73,FALSE,FALSE,FALSE,FALSE,FALSE
2017,3892818,Emmanuel Mudiay,1,73,55,18,1,0,13,1411,25.654545454545456,42,8,44,FALSE,FALSE,FALSE,FALSE,FALSE
2017,3893019,Timothe Luwawu-Cabarrot,1,81,69,12,0,0,12,1189,17.231884057971016,27,9,29,FALSE,FALSE,FALSE,FALSE,FALSE
2017,3893023,Paul Zipser,1,72,44,28,4,0,22,840,19.09090909090909,24,6,26,FALSE,FALSE,FALSE,FALSE,FALSE
2017,3906522,Henry Ellenson,1,45,19,26,0,0,26,145,7.631578947368421,2,2,4,FALSE,FALSE,FALSE,FALSE,FALSE
2017,3907487,Marquese Chriss,1,82,82,0,0,0,0,1740,21.21951219512195,44,24,46,FALSE,FALSE,FALSE,FALSE,FALSE
2017,3907497,Dejounte Murray,1,52,34,18,0,0,14,318,9.352941176470589,7,1,8,FALSE,FALSE,FALSE,FALSE,FALSE
2017,3907822,Malik Beasley,1,55,21,34,0,0,33,165,7.857142857142857,2,1,3,FALSE,FALSE,FALSE,FALSE,FALSE
2017,3913176,Brandon Ingram,1,79,79,0,0,0,0,2280,28.860759493670887,75,2,77,FALSE,FALSE,FALSE,FALSE,TRUE
2017,3917376,Jaylen Brown,1,79,78,1,0,0,0,1342,17.205128205128204,29,18,31,FALSE,FALSE,FALSE,FALSE,FALSE
2017,3919335,Cheick Diallo,1,51,16,35,0,0,34,198,12.375,5,0,5,FALSE,FALSE,FALSE,FALSE,FALSE
2017,3924880,Diamond Stone,1,17,7,10,0,0,10,25,3.5714285714285716,0,0,0,FALSE,FALSE,FALSE,FALSE,FALSE
2017,3929314,Nicolas Brussino,1,80,50,30,0,0,26,522,10.44,8,4,10,FALSE,FALSE,FALSE,FALSE,FALSE
2017,3934663,Malachi Richardson,1,43,22,21,0,0,20,198,9,1,1,2,FALSE,FALSE,FALSE,FALSE,FALSE
2017,3936099,Derrick Jones Jr.,1,40,32,8,0,0,8,544,17,15,4,17,FALSE,FALSE,FALSE,FALSE,FALSE
2017,3936102,Stephen Zimmerman,1,39,19,20,0,0,20,110,5.7894736842105265,0,1,1,FALSE,FALSE,FALSE,FALSE,FALSE
2017,3936296,Skal Labissiere,1,57,33,24,0,0,24,612,18.545454545454547,16,5,18,FALSE,FALSE,FALSE,FALSE,FALSE
2017,3936299,Jamal Murray,1,82,82,0,0,0,0,1765,21.524390243902438,47,19,49,FALSE,FALSE,FALSE,FALSE,FALSE
2017,3937101,Deyonta Davis,1,61,34,27,0,0,20,237,6.970588235294118,1,2,3,FALSE,FALSE,FALSE,FALSE,FALSE
2017,3964,Patrick Beverley,1,71,67,4,1,0,2,2055,30.671641791044777,66,0,66,FALSE,FALSE,FALSE,FALSE,TRUE
2017,3970,DeMarre Carroll,1,81,72,9,0,4,4,1885,26.180555555555557,60,11,62,FALSE,FALSE,FALSE,FALSE,FALSE
2017,3973,Darren Collison,1,78,68,10,0,0,7,2068,30.41176470588235,68,0,68,FALSE,FALSE,FALSE,FALSE,TRUE
2017,3974,Dante Cunningham,1,82,66,16,0,0,11,1649,24.984848484848484,51,9,53,FALSE,FALSE,FALSE,FALSE,FALSE
2017,3975,Stephen Curry,2,82,80,2,0,1,0,2666,33.325,80,0,80,TRUE,TRUE,FALSE,FALSE,FALSE
2017,3978,DeMar DeRozan,2,75,75,0,0,0,0,2645,35.266666666666666,75,0,75,TRUE,FALSE,FALSE,FALSE,FALSE
2017,3979,Toney Douglas,1,26,24,2,0,0,2,395,16.458333333333332,11,5,13,FALSE,FALSE,FALSE,FALSE,FALSE
2017,3981,Wayne Ellington,1,66,62,4,0,0,0,1496,24.129032258064516,43,13,45,FALSE,FALSE,FALSE,FALSE,FALSE
2017,3983,Tyreke Evans,2,54,40,14,0,0,14,788,19.7,23,10,25,FALSE,FALSE,FALSE,FALSE,FALSE
2017,3986,Taj Gibson,2,79,78,1,0,0,1,1988,25.487179487179485,68,7,70,FALSE,FALSE,FALSE,FALSE,FALSE
2017,3988,Danny Green,1,68,68,0,0,0,0,1806,26.558823529411764,62,6,64,FALSE,FALSE,FALSE,FALSE,FALSE
2017,3989,Blake Griffin,1,64,61,3,0,2,0,2078,34.0655737704918,61,0,61,TRUE,FALSE,FALSE,FALSE,FALSE
2017,3992,James Harden,2,82,82,0,0,0,0,2985,36.40243902439025,82,0,82,TRUE,TRUE,FALSE,FALSE,FALSE
2017,3993,Gerald Henderson,1,82,72,10,4,2,1,1669,23.180555555555557,52,17,54,FALSE,FALSE,FALSE,FALSE,FALSE
2017,3994,Jordan Hill,1,82,7,75,0,0,75,48,6.857142857142857,0,1,1,FALSE,FALSE,FALSE,FALSE,FALSE
2017,3995,Jrue Holiday,1,81,67,14,0,0,5,2185,32.61194029850746,66,1,67,FALSE,FALSE,FALSE,FALSE,TRUE
2017,3997,Brandon Jennings,2,80,80,0,0,0,0,1749,21.8625,45,21,47,FALSE,FALSE,FALSE,FALSE,FALSE
2017,3998,Jonas Jerebko,1,80,78,2,0,0,2,1235,15.833333333333334,18,29,20,FALSE,FALSE,FALSE,FALSE,FALSE
2017,3999,James Johnson,1,82,76,6,0,0,0,2086,27.44736842105263,64,11,66,FALSE,FALSE,FALSE,FALSE,FALSE
2017,4000,Ty Lawson,1,82,69,13,0,2,6,1733,25.115942028985508,60,5,62,FALSE,FALSE,FALSE,FALSE,FALSE
2017,4003,Jodie Meeks,1,40,36,4,1,0,2,741,20.583333333333332,16,12,18,FALSE,FALSE,FALSE,FALSE,FALSE
2017,4004,Patty Mills,1,82,80,2,0,0,1,1754,21.925,46,34,48,FALSE,FALSE,FALSE,FALSE,FALSE
2017,4011,Ricky Rubio,1,76,75,1,0,0,1,2468,32.906666666666666,74,1,75,FALSE,FALSE,FALSE,FALSE,TRUE
2017,4011991,Dragan Bender,1,51,43,8,0,0,8,574,13.348837209302326,10,2,12,FALSE,FALSE,FALSE,FALSE,FALSE
2017,4015,Jeff Teague,1,82,82,0,0,0,0,2660,32.4390243902439,81,1,82,TRUE,FALSE,FALSE,FALSE,FALSE
2017,4017,Marcus Thornton,1,55,33,22,0,0,22,576,17.454545454545453,9,15,11,FALSE,FALSE,FALSE,FALSE,FALSE
2017,4017837,Ivica Zubac,1,50,38,12,0,0,12,611,16.07894736842105,13,10,15,FALSE,FALSE,FALSE,FALSE,FALSE
2017,4017839,Juancho Hernangomez,1,81,61,20,0,0,18,841,13.78688524590164,13,9,15,FALSE,FALSE,FALSE,FALSE,FALSE
2017,4017843,Thon Maker,1,82,56,26,0,0,25,565,10.089285714285714,6,7,8,FALSE,FALSE,FALSE,FALSE,FALSE
2017,4017846,Georgios Papagiannis,1,39,22,17,0,0,17,355,16.136363636363637,12,0,12,FALSE,FALSE,FALSE,FALSE,FALSE
2017,4023,Garrett Temple,1,71,65,6,0,1,4,1727,26.56923076923077,52,10,54,FALSE,FALSE,FALSE,FALSE,FALSE
2017,4032,Wesley Matthews,1,79,73,6,0,3,1,2495,34.178082191780824,69,3,71,FALSE,FALSE,FALSE,FALSE,TRUE
2017,4064730,Tim Quarterman,1,35,15,20,0,0,18,79,5.266666666666667,1,0,1,FALSE,FALSE,FALSE,FALSE,FALSE
2017,4229,Reggie Williams,1,15,6,9,0,0,8,79,13.166666666666666,1,2,3,FALSE,FALSE,FALSE,FALSE,FALSE
2017,4232,Alonzo Gee,1,18,12,6,0,0,5,87,7.25,1,0,1,FALSE,FALSE,FALSE,FALSE,FALSE
2017,4237,John Wall,2,80,79,1,0,0,1,2857,36.164556962025316,79,0,79,TRUE,FALSE,FALSE,FALSE,FALSE
2017,4238,Eric Bledsoe,1,81,66,15,0,2,13,2178,33,65,0,65,FALSE,FALSE,FALSE,FALSE,TRUE
2017,4239,Evan Turner,1,68,65,3,0,0,1,1656,25.476923076923075,60,5,62,FALSE,FALSE,FALSE,FALSE,FALSE
2017,4240,Avery Bradley,1,56,55,1,1,0,0,1837,33.4,54,1,55,FALSE,TRUE,FALSE,FALSE,TRUE
2017,4243,Jordan Crawford,1,19,19,0,0,0,0,442,23.263157894736842,15,4,17,FALSE,FALSE,FALSE,FALSE,FALSE
2017,4244,Lance Stephenson,3,24,18,6,0,0,3,362,20.11111111111111,10,4,12,FALSE,FALSE,FALSE,FALSE,FALSE
2017,4247,Wesley Johnson,1,77,68,9,0,0,8,818,12.029411764705882,6,16,8,FALSE,FALSE,FALSE,FALSE,FALSE
2017,4248,Al-Farouq Aminu,1,66,61,5,0,0,2,1775,29.098360655737704,57,3,59,FALSE,FALSE,FALSE,FALSE,TRUE
2017,4249,Gordon Hayward,2,77,74,3,1,0,0,2536,34.270270270270274,73,1,74,FALSE,FALSE,FALSE,FALSE,TRUE
2017,4250,Luke Babbitt,1,82,68,14,1,0,7,1067,15.691176470588236,16,26,18,FALSE,FALSE,FALSE,FALSE,FALSE
2017,4251,Paul George,2,79,76,3,0,0,1,2710,35.6578947368421,75,1,76,TRUE,TRUE,FALSE,FALSE,FALSE
2017,4253,Quincy Pondexter,1,1,0,1,0,0,0,0,0,0,0,0,FALSE,FALSE,FALSE,FALSE,FALSE
2017,4257,Derrick Favors,1,52,50,2,0,0,0,1188,23.76,39,5,41,FALSE,FALSE,FALSE,FALSE,FALSE
2017,4258,DeMarcus Cousins,3,83,73,10,2,0,4,2468,33.80821917808219,72,0,72,TRUE,TRUE,FALSE,FALSE,FALSE
2017,4259,Ed Davis,1,66,46,20,0,0,11,786,17.08695652173913,12,18,14,FALSE,FALSE,FALSE,FALSE,FALSE
2017,4260,Greg Monroe,1,82,81,1,0,0,1,1821,22.48148148148148,56,18,58,FALSE,FALSE,FALSE,FALSE,FALSE
2017,4262,Hassan Whiteside,1,82,77,5,0,0,2,2516,32.675324675324674,77,0,77,FALSE,TRUE,FALSE,FALSE,TRUE
2017,4264,Patrick Patterson,1,78,65,13,1,0,5,1601,24.630769230769232,52,10,54,FALSE,FALSE,FALSE,FALSE,FALSE
2017,4265,Larry Sanders,1,8,5,3,0,0,3,12,2.4,0,0,0,FALSE,FALSE,FALSE,FALSE,FALSE
2017,4267,Cole Aldrich,1,82,62,20,0,0,20,535,8.629032258064516,4,5,6,FALSE,FALSE,FALSE,FALSE,FALSE
2017,4269,Nemanja Bjelica,1,80,65,15,1,0,1,1189,18.29230769230769,22,19,24,FALSE,FALSE,FALSE,FALSE,FALSE
2017,4270,Trevor Booker,1,80,71,9,3,2,4,1757,24.746478873239436,59,10,61,FALSE,FALSE,FALSE,FALSE,FALSE
2017,4289,Kevin Seraphin,1,77,49,28,0,0,25,561,11.448979591836734,7,11,9,FALSE,FALSE,FALSE,FALSE,FALSE
2017,4291,Greivis Vasquez,1,7,3,4,0,0,2,39,13,0,1,1,FALSE,FALSE,FALSE,FALSE,FALSE
2017,4298,Timofey Mozgov,1,75,54,21,0,0,21,1106,20.48148148148148,32,15,34,FALSE,FALSE,FALSE,FALSE,FALSE
2017,4299,Jeremy Lin,1,38,36,2,0,1,1,882,24.5,31,4,33,FALSE,FALSE,FALSE,FALSE,FALSE
2017,4300,Gary Neal,1,5,2,3,0,0,3,19,9.5,0,0,0,FALSE,FALSE,FALSE,FALSE,FALSE
2017,4305,Ish Smith,1,82,81,1,0,0,1,1958,24.17283950617284,55,24,57,FALSE,FALSE,FALSE,FALSE,FALSE
2017,4321,Elijah Millsap,1,2,2,0,0,0,0,23,11.5,0,0,0,FALSE,FALSE,FALSE,FALSE,FALSE
2017,4360,Manny Harris,1,7,4,3,0,0,3,25,6.25,0,1,1,FALSE,FALSE,FALSE,FALSE,FALSE
2017,4376,Boban Marjanovic,1,81,34,47,0,0,46,292,8.588235294117647,5,2,7,FALSE,FALSE,FALSE,FALSE,FALSE
2017,4385,Mirza Teletovic,1,82,70,12,0,0,8,1138,16.257142857142856,22,21,24,FALSE,FALSE,FALSE,FALSE,FALSE
2017,558,Mike Miller,1,75,19,56,0,0,54,152,8,2,0,2,FALSE,FALSE,FALSE,FALSE,FALSE
2017,609,Dirk Nowitzki,1,59,54,5,1,2,2,1421,26.314814814814813,47,7,49,TRUE,FALSE,FALSE,FALSE,FALSE
2017,6424,Lavoy Allen,1,76,61,15,0,0,14,868,14.229508196721312,14,21,16,FALSE,FALSE,FALSE,FALSE,FALSE
2017,6426,Davis Bertans,1,81,65,16,0,0,14,804,12.36923076923077,10,17,12,FALSE,FALSE,FALSE,FALSE,FALSE
2017,6427,Bismack Biyombo,1,82,81,1,0,0,0,1801,22.234567901234566,47,32,49,FALSE,FALSE,FALSE,FALSE,FALSE
2017,6429,Alec Burks,1,47,42,5,0,0,5,656,15.619047619047619,13,13,15,FALSE,FALSE,FALSE,FALSE,FALSE
2017,6430,Jimmy Butler,2,81,77,4,1,0,1,2827,36.714285714285715,76,1,77,TRUE,TRUE,FALSE,FALSE,FALSE
2017,6431,Norris Cole,1,22,13,9,0,0,9,124,9.538461538461538,2,1,3,FALSE,FALSE,FALSE,FALSE,FALSE
2017,6433,Kenneth Faried,1,66,61,5,2,0,1,1300,21.311475409836067,35,14,37,FALSE,FALSE,FALSE,FALSE,FALSE
2017,6438,Justin Harper,1,5,2,3,0,0,3,27,13.5,1,0,1,FALSE,FALSE,FALSE,FALSE,FALSE
2017,6440,Tobias Harris,1,82,82,0,0,0,0,2566,31.29268292682927,82,0,82,FALSE,FALSE,FALSE,FALSE,TRUE
2017,6442,Kyrie Irving,2,81,73,8,0,2,2,2546,34.87671232876713,73,0,73,TRUE,FALSE,FALSE,FALSE,FALSE
2017,6443,Reggie Jackson,1,52,52,0,0,0,0,1425,27.403846153846153,50,2,52,FALSE,FALSE,FALSE,FALSE,FALSE
2017,6446,Cory Joseph,1,82,80,2,0,0,1,2005,25.0625,66,10,68,FALSE,FALSE,FALSE,FALSE,FALSE
2017,6447,Enes Freedom,1,72,72,0,0,0,0,1534,21.305555555555557,43,23,45,FALSE,FALSE,FALSE,FALSE,FALSE
2017,6448,Brandon Knight,1,81,54,27,1,2,21,1137,21.055555555555557,35,12,37,FALSE,FALSE,FALSE,FALSE,FALSE
2017,6450,Kawhi Leonard,2,81,75,6,1,1,2,2493,33.24,73,1,74,TRUE,TRUE,FALSE,FALSE,FALSE
2017,6452,Jon Leuer,1,80,75,5,0,0,3,1943,25.906666666666666,66,5,68,FALSE,FALSE,FALSE,FALSE,FALSE
2017,6453,DeAndre Liggins,2,77,57,20,0,0,15,776,13.614035087719298,16,13,18,FALSE,FALSE,FALSE,FALSE,FALSE
2017,6454,Shelvin Mack,1,71,55,16,0,0,16,1204,21.89090909090909,35,7,37,FALSE,FALSE,FALSE,FALSE,FALSE
2017,6459,Nikola Mirotic,1,78,70,8,1,0,5,1681,24.014285714285716,53,13,55,FALSE,FALSE,FALSE,FALSE,FALSE
2017,6460,E'Twaun Moore,1,82,73,9,0,0,6,1816,24.876712328767123,58,14,60,FALSE,FALSE,FALSE,FALSE,FALSE
2017,6461,Markieff Morris,1,78,76,2,0,0,2,2372,31.210526315789473,71,4,73,FALSE,FALSE,FALSE,FALSE,TRUE
2017,6462,Marcus Morris Sr.,1,82,79,3,0,0,2,2567,32.49367088607595,77,2,79,FALSE,FALSE,FALSE,FALSE,TRUE
2017,6464,Donatas Motiejunas,1,45,34,11,0,0,11,479,14.088235294117647,10,9,12,FALSE,FALSE,FALSE,FALSE,FALSE
2017,6466,Chandler Parsons,1,50,34,16,0,3,6,675,19.852941176470587,19,13,21,FALSE,FALSE,FALSE,FALSE,FALSE
2017,6468,Iman Shumpert,1,81,76,5,0,0,1,1937,25.486842105263158,64,9,66,FALSE,FALSE,FALSE,FALSE,FALSE
2017,6469,Kyle Singler,1,67,31,36,0,0,35,384,12.387096774193548,5,6,7,FALSE,FALSE,FALSE,FALSE,FALSE
2017,6472,Isaiah Thomas,2,77,77,0,0,0,0,2591,33.64935064935065,76,1,77,TRUE,FALSE,FALSE,FALSE,FALSE
2017,6474,Tristan Thompson,1,78,78,0,0,0,0,2337,29.96153846153846,77,1,78,FALSE,FALSE,FALSE,FALSE,TRUE
2017,6475,Klay Thompson,2,82,79,3,0,2,0,2665,33.734177215189874,78,1,79,TRUE,TRUE,FALSE,FALSE,FALSE
2017,6477,Jonas Valanciunas,1,82,80,2,0,0,0,2067,25.8375,71,7,73,FALSE,FALSE,FALSE,FALSE,FALSE
2017,6478,Nikola Vucevic,1,79,75,4,4,0,0,2162,28.826666666666668,74,1,75,FALSE,FALSE,FALSE,FALSE,TRUE
2017,6479,Kemba Walker,2,83,80,3,0,0,2,2763,34.5375,80,0,80,FALSE,FALSE,FALSE,FALSE,TRUE
2017,6480,Derrick Williams,2,82,50,32,0,0,30,803,16.06,19,12,21,FALSE,FALSE,FALSE,FALSE,FALSE
2017,6485,Lance Thomas,1,48,46,2,0,0,1,968,21.043478260869566,24,11,26,FALSE,FALSE,FALSE,FALSE,FALSE
2017,6569,Alan Anderson,1,82,30,52,0,0,52,309,10.3,2,4,4,FALSE,FALSE,FALSE,FALSE,FALSE
2017,6576,Quincy Acy,2,45,38,7,0,0,7,559,14.710526315789474,12,9,14,FALSE,FALSE,FALSE,FALSE,FALSE
2017,6578,Harrison Barnes,1,82,79,3,0,3,0,2805,35.50632911392405,78,1,79,FALSE,FALSE,FALSE,FALSE,TRUE
2017,6579,Will Barton,1,66,60,6,0,1,2,1705,28.416666666666668,54,6,56,FALSE,FALSE,FALSE,FALSE,TRUE
2017,6580,Bradley Beal,1,80,77,3,0,0,2,2689,34.922077922077925,75,1,76,FALSE,FALSE,FALSE,FALSE,TRUE
2017,6581,Jae Crowder,1,72,72,0,0,0,0,2337,32.458333333333336,71,0,71,FALSE,TRUE,FALSE,FALSE,TRUE
2017,6583,Anthony Davis,2,81,76,5,0,1,3,2736,36,73,3,75,TRUE,TRUE,FALSE,FALSE,FALSE
2017,6585,Andre Drummond,1,81,81,0,0,0,0,2408,29.728395061728396,78,2,80,TRUE,TRUE,FALSE,FALSE,FALSE
2017,6587,Festus Ezeli,1,1,0,1,0,0,1,0,0,0,0,0,FALSE,FALSE,FALSE,FALSE,FALSE
2017,6588,Evan Fournier,1,76,68,8,0,0,4,2234,32.85294117647059,68,0,68,FALSE,FALSE,FALSE,FALSE,TRUE
2017,6589,Draymond Green,2,81,77,4,0,2,1,2492,32.36363636363637,75,2,77,TRUE,TRUE,FALSE,FALSE,FALSE
2017,6590,Justin Hamilton,1,79,64,15,0,0,14,1176,18.375,25,27,27,FALSE,FALSE,FALSE,FALSE,FALSE
2017,6591,Maurice Harkless,1,81,77,4,1,0,3,2219,28.818181818181817,71,4,73,FALSE,FALSE,FALSE,FALSE,TRUE
2017,6592,John Henson,1,77,58,19,0,0,14,1124,19.379310344827587,28,18,30,FALSE,FALSE,FALSE,FALSE,FALSE
2017,6594,John Jenkins,1,19,4,15,0,0,15,13,3.25,0,0,0,FALSE,FALSE,FALSE,FALSE,FALSE
2017,6597,Terrence Jones,2,70,54,16,1,0,15,1272,23.555555555555557,37,8,39,FALSE,FALSE,FALSE,FALSE,FALSE
2017,6601,Michael Kidd-Gilchrist,1,81,81,0,0,0,0,2355,29.074074074074073,77,4,79,FALSE,FALSE,FALSE,FALSE,TRUE
2017,6603,Jeremy Lamb,1,73,62,11,2,0,4,1142,18.419354838709676,23,17,25,FALSE,FALSE,FALSE,FALSE,FALSE
2017,6605,Meyers Leonard,1,82,74,8,0,0,8,1225,16.554054054054053,27,16,29,FALSE,FALSE,FALSE,FALSE,FALSE
2017,6606,Damian Lillard,1,77,75,2,0,0,2,2692,35.89333333333333,75,0,75,TRUE,TRUE,FALSE,FALSE,FALSE
2017,6609,Khris Middleton,1,30,29,1,0,0,1,892,30.75862068965517,27,2,29,FALSE,FALSE,FALSE,FALSE,FALSE
2017,6614,Andrew Nicholson,2,78,38,40,0,0,40,342,9,2,4,4,FALSE,FALSE,FALSE,FALSE,FALSE
2017,6615,Kyle O'Quinn,1,79,78,1,0,0,1,1203,15.423076923076923,19,26,21,FALSE,FALSE,FALSE,FALSE,FALSE
2017,6616,Miles Plumlee,2,68,45,23,0,0,19,486,10.8,5,11,7,FALSE,FALSE,FALSE,FALSE,FALSE
2017,6617,Austin Rivers,1,78,74,4,1,0,0,2056,27.783783783783782,63,10,65,FALSE,FALSE,FALSE,FALSE,FALSE
2017,6618,Thomas Robinson,1,73,47,26,0,0,25,559,11.893617021276595,2,18,4,FALSE,FALSE,FALSE,FALSE,FALSE
2017,6619,Terrence Ross,2,80,78,2,0,0,0,1954,25.05128205128205,60,16,62,FALSE,FALSE,FALSE,FALSE,FALSE
2017,662,Paul Pierce,1,78,25,53,0,0,53,278,11.12,1,6,3,FALSE,FALSE,FALSE,FALSE,FALSE
2017,6621,Tomas Satoransky,1,82,57,25,2,0,23,722,12.666666666666666,10,8,12,FALSE,FALSE,FALSE,FALSE,FALSE
2017,6622,Mike Scott,2,32,18,14,0,0,14,198,11,1,2,3,FALSE,FALSE,FALSE,FALSE,FALSE
2017,6624,Jared Sullinger,2,17,11,6,0,0,6,119,10.818181818181818,0,3,2,FALSE,FALSE,FALSE,FALSE,FALSE
2017,6628,Dion Waiters,1,63,46,17,0,0,1,1384,30.08695652173913,42,2,44,FALSE,FALSE,FALSE,FALSE,TRUE
2017,6631,Tyler Zeller,1,71,51,20,0,0,19,525,10.294117647058824,8,4,10,FALSE,FALSE,FALSE,FALSE,FALSE
2017,6634,Hollis Thompson,2,43,40,3,0,0,3,754,18.85,21,7,23,FALSE,FALSE,FALSE,FALSE,FALSE
2017,6637,Kent Bazemore,1,73,72,1,0,0,0,1913,26.569444444444443,61,11,63,FALSE,FALSE,FALSE,FALSE,FALSE
2017,6641,Brian Roberts,1,81,41,40,1,0,39,412,10.048780487804878,3,2,5,FALSE,FALSE,FALSE,FALSE,FALSE
2017,841,Jason Terry,1,79,74,5,0,0,5,1366,18.45945945945946,35,21,37,FALSE,FALSE,FALSE,FALSE,FALSE
2017,984,Tyson Chandler,1,70,47,23,0,1,20,1300,27.659574468085108,44,1,45,FALSE,FALSE,FALSE,FALSE,FALSE
2017,996,Pau Gasol,1,66,64,2,0,1,0,1627,25.421875,54,9,56,TRUE,FALSE,FALSE,FALSE,FALSE
2018,1006,Richard Jefferson,1,78,19,59,0,0,58,163,8.578947368421053,1,3,3,FALSE,FALSE,FALSE,FALSE,FALSE
2018,1007,Joe Johnson,2,59,55,4,2,1,1,1204,21.89090909090909,33,18,35,FALSE,FALSE,FALSE,FALSE,FALSE
2018,1015,Tony Parker,1,59,55,4,1,1,1,1067,19.4,25,23,27,FALSE,FALSE,FALSE,FALSE,FALSE
2018,1017,Zach Randolph,1,73,59,14,0,0,14,1507,25.54237288135593,51,7,53,FALSE,FALSE,FALSE,FALSE,FALSE
2018,136,Vince Carter,1,73,58,15,0,0,15,1027,17.70689655172414,22,17,24,FALSE,FALSE,FALSE,FALSE,FALSE
2018,165,Jamal Crawford,1,82,80,2,0,0,0,1658,20.725,46,27,48,FALSE,FALSE,FALSE,FALSE,FALSE
2018,1713,Nene ,1,73,52,21,1,0,17,759,14.596153846153847,5,24,7,FALSE,FALSE,FALSE,FALSE,FALSE
2018,1966,LeBron James,2,83,83,0,0,0,0,3055,36.80722891566265,82,0,82,TRUE,TRUE,FALSE,FALSE,FALSE
2018,1975,Carmelo Anthony,1,79,78,1,0,0,0,2503,32.08974358974359,77,0,77,TRUE,FALSE,FALSE,FALSE,FALSE
2018,1978,Nick Collison,1,82,15,67,0,0,67,75,5,0,0,0,FALSE,FALSE,FALSE,FALSE,FALSE
2018,1987,Dwyane Wade,2,69,67,2,0,1,0,1538,22.955223880597014,50,16,52,TRUE,FALSE,FALSE,FALSE,FALSE
2018,2011,Kyle Korver,1,74,73,1,0,0,0,1574,21.561643835616437,49,16,51,TRUE,FALSE,FALSE,FALSE,FALSE
2018,2016,Zaza Pachulia,1,76,69,7,0,0,5,971,14.072463768115941,6,22,8,FALSE,FALSE,FALSE,FALSE,FALSE
2018,2018,Kendrick Perkins,1,1,1,0,0,0,0,15,15,0,1,1,FALSE,FALSE,FALSE,FALSE,FALSE
2018,2141179,Andre Ingram,1,2,2,0,0,0,0,64,32,2,0,2,FALSE,FALSE,FALSE,FALSE,FALSE
2018,2177,David West,1,73,73,0,0,0,0,1001,13.712328767123287,1,29,3,FALSE,FALSE,FALSE,FALSE,FALSE
2018,2184,Udonis Haslem,1,82,14,68,0,0,66,71,5.071428571428571,0,0,0,FALSE,FALSE,FALSE,FALSE,FALSE
2018,2198243,Aaron Jackson,1,1,1,0,0,0,0,35,35,1,0,1,FALSE,FALSE,FALSE,FALSE,FALSE
2018,2234666,Jonathan Gibson,1,4,4,0,0,0,0,40,10,1,0,1,FALSE,FALSE,FALSE,FALSE,FALSE
2018,2282117,John Holland,1,38,22,16,0,0,14,176,8,2,2,4,FALSE,FALSE,FALSE,FALSE,FALSE
2018,2282205,Malcolm Delaney,1,64,54,10,2,0,7,1015,18.796296296296298,25,17,27,FALSE,FALSE,FALSE,FALSE,FALSE
2018,2282622,Jacob Pullen,1,15,3,12,0,0,12,7,2.3333333333333335,0,0,0,FALSE,FALSE,FALSE,FALSE,FALSE
2018,2284046,Omari Johnson,1,4,4,0,0,0,0,75,18.75,1,3,3,FALSE,FALSE,FALSE,FALSE,FALSE
2018,2284101,Justin Holiday,1,77,72,5,0,0,4,2269,31.51388888888889,66,5,68,FALSE,FALSE,FALSE,FALSE,TRUE
2018,2325495,Larry Drew II,2,15,9,6,0,0,5,69,7.666666666666667,0,1,1,FALSE,FALSE,FALSE,FALSE,FALSE
2018,2325499,C.J. Williams,1,41,35,6,0,0,3,704,20.114285714285714,20,4,22,FALSE,FALSE,FALSE,FALSE,FALSE
2018,2326015,Willie Reed,2,53,41,12,0,0,10,428,10.439024390243903,3,4,5,FALSE,FALSE,FALSE,FALSE,FALSE
2018,2326307,Seth Curry,1,1,0,1,0,0,1,0,0,0,0,0,FALSE,FALSE,FALSE,FALSE,FALSE
2018,2327577,JaMychal Green,1,63,55,8,2,0,0,1538,27.963636363636365,51,3,53,FALSE,FALSE,FALSE,FALSE,FALSE
2018,2327832,Trey McKinney-Jones,1,4,1,3,0,0,3,1,1,0,0,0,FALSE,FALSE,FALSE,FALSE,FALSE
2018,2328418,Scotty Hopson,1,5,1,4,0,0,4,8,8,0,0,0,FALSE,FALSE,FALSE,FALSE,FALSE
2018,2333797,Jeff Withey,1,31,9,22,0,0,21,39,4.333333333333333,0,0,0,FALSE,FALSE,FALSE,FALSE,FALSE
2018,2367,Tony Allen,1,35,22,13,1,0,2,271,12.318181818181818,1,7,3,FALSE,FALSE,FALSE,FALSE,FALSE
2018,2382,Devin Harris,2,73,71,2,0,0,0,1338,18.845070422535212,32,26,34,FALSE,FALSE,FALSE,FALSE,FALSE
2018,2384,Dwight Howard,1,82,81,1,0,0,0,2462,30.395061728395063,79,1,80,FALSE,FALSE,FALSE,FALSE,TRUE
2018,2386,Andre Iguodala,1,64,64,0,0,0,0,1629,25.453125,59,4,61,FALSE,FALSE,FALSE,FALSE,FALSE
2018,2389,Al Jefferson,1,82,36,46,0,0,46,480,13.333333333333334,4,12,6,FALSE,FALSE,FALSE,FALSE,FALSE
2018,2393,Shaun Livingston,1,73,71,2,0,0,0,1137,16.014084507042252,11,38,13,FALSE,FALSE,FALSE,FALSE,FALSE
2018,2399,Emeka Okafor,1,31,26,5,0,0,5,352,13.538461538461538,6,7,8,FALSE,FALSE,FALSE,FALSE,FALSE
2018,2411,Josh Smith,1,7,3,4,0,0,4,12,4,0,0,0,FALSE,FALSE,FALSE,FALSE,FALSE
2018,2426,Trevor Ariza,1,77,67,10,1,1,1,2270,33.88059701492537,66,0,66,FALSE,FALSE,FALSE,FALSE,TRUE
2018,2429,Luol Deng,1,15,1,14,0,0,10,13,13,0,0,0,FALSE,FALSE,FALSE,FALSE,FALSE
2018,2439,Jameer Nelson,2,71,50,21,1,0,18,1016,20.32,27,13,29,FALSE,FALSE,FALSE,FALSE,FALSE
2018,2444,JR Smith,1,81,80,1,1,0,0,2249,28.1125,75,4,77,FALSE,FALSE,FALSE,FALSE,TRUE
2018,2451037,Daniel Theis,1,66,62,4,0,0,3,924,14.903225806451612,16,18,18,FALSE,FALSE,FALSE,FALSE,FALSE
2018,2488653,Mason Plumlee,1,75,74,1,0,0,0,1441,19.472972972972972,38,18,40,FALSE,FALSE,FALSE,FALSE,FALSE
2018,2488674,Travis Wear,1,19,17,2,0,0,2,229,13.470588235294118,0,8,2,FALSE,FALSE,FALSE,FALSE,FALSE
2018,2488689,Sean Kilpatrick,4,75,51,24,0,0,23,638,12.509803921568627,13,7,15,FALSE,FALSE,FALSE,FALSE,FALSE
2018,2488713,Jack Cooley,1,21,7,14,0,0,14,87,12.428571428571429,0,4,2,FALSE,FALSE,FALSE,FALSE,FALSE
2018,2488826,Rodney McGruder,1,24,18,6,1,0,4,300,16.666666666666668,8,4,10,FALSE,FALSE,FALSE,FALSE,FALSE
2018,2488911,Brandon Paul,1,78,59,19,0,0,13,572,9.694915254237289,9,4,11,FALSE,FALSE,FALSE,FALSE,FALSE
2018,2488938,Reggie Hearn,1,11,3,8,0,0,8,7,2.3333333333333335,0,0,0,FALSE,FALSE,FALSE,FALSE,FALSE
2018,2488945,Tim Frazier,1,81,59,22,0,0,22,840,14.23728813559322,13,13,15,FALSE,FALSE,FALSE,FALSE,FALSE
2018,2488958,Solomon Hill,1,14,12,2,0,1,0,187,15.583333333333334,3,4,5,FALSE,FALSE,FALSE,FALSE,FALSE
2018,2488977,Jamil Wilson,1,21,15,6,0,0,6,274,18.266666666666666,8,2,10,FALSE,FALSE,FALSE,FALSE,FALSE
2018,2489530,Troy Daniels,1,81,79,2,0,0,1,1620,20.50632911392405,43,15,45,FALSE,FALSE,FALSE,FALSE,FALSE
2018,2489663,Kelly Olynyk,1,82,76,6,0,0,0,1779,23.407894736842106,54,13,56,FALSE,FALSE,FALSE,FALSE,FALSE
2018,2489664,David Stockton,1,10,3,7,0,0,7,9,3,0,0,0,FALSE,FALSE,FALSE,FALSE,FALSE
2018,2489716,Matthew Dellavedova,1,38,38,0,0,0,0,709,18.657894736842106,14,16,16,FALSE,FALSE,FALSE,FALSE,FALSE
2018,2489785,Ian Clark,1,82,74,8,0,0,6,1455,19.66216216216216,41,12,43,FALSE,FALSE,FALSE,FALSE,FALSE
2018,2490089,Mike Muscala,1,56,53,3,0,0,2,1062,20.037735849056602,29,11,31,FALSE,FALSE,FALSE,FALSE,FALSE
2018,2490149,CJ McCollum,1,82,81,1,0,0,0,2925,36.111111111111114,81,0,81,FALSE,FALSE,FALSE,FALSE,TRUE
2018,2490589,Isaiah Canaan,2,24,20,4,0,0,3,423,21.15,15,3,17,FALSE,FALSE,FALSE,FALSE,FALSE
2018,2490620,Robert Covington,1,81,80,1,0,0,1,2528,31.6,78,2,80,FALSE,TRUE,FALSE,FALSE,TRUE
2018,2491079,Nate Wolters,1,15,5,10,0,0,10,19,3.8,0,0,0,FALSE,FALSE,FALSE,FALSE,FALSE
2018,2506,Damien Wilkins,1,38,19,19,0,0,19,152,8,2,0,2,FALSE,FALSE,FALSE,FALSE,FALSE
2018,2527963,Victor Oladipo,2,76,76,0,0,0,0,2571,33.828947368421055,75,1,76,FALSE,FALSE,FALSE,FALSE,TRUE
2018,2528096,Mike James,2,47,36,11,0,0,10,688,19.11111111111111,20,7,22,FALSE,FALSE,FALSE,FALSE,FALSE
2018,2528210,Tim Hardaway Jr.,1,60,57,3,0,0,0,1885,33.07017543859649,57,0,57,FALSE,FALSE,FALSE,FALSE,TRUE
2018,2528327,Kyle Collinsworth,1,48,31,17,0,0,16,479,15.451612903225806,7,8,9,FALSE,FALSE,FALSE,FALSE,FALSE
2018,2528353,Tony Snell,1,82,75,7,0,0,0,2051,27.346666666666668,63,9,65,FALSE,FALSE,FALSE,FALSE,FALSE
2018,2528386,Joe Young,1,82,53,29,0,0,29,560,10.566037735849056,7,4,9,FALSE,FALSE,FALSE,FALSE,FALSE
2018,2528393,Tarik Black,1,82,51,31,0,0,29,534,10.470588235294118,4,9,6,FALSE,FALSE,FALSE,FALSE,FALSE
2018,2528426,Jordan Clarkson,2,81,81,0,0,0,0,1885,23.271604938271604,62,13,64,FALSE,FALSE,FALSE,FALSE,FALSE
2018,2528473,Okaro White,1,15,5,10,0,0,7,80,16,1,2,3,FALSE,FALSE,FALSE,FALSE,FALSE
2018,2528586,Walt Lemon Jr.,1,10,5,5,0,0,5,35,7,0,0,0,FALSE,FALSE,FALSE,FALSE,FALSE
2018,2528588,Doug McDermott,2,82,81,1,0,0,1,1765,21.790123456790123,52,15,54,FALSE,FALSE,FALSE,FALSE,FALSE
2018,2528693,Torrey Craig,1,42,39,3,0,0,3,628,16.102564102564102,10,11,12,FALSE,FALSE,FALSE,FALSE,FALSE
2018,2528779,Reggie Bullock,1,77,62,15,0,0,11,1731,27.919354838709676,54,1,55,FALSE,FALSE,FALSE,FALSE,FALSE
2018,2528787,Lorenzo Brown,1,28,13,15,0,0,14,139,10.692307692307692,1,4,3,FALSE,FALSE,FALSE,FALSE,FALSE
2018,2528794,Joe Harris,1,81,77,4,0,0,2,1952,25.350649350649352,68,9,70,FALSE,FALSE,FALSE,FALSE,FALSE
2018,2528803,Jarell Eddie,2,6,3,3,0,0,3,9,3,0,0,0,FALSE,FALSE,FALSE,FALSE,FALSE
2018,2530276,Tyler Johnson,1,74,72,2,0,0,0,2052,28.5,70,1,71,FALSE,FALSE,FALSE,FALSE,TRUE
2018,2530530,T.J. McConnell,1,77,76,1,0,0,0,1704,22.42105263157895,51,18,53,FALSE,FALSE,FALSE,FALSE,FALSE
2018,2530572,Langston Galloway,1,82,58,24,0,0,24,865,14.913793103448276,16,16,18,FALSE,FALSE,FALSE,FALSE,FALSE
2018,2530596,Andre Roberson,1,39,39,0,0,0,0,1040,26.666666666666668,34,3,36,FALSE,TRUE,FALSE,FALSE,FALSE
2018,2530750,Markel Brown,1,8,4,4,0,0,4,31,7.75,0,1,1,FALSE,FALSE,FALSE,FALSE,FALSE
2018,2530780,Shabazz Napier,1,81,74,7,0,0,6,1534,20.72972972972973,44,15,46,FALSE,FALSE,FALSE,FALSE,FALSE
2018,2530923,Alfonzo McKinnie,1,38,13,25,0,0,24,54,4.153846153846154,0,0,0,FALSE,FALSE,FALSE,FALSE,FALSE
2018,2531039,Vander Blue,1,9,5,4,0,0,4,45,9,0,1,1,FALSE,FALSE,FALSE,FALSE,FALSE
2018,2531047,Jerian Grant,1,82,74,8,0,0,8,1685,22.77027027027027,47,13,49,FALSE,FALSE,FALSE,FALSE,FALSE
2018,2531100,Adreian Payne,1,9,5,4,0,0,4,43,8.6,1,0,1,FALSE,FALSE,FALSE,FALSE,FALSE
2018,2531185,Carrick Felix,1,7,0,7,0,0,6,0,0,0,0,0,FALSE,FALSE,FALSE,FALSE,FALSE
2018,2531210,Allen Crabbe,1,78,74,4,0,0,0,2163,29.22972972972973,72,2,74,FALSE,FALSE,FALSE,FALSE,TRUE
2018,2531352,Eric Moreland,1,81,67,14,0,0,14,807,12.044776119402986,9,10,11,FALSE,FALSE,FALSE,FALSE,FALSE
2018,2531362,Anthony Brown,1,7,1,6,0,0,6,4,4,0,0,0,FALSE,FALSE,FALSE,FALSE,FALSE
2018,2531364,Josh Huestis,1,82,69,13,0,0,13,981,14.217391304347826,16,20,18,FALSE,FALSE,FALSE,FALSE,FALSE
2018,2531367,Dwight Powell,1,81,79,2,0,0,2,1670,21.139240506329113,47,20,49,FALSE,FALSE,FALSE,FALSE,FALSE
2018,2534781,Gorgui Dieng,1,82,79,3,0,0,0,1334,16.88607594936709,22,33,24,FALSE,FALSE,FALSE,FALSE,FALSE
2018,2566745,Quinn Cook,1,40,33,7,0,0,7,741,22.454545454545453,19,2,21,FALSE,FALSE,FALSE,FALSE,FALSE
2018,2566748,Marshall Plumlee,1,21,7,14,0,0,13,52,7.428571428571429,1,0,1,FALSE,FALSE,FALSE,FALSE,FALSE
2018,2566769,Malcolm Brogdon,1,48,48,0,0,0,0,1440,30,43,3,45,FALSE,FALSE,FALSE,FALSE,TRUE
2018,2578185,Dorian Finney-Smith,1,23,21,2,0,0,2,449,21.38095238095238,13,3,15,FALSE,FALSE,FALSE,FALSE,FALSE
2018,2578213,Ben McLemore,1,70,56,14,0,0,12,1090,19.464285714285715,29,9,31,FALSE,FALSE,FALSE,FALSE,FALSE
2018,2578239,Pat Connaughton,1,82,82,0,0,0,0,1494,18.21951219512195,38,18,40,FALSE,FALSE,FALSE,FALSE,FALSE
2018,2578240,Khem Birch,1,51,42,9,0,0,9,582,13.857142857142858,12,9,14,FALSE,FALSE,FALSE,FALSE,FALSE
2018,2578259,Darrun Hilliard,1,17,14,3,0,0,3,95,6.785714285714286,0,2,2,FALSE,FALSE,FALSE,FALSE,FALSE
2018,2579251,Myke Henry,1,22,20,2,0,0,2,380,19,10,5,12,FALSE,FALSE,FALSE,FALSE,FALSE
2018,2579258,Cody Zeller,1,42,33,9,1,0,3,627,19,12,17,14,FALSE,FALSE,FALSE,FALSE,FALSE
2018,2579260,Trey Burke,1,40,36,4,0,0,4,785,21.805555555555557,21,7,23,FALSE,FALSE,FALSE,FALSE,FALSE
2018,2579294,Frank Kaminsky,1,81,79,2,1,0,0,1838,23.265822784810126,69,7,71,FALSE,FALSE,FALSE,FALSE,FALSE
2018,2579321,James Ennis III,2,79,72,7,0,0,2,1602,22.25,47,13,49,FALSE,FALSE,FALSE,FALSE,FALSE
2018,2579326,Alan Williams,1,5,5,0,0,0,0,71,14.2,0,4,2,FALSE,FALSE,FALSE,FALSE,FALSE
2018,2579466,Jonathon Simmons,1,71,69,2,1,0,0,2030,29.420289855072465,66,3,68,FALSE,FALSE,FALSE,FALSE,TRUE
2018,2579476,Jalen Jones,2,30,14,16,0,0,14,180,12.857142857142858,4,1,5,FALSE,FALSE,FALSE,FALSE,FALSE
2018,2580349,Ron Baker,1,33,29,4,0,0,4,385,13.275862068965518,5,5,7,FALSE,FALSE,FALSE,FALSE,FALSE
2018,2580365,Larry Nance Jr.,2,68,66,2,0,0,0,1422,21.545454545454547,40,20,42,FALSE,FALSE,FALSE,FALSE,FALSE
2018,2580782,Spencer Dinwiddie,1,79,79,0,0,0,0,2277,28.82278481012658,71,7,73,FALSE,FALSE,FALSE,FALSE,TRUE
2018,2580913,Dewayne Dedmon,1,65,62,3,0,0,0,1544,24.903225806451612,55,5,57,FALSE,FALSE,FALSE,FALSE,FALSE
2018,2580980,Malcolm Miller,1,25,14,11,0,0,10,128,9.142857142857142,1,1,2,FALSE,FALSE,FALSE,FALSE,FALSE
2018,2581018,Kentavious Caldwell-Pope,1,80,74,6,0,0,0,2456,33.189189189189186,71,2,73,FALSE,FALSE,FALSE,FALSE,TRUE
2018,2581084,Johnny O'Bryant III,1,53,36,17,0,0,17,380,10.555555555555555,2,7,4,FALSE,FALSE,FALSE,FALSE,FALSE
2018,2581177,Rodney Hood,2,72,60,12,1,0,1,1614,26.9,53,5,55,FALSE,FALSE,FALSE,FALSE,FALSE
2018,2581190,Josh Richardson,1,82,81,1,0,0,0,2689,33.19753086419753,78,3,80,FALSE,FALSE,FALSE,FALSE,TRUE
2018,2583632,Royce O'Neale,1,82,69,13,0,0,13,1147,16.6231884057971,23,21,25,FALSE,FALSE,FALSE,FALSE,FALSE
2018,2583639,Elfrid Payton,2,64,63,1,0,0,0,1808,28.6984126984127,58,5,60,FALSE,FALSE,FALSE,FALSE,TRUE
2018,2594818,James Michael McAdoo,1,19,3,16,0,0,16,18,6,0,0,0,FALSE,FALSE,FALSE,FALSE,FALSE
2018,2594885,Sheldon Mac,1,1,0,1,1,0,0,0,0,0,0,0,FALSE,FALSE,FALSE,FALSE,FALSE
2018,2594922,Otto Porter Jr.,1,78,77,1,0,0,0,2432,31.584415584415584,74,2,76,FALSE,FALSE,FALSE,FALSE,TRUE
2018,2595209,Damion Lee,1,15,15,0,0,0,0,403,26.866666666666667,14,1,15,FALSE,FALSE,FALSE,FALSE,FALSE
2018,2595229,Briante Weber,2,24,18,6,0,0,6,235,13.055555555555555,5,4,7,FALSE,FALSE,FALSE,FALSE,FALSE
2018,2595231,Treveon Graham,1,74,63,11,0,0,10,1049,16.650793650793652,21,20,23,FALSE,FALSE,FALSE,FALSE,FALSE
2018,2595435,Abdel Nader,1,80,47,33,0,0,32,522,11.106382978723405,8,5,10,FALSE,FALSE,FALSE,FALSE,FALSE
2018,2595516,Norman Powell,1,76,69,7,0,0,6,1061,15.376811594202898,22,13,24,FALSE,FALSE,FALSE,FALSE,FALSE
2018,2596107,Alex Len,1,74,69,5,1,0,4,1395,20.217391304347824,37,19,39,FALSE,FALSE,FALSE,FALSE,FALSE
2018,2596108,Michael Carter-Williams,1,58,52,6,2,0,3,835,16.057692307692307,5,30,7,FALSE,FALSE,FALSE,FALSE,FALSE
2018,2596158,Shane Larkin,1,71,53,18,0,0,15,771,14.547169811320755,14,14,16,FALSE,FALSE,FALSE,FALSE,FALSE
2018,2608891,JaKarr Sampson,1,29,22,7,0,0,7,345,15.681818181818182,7,6,9,FALSE,FALSE,FALSE,FALSE,FALSE
2018,272,Manu Ginobili,1,79,65,14,0,4,4,1297,19.953846153846154,38,18,40,FALSE,FALSE,FALSE,FALSE,FALSE
2018,2747,Andrew Bogut,1,36,23,13,1,0,11,217,9.434782608695652,1,4,3,FALSE,FALSE,FALSE,FALSE,FALSE
2018,2753,Raymond Felton,1,82,82,0,0,0,0,1364,16.634146341463413,16,34,18,FALSE,FALSE,FALSE,FALSE,FALSE
2018,2754,Channing Frye,2,69,53,16,0,0,13,695,13.11320754716981,12,13,14,FALSE,FALSE,FALSE,FALSE,FALSE
2018,2758,Marcin Gortat,1,82,82,0,0,0,0,2080,25.365853658536587,66,14,68,FALSE,FALSE,FALSE,FALSE,FALSE
2018,2761,Gerald Green,1,50,41,9,0,0,7,929,22.658536585365855,28,7,30,FALSE,FALSE,FALSE,FALSE,FALSE
2018,2767,Ersan Ilyasova,2,74,69,5,0,0,3,1730,25.07246376811594,61,6,63,FALSE,FALSE,FALSE,FALSE,FALSE
2018,2768,Jarrett Jack,1,81,62,19,0,0,19,1550,25,52,5,54,FALSE,FALSE,FALSE,FALSE,FALSE
2018,2769,Amir Johnson,1,81,74,7,0,0,6,1174,15.864864864864865,14,28,16,FALSE,FALSE,FALSE,FALSE,FALSE
2018,2774,Ian Mahinmi,1,81,77,4,0,0,2,1148,14.909090909090908,17,22,19,FALSE,FALSE,FALSE,FALSE,FALSE
2018,2778,CJ Miles,1,71,70,1,0,0,0,1335,19.071428571428573,30,35,32,FALSE,FALSE,FALSE,FALSE,FALSE
2018,2779,Chris Paul,1,71,58,13,0,1,4,1849,31.879310344827587,58,0,58,TRUE,FALSE,FALSE,FALSE,FALSE
2018,2797,Marvin Williams,1,78,78,0,0,0,0,2008,25.743589743589745,72,6,74,FALSE,FALSE,FALSE,FALSE,FALSE
2018,2799,Lou Williams,1,82,79,3,0,0,0,2593,32.822784810126585,76,3,78,FALSE,FALSE,FALSE,FALSE,TRUE
2018,2806,Jose Calderon,1,80,57,23,0,0,23,915,16.05263157894737,24,11,26,FALSE,FALSE,FALSE,FALSE,FALSE
2018,2959753,Joffrey Lauvergne,1,74,55,19,1,0,17,534,9.709090909090909,3,11,5,FALSE,FALSE,FALSE,FALSE,FALSE
2018,2960236,Maxi Kleber,1,82,71,11,0,0,10,1209,17.028169014084508,29,15,31,FALSE,FALSE,FALSE,FALSE,FALSE
2018,2968361,Raul Neto,1,51,41,10,0,0,8,502,12.24390243902439,3,11,5,FALSE,FALSE,FALSE,FALSE,FALSE
2018,2968436,Joe Ingles,1,82,82,0,0,0,0,2580,31.463414634146343,81,1,82,FALSE,FALSE,FALSE,FALSE,TRUE
2018,2968439,Aron Baynes,1,80,80,0,0,0,0,1465,18.3125,34,24,36,FALSE,FALSE,FALSE,FALSE,FALSE
2018,2968458,Salah Mejri,1,74,60,14,0,0,13,731,12.183333333333334,10,11,12,FALSE,FALSE,FALSE,FALSE,FALSE
2018,2982185,Jameel Warney,1,5,3,2,0,0,2,27,9,0,0,0,FALSE,FALSE,FALSE,FALSE,FALSE
2018,2982249,Amile Jefferson,1,4,0,4,0,0,4,0,0,0,0,0,FALSE,FALSE,FALSE,FALSE,FALSE
2018,2982261,Marcus Georges-Hunt,1,81,40,41,0,0,39,226,5.65,2,3,4,FALSE,FALSE,FALSE,FALSE,FALSE
2018,2982268,Jake Layman,1,82,34,48,0,0,47,161,4.735294117647059,0,2,2,FALSE,FALSE,FALSE,FALSE,FALSE
2018,2982329,Marcus Paige,1,12,5,7,0,0,7,27,5.4,0,0,0,FALSE,FALSE,FALSE,FALSE,FALSE
2018,2982330,Brice Johnson,3,42,17,25,0,0,24,99,5.823529411764706,0,0,0,FALSE,FALSE,FALSE,FALSE,FALSE
2018,2982332,Rodney Purvis,1,17,16,1,0,0,0,291,18.1875,7,4,9,FALSE,FALSE,FALSE,FALSE,FALSE
2018,2982334,T.J. Warren,1,66,65,1,0,0,0,2140,32.92307692307692,64,0,64,FALSE,FALSE,FALSE,FALSE,TRUE
2018,2982340,Justin Anderson,1,53,38,15,0,0,13,519,13.657894736842104,8,10,10,FALSE,FALSE,FALSE,FALSE,FALSE
2018,2982349,Tyler Cavanaugh,1,47,37,10,0,0,8,521,14.08108108108108,7,11,9,FALSE,FALSE,FALSE,FALSE,FALSE
2018,2983,LaMarcus Aldridge,2,79,76,3,0,3,0,2517,33.11842105263158,73,1,74,TRUE,TRUE,FALSE,FALSE,FALSE
2018,2983512,Xavier Munford,1,19,6,13,0,0,13,22,3.6666666666666665,0,0,0,FALSE,FALSE,FALSE,FALSE,FALSE
2018,2983551,Joel Bolomboy,1,17,6,11,0,0,11,37,6.166666666666667,1,0,1,FALSE,FALSE,FALSE,FALSE,FALSE
2018,2983727,RJ Hunter,1,9,5,4,0,0,4,45,9,1,0,1,FALSE,FALSE,FALSE,FALSE,FALSE
2018,2988387,Charles Cooke,1,41,12,29,0,0,27,38,3.1666666666666665,0,0,0,FALSE,FALSE,FALSE,FALSE,FALSE
2018,2990962,Taurean Prince,2,83,83,0,0,0,0,2484,29.927710843373493,78,3,80,FALSE,FALSE,FALSE,FALSE,TRUE
2018,2990968,Naz Mitrou-Long,1,17,1,16,0,0,16,1,1,0,0,0,FALSE,FALSE,FALSE,FALSE,FALSE
2018,2990969,Georges Niang,1,21,9,12,0,0,12,33,3.6666666666666665,0,0,0,FALSE,FALSE,FALSE,FALSE,FALSE
2018,2990972,Andrew White III,1,20,15,5,0,0,5,208,13.866666666666667,3,4,5,FALSE,FALSE,FALSE,FALSE,FALSE
2018,2990984,Buddy Hield,2,81,81,0,0,0,0,2053,25.34567901234568,69,11,71,FALSE,FALSE,FALSE,FALSE,FALSE
2018,2990992,Marcus Smart,1,54,53,1,0,0,0,1586,29.92452830188679,53,0,53,FALSE,FALSE,FALSE,FALSE,TRUE
2018,2991018,Yogi Ferrell,1,82,82,0,0,0,0,2282,27.829268292682926,74,6,76,FALSE,FALSE,FALSE,FALSE,FALSE
2018,2991039,Glenn Robinson III,1,24,23,1,0,0,1,339,14.73913043478261,4,4,6,FALSE,FALSE,FALSE,FALSE,FALSE
2018,2991042,Nik Stauskas,2,70,40,30,0,0,29,513,12.825,7,8,9,FALSE,FALSE,FALSE,FALSE,FALSE
2018,2991043,Caris LeVert,1,71,70,1,0,0,0,1836,26.228571428571428,65,4,67,FALSE,FALSE,FALSE,FALSE,FALSE
2018,2991047,Ryan Arcidiacono,1,30,24,6,0,0,6,305,12.708333333333334,6,4,8,FALSE,FALSE,FALSE,FALSE,FALSE
2018,2991054,Mangok Mathiang,1,12,4,8,0,0,8,19,4.75,0,0,0,FALSE,FALSE,FALSE,FALSE,FALSE
2018,2991055,Montrezl Harrell,1,82,76,6,0,0,6,1297,17.06578947368421,24,22,26,FALSE,FALSE,FALSE,FALSE,FALSE
2018,2991070,Jerami Grant,1,81,81,0,0,0,0,1646,20.320987654320987,48,21,50,FALSE,FALSE,FALSE,FALSE,FALSE
2018,2991139,Kris Dunn,2,53,53,0,0,0,0,1544,29.132075471698112,51,2,53,FALSE,FALSE,FALSE,FALSE,TRUE
2018,2991149,Damyean Dotson,1,64,44,20,0,0,20,473,10.75,5,5,7,FALSE,FALSE,FALSE,FALSE,FALSE
2018,2991155,Danuel House Jr.,1,28,23,5,0,0,5,402,17.47826086956522,8,3,10,FALSE,FALSE,FALSE,FALSE,FALSE
2018,2991178,AJ Hammons,1,1,0,1,0,0,1,0,0,0,0,0,FALSE,FALSE,FALSE,FALSE,FALSE
2018,2991184,Sam Dekker,1,82,73,9,0,0,9,881,12.068493150684931,10,16,12,FALSE,FALSE,FALSE,FALSE,FALSE
2018,2991230,Fred VanVleet,1,77,76,1,0,0,1,1520,20,38,25,40,FALSE,FALSE,FALSE,FALSE,FALSE
2018,2991235,Steven Adams,1,76,76,0,0,0,0,2488,32.73684210526316,75,1,76,FALSE,FALSE,FALSE,FALSE,TRUE
2018,2991274,Shaquille Harrison,1,23,23,0,0,0,0,387,16.82608695652174,9,5,11,FALSE,FALSE,FALSE,FALSE,FALSE
2018,2991280,Nerlens Noel,1,46,29,17,0,0,10,473,16.310344827586206,13,7,15,FALSE,FALSE,FALSE,FALSE,FALSE
2018,2991282,Willie Cauley-Stein,1,73,73,0,0,0,0,2047,28.041095890410958,67,5,69,FALSE,FALSE,FALSE,FALSE,TRUE
2018,2991283,Alex Poythress,1,62,24,38,0,0,36,103,4.291666666666667,1,0,1,FALSE,FALSE,FALSE,FALSE,FALSE
2018,2991295,Matt Williams Jr.,1,10,3,7,0,0,7,11,3.6666666666666665,0,0,0,FALSE,FALSE,FALSE,FALSE,FALSE
2018,2991350,Alex Caruso,1,38,36,2,0,0,1,562,15.61111111111111,8,10,10,FALSE,FALSE,FALSE,FALSE,FALSE
2018,2992564,Milton Doyle,1,18,10,8,0,0,8,124,12.4,1,4,3,FALSE,FALSE,FALSE,FALSE,FALSE
2018,2993370,Richaun Holmes,1,74,48,26,1,0,24,746,15.541666666666666,18,10,20,FALSE,FALSE,FALSE,FALSE,FALSE
2018,2993874,Kyle Anderson,1,74,74,0,0,0,0,1980,26.756756756756758,68,5,70,FALSE,FALSE,FALSE,FALSE,FALSE
2018,2993875,Shabazz Muhammad,2,83,43,40,0,0,39,417,9.69767441860465,4,1,5,FALSE,FALSE,FALSE,FALSE,FALSE
2018,2994165,Erik McCree,1,9,4,5,0,0,5,8,2,0,0,0,FALSE,FALSE,FALSE,FALSE,FALSE
2018,2994526,Bryn Forbes,1,82,79,3,0,0,2,1519,19.227848101265824,36,21,38,FALSE,FALSE,FALSE,FALSE,FALSE
2018,2995079,Jacob Wiley,1,9,5,4,0,0,3,33,6.6,1,0,1,FALSE,FALSE,FALSE,FALSE,FALSE
2018,2995702,Alex Abrines,1,79,74,5,0,0,4,1134,15.324324324324325,22,15,24,FALSE,FALSE,FALSE,FALSE,FALSE
2018,2995706,Mario Hezonja,1,82,75,7,0,0,7,1655,22.066666666666666,47,8,49,FALSE,FALSE,FALSE,FALSE,FALSE
2018,2999409,Willy Hernangomez,2,81,48,33,0,0,33,495,10.3125,6,12,8,FALSE,FALSE,FALSE,FALSE,FALSE
2018,2999546,Matt Costello,1,9,4,5,0,0,5,33,8.25,0,1,1,FALSE,FALSE,FALSE,FALSE,FALSE
2018,2999547,Gary Harris,1,67,67,0,0,0,0,2304,34.38805970149254,66,1,67,FALSE,FALSE,FALSE,FALSE,TRUE
2018,2999549,Denzel Valentine,1,77,77,0,0,0,0,2098,27.246753246753247,68,9,70,FALSE,FALSE,FALSE,FALSE,FALSE
2018,3001308,Josh Gray,1,7,5,2,0,0,2,87,17.4,1,2,3,FALSE,FALSE,FALSE,FALSE,FALSE
2018,3002137,Tyrone Wallace,1,30,29,1,0,0,0,850,29.310344827586206,23,4,25,FALSE,FALSE,FALSE,FALSE,FALSE
2018,3005,Rudy Gay,1,58,57,1,0,0,0,1236,21.68421052631579,36,17,38,FALSE,FALSE,FALSE,FALSE,FALSE
2018,3012,Kyle Lowry,2,79,79,0,0,0,0,2531,32.037974683544306,78,0,78,TRUE,FALSE,FALSE,FALSE,FALSE
2018,3015,Paul Millsap,1,38,38,0,0,0,0,1143,30.07894736842105,36,1,37,TRUE,FALSE,FALSE,FALSE,FALSE
2018,3024,JJ Redick,1,72,70,2,1,0,0,2113,30.185714285714287,67,3,69,FALSE,FALSE,FALSE,FALSE,TRUE
2018,3026,Rajon Rondo,1,71,65,6,2,2,0,1704,26.215384615384615,54,7,56,FALSE,FALSE,FALSE,FALSE,FALSE
2018,3028,Thabo Sefolosha,1,41,38,3,0,0,3,808,21.263157894736842,23,11,25,FALSE,FALSE,FALSE,FALSE,FALSE
2018,3032976,Rudy Gobert,1,65,56,9,0,0,1,1815,32.410714285714285,55,0,55,TRUE,TRUE,FALSE,FALSE,FALSE
2018,3032977,Giannis Antetokounmpo,2,77,76,1,0,0,0,2788,36.68421052631579,75,1,76,TRUE,TRUE,FALSE,FALSE,FALSE
2018,3032978,Dario Saric,2,79,78,1,0,0,0,2330,29.871794871794872,77,1,78,FALSE,FALSE,FALSE,FALSE,TRUE
2018,3032979,Dennis Schroder,1,74,67,7,1,1,0,2076,30.98507462686567,67,0,67,FALSE,FALSE,FALSE,FALSE,TRUE
2018,3032980,Lucas Nogueira,1,70,49,21,0,0,19,416,8.489795918367347,1,10,3,FALSE,FALSE,FALSE,FALSE,FALSE
2018,3033,P.J. Tucker,1,82,82,0,0,0,0,2282,27.829268292682926,78,4,80,FALSE,FALSE,FALSE,FALSE,FALSE
2018,3037789,Bogdan Bogdanovic,2,79,79,0,0,0,0,2197,27.810126582278482,73,6,75,FALSE,FALSE,FALSE,FALSE,FALSE
2018,3055,J.J. Barea,1,73,69,4,0,0,1,1608,23.304347826086957,57,11,59,FALSE,FALSE,FALSE,FALSE,FALSE
2018,3056273,Derrick Walton Jr.,1,28,16,12,0,0,12,148,9.25,3,0,3,FALSE,FALSE,FALSE,FALSE,FALSE
2018,3056600,Jabari Parker,1,31,31,0,0,0,0,743,23.967741935483872,23,8,25,FALSE,FALSE,FALSE,FALSE,FALSE
2018,3056602,Semi Ojeleye,1,78,73,5,0,0,5,1153,15.794520547945206,26,14,28,FALSE,FALSE,FALSE,FALSE,FALSE
2018,3057187,Sterling Brown,1,71,54,17,0,0,17,777,14.38888888888889,16,6,18,FALSE,FALSE,FALSE,FALSE,FALSE
2018,3057189,Ben Moore,1,7,2,5,0,0,5,9,4.5,0,0,0,FALSE,FALSE,FALSE,FALSE,FALSE
2018,3057304,Vince Shamar Hunter,1,20,3,17,0,0,16,7,2.3333333333333335,0,0,0,FALSE,FALSE,FALSE,FALSE,FALSE
2018,3059247,Xavier Rathan-Mayes,1,5,5,0,0,0,0,118,23.6,4,1,5,FALSE,FALSE,FALSE,FALSE,FALSE
2018,3059262,Davon Reed,1,31,21,10,0,0,10,242,11.523809523809524,1,6,3,FALSE,FALSE,FALSE,FALSE,FALSE
2018,3059273,Demetrius Jackson,2,31,15,16,0,0,16,83,5.533333333333333,0,1,1,FALSE,FALSE,FALSE,FALSE,FALSE
2018,3059276,Jamel Artis,1,17,15,2,0,0,2,279,18.6,8,2,10,FALSE,FALSE,FALSE,FALSE,FALSE
2018,3059279,Mike Young,1,2,0,2,0,0,1,0,0,0,0,0,FALSE,FALSE,FALSE,FALSE,FALSE
2018,3059281,Tyler Ennis,1,82,54,28,0,0,27,679,12.574074074074074,11,9,13,FALSE,FALSE,FALSE,FALSE,FALSE
2018,3059286,London Perrantes,1,26,12,14,0,0,12,66,5.5,1,0,1,FALSE,FALSE,FALSE,FALSE,FALSE
2018,3059306,Johnathan Motley,1,26,11,15,0,0,15,174,15.818181818181818,3,2,5,FALSE,FALSE,FALSE,FALSE,FALSE
2018,3059310,Monte Morris,1,7,3,4,0,0,4,26,8.666666666666666,1,0,1,FALSE,FALSE,FALSE,FALSE,FALSE
2018,3059315,Frank Mason III,1,59,52,7,0,0,7,988,19,25,16,27,FALSE,FALSE,FALSE,FALSE,FALSE
2018,3059316,Wayne Selden,1,48,35,13,1,0,3,693,19.8,17,10,19,FALSE,FALSE,FALSE,FALSE,FALSE
2018,3059318,Joel Embiid,3,68,65,3,0,1,0,1943,29.892307692307693,63,0,63,FALSE,FALSE,FALSE,FALSE,TRUE
2018,3059319,Andrew Wiggins,1,82,82,0,0,0,0,2981,36.353658536585364,82,0,82,FALSE,FALSE,FALSE,FALSE,TRUE
2018,3059336,Isaiah Taylor,1,72,66,6,0,0,5,1166,17.666666666666668,25,20,27,FALSE,FALSE,FALSE,FALSE,FALSE
2018,3059409,Nigel Hayes,3,16,9,7,0,0,7,123,13.666666666666666,3,2,5,FALSE,FALSE,FALSE,FALSE,FALSE
2018,3062667,DeAndre' Bembry,1,49,26,23,0,0,4,454,17.46153846153846,11,8,13,FALSE,FALSE,FALSE,FALSE,FALSE
2018,3062679,Josh Hart,1,65,63,2,0,0,2,1460,23.174603174603174,37,10,39,FALSE,FALSE,FALSE,FALSE,FALSE
2018,3062744,David Nwaba,1,71,70,1,0,0,1,1647,23.52857142857143,48,13,50,FALSE,FALSE,FALSE,FALSE,FALSE
2018,3062892,Kay Felder,2,29,15,14,0,0,13,141,9.4,0,6,2,FALSE,FALSE,FALSE,FALSE,FALSE
2018,3062897,Alec Peters,1,36,20,16,0,0,16,224,11.2,2,2,4,FALSE,FALSE,FALSE,FALSE,FALSE
2018,3064230,Cameron Payne,1,25,25,0,0,0,0,584,23.36,19,5,21,FALSE,FALSE,FALSE,FALSE,FALSE
2018,3064237,Antonius Cleveland,2,22,15,7,0,0,4,122,8.133333333333333,1,1,2,FALSE,FALSE,FALSE,FALSE,FALSE
2018,3064290,Aaron Gordon,1,74,58,16,3,0,1,1915,33.01724137931034,56,1,57,FALSE,FALSE,FALSE,FALSE,TRUE
2018,3064291,Rondae Hollis-Jefferson,1,69,67,2,0,0,0,1888,28.17910447761194,59,6,61,FALSE,FALSE,FALSE,FALSE,TRUE
2018,3064308,Jabari Bird,1,27,11,16,0,0,14,115,10.454545454545455,3,0,3,FALSE,FALSE,FALSE,FALSE,FALSE
2018,3064427,Jordan Bell,1,59,56,3,0,0,2,811,14.482142857142858,15,9,17,FALSE,FALSE,FALSE,FALSE,FALSE
2018,3064440,Zach LaVine,1,24,24,0,0,0,0,653,27.208333333333332,22,2,24,FALSE,FALSE,FALSE,FALSE,FALSE
2018,3064447,Delon Wright,1,69,69,0,0,0,0,1436,20.81159420289855,40,17,42,FALSE,FALSE,FALSE,FALSE,FALSE
2018,3064482,Bobby Portis,1,77,73,4,0,0,1,1641,22.47945205479452,51,17,53,FALSE,FALSE,FALSE,FALSE,FALSE
2018,3064509,James Young,1,9,6,3,0,0,3,61,10.166666666666666,1,0,1,FALSE,FALSE,FALSE,FALSE,FALSE
2018,3064510,Aaron Harrison,1,11,9,2,0,0,2,235,26.11111111111111,7,2,9,FALSE,FALSE,FALSE,FALSE,FALSE
2018,3064511,Andrew Harrison,1,69,56,13,5,0,7,1325,23.660714285714285,40,8,42,FALSE,FALSE,FALSE,FALSE,FALSE
2018,3064514,Julius Randle,1,82,82,0,0,0,0,2191,26.71951219512195,65,14,67,FALSE,FALSE,FALSE,FALSE,FALSE
2018,3064516,Dakari Johnson,1,79,29,50,0,0,47,164,5.655172413793103,1,2,3,FALSE,FALSE,FALSE,FALSE,FALSE
2018,3064517,Jarell Martin,1,82,73,9,1,0,3,1663,22.78082191780822,49,11,51,FALSE,FALSE,FALSE,FALSE,FALSE
2018,3064520,Jordan Mickey,1,73,23,50,0,0,50,284,12.347826086956522,5,5,7,FALSE,FALSE,FALSE,FALSE,FALSE
2018,3064539,Sindarius Thornwell,1,82,71,11,0,0,9,1157,16.295774647887324,22,18,24,FALSE,FALSE,FALSE,FALSE,FALSE
2018,3064559,Damian Jones,1,21,15,6,0,0,6,89,5.933333333333334,0,0,0,FALSE,FALSE,FALSE,FALSE,FALSE
2018,3064560,Luke Kornet,1,23,20,3,0,0,3,326,16.3,6,7,8,FALSE,FALSE,FALSE,FALSE,FALSE
2018,3074752,Terry Rozier,1,79,79,0,0,0,0,2043,25.860759493670887,69,9,71,FALSE,FALSE,FALSE,FALSE,FALSE
2018,3074765,Isaiah Hicks,1,23,18,5,0,0,5,238,13.222222222222221,3,4,5,FALSE,FALSE,FALSE,FALSE,FALSE
2018,3074797,Wes Iwundu,1,70,62,8,1,0,7,1018,16.419354838709676,25,12,27,FALSE,FALSE,FALSE,FALSE,FALSE
2018,3078284,Noah Vonleh,2,70,54,16,0,0,14,876,16.22222222222222,20,11,22,FALSE,FALSE,FALSE,FALSE,FALSE
2018,3078286,Troy Williams,2,31,21,10,1,0,8,307,14.619047619047619,7,4,9,FALSE,FALSE,FALSE,FALSE,FALSE
2018,3078576,Derrick White,1,32,15,17,0,0,15,138,9.2,1,2,3,FALSE,FALSE,FALSE,FALSE,FALSE
2018,3079021,James Webb III,1,12,10,2,0,0,2,120,12,1,3,3,FALSE,FALSE,FALSE,FALSE,FALSE
2018,3102528,Dante Exum,1,14,14,0,0,0,0,234,16.714285714285715,4,5,6,FALSE,FALSE,FALSE,FALSE,FALSE
2018,3102529,Clint Capela,1,80,74,6,1,0,1,2037,27.527027027027028,69,5,71,FALSE,FALSE,FALSE,FALSE,FALSE
2018,3102530,Jusuf Nurkic,1,79,79,0,0,0,0,2091,26.468354430379748,72,6,74,FALSE,FALSE,FALSE,FALSE,FALSE
2018,3102531,Kristaps Porzingis,1,50,48,2,0,0,0,1552,32.333333333333336,45,1,46,FALSE,FALSE,FALSE,FALSE,TRUE
2018,3112335,Nikola Jokic,1,76,75,1,0,0,1,2441,32.54666666666667,73,1,74,FALSE,FALSE,FALSE,FALSE,TRUE
2018,3113297,Bruno Caboclo,2,36,12,24,0,0,24,107,8.916666666666666,0,2,2,FALSE,FALSE,FALSE,FALSE,FALSE
2018,3113587,Cristiano Felicio,1,79,55,24,0,0,23,980,17.818181818181817,22,12,24,FALSE,FALSE,FALSE,FALSE,FALSE
2018,3133603,Kelly Oubre Jr.,1,82,81,1,0,0,0,2233,27.567901234567902,75,5,77,FALSE,FALSE,FALSE,FALSE,FALSE
2018,3133628,Myles Turner,1,65,65,0,0,0,0,1835,28.23076923076923,60,3,62,FALSE,FALSE,FALSE,FALSE,TRUE
2018,3134880,Kadeem Allen,1,32,11,21,0,0,14,106,9.636363636363637,2,1,3,FALSE,FALSE,FALSE,FALSE,FALSE
2018,3134881,Stanley Johnson,1,71,69,2,0,0,2,1892,27.420289855072465,58,6,60,FALSE,FALSE,FALSE,FALSE,FALSE
2018,3134903,Gary Payton II,2,34,23,11,0,0,11,218,9.478260869565217,3,3,5,FALSE,FALSE,FALSE,FALSE,FALSE
2018,3134907,Kyle Kuzma,2,79,78,1,0,0,0,2421,31.03846153846154,70,7,72,FALSE,FALSE,FALSE,FALSE,TRUE
2018,3134908,Jakob Poeltl,1,82,82,0,0,0,0,1526,18.609756097560975,35,30,37,FALSE,FALSE,FALSE,FALSE,FALSE
2018,3135046,Tyus Jones,1,82,82,0,0,0,0,1465,17.865853658536587,22,26,24,FALSE,FALSE,FALSE,FALSE,FALSE
2018,3135047,Justise Winslow,1,82,68,14,3,0,1,1680,24.705882352941178,56,9,58,FALSE,FALSE,FALSE,FALSE,FALSE
2018,3135048,Jahlil Okafor,2,71,28,43,2,0,40,355,12.678571428571429,5,3,7,FALSE,FALSE,FALSE,FALSE,FALSE
2018,3136193,Devin Booker,1,68,54,14,0,0,4,1864,34.51851851851852,54,0,54,FALSE,FALSE,FALSE,FALSE,TRUE
2018,3136194,Tyler Ulis,1,79,71,8,0,0,8,1657,23.338028169014084,51,13,53,FALSE,FALSE,FALSE,FALSE,FALSE
2018,3136195,Karl-Anthony Towns,2,83,83,0,0,0,0,2940,35.42168674698795,82,1,83,FALSE,FALSE,FALSE,FALSE,TRUE
2018,3136196,Trey Lyles,1,82,73,9,0,0,9,1389,19.027397260273972,38,17,40,FALSE,FALSE,FALSE,FALSE,FALSE
2018,3136477,Isaiah Whitehead,1,29,16,13,0,0,13,181,11.3125,2,2,4,FALSE,FALSE,FALSE,FALSE,FALSE
2018,3136485,Edmond Sumner,1,1,1,0,0,0,0,2,2,0,0,0,FALSE,FALSE,FALSE,FALSE,FALSE
2018,3136491,D.J. Wilson,1,68,21,47,0,0,46,72,3.4285714285714284,0,0,0,FALSE,FALSE,FALSE,FALSE,FALSE
2018,3136696,Wade Baldwin IV,1,13,7,6,0,0,6,81,11.571428571428571,2,0,2,FALSE,FALSE,FALSE,FALSE,FALSE
2018,3136776,D'Angelo Russell,1,48,48,0,0,0,0,1233,25.6875,38,7,40,FALSE,FALSE,FALSE,FALSE,FALSE
2018,3137694,Gian Clavell,1,9,7,2,0,0,2,65,9.285714285714286,1,0,1,FALSE,FALSE,FALSE,FALSE,FALSE
2018,3137730,Patrick McCaw,1,59,55,4,0,0,2,962,17.490909090909092,22,13,24,FALSE,FALSE,FALSE,FALSE,FALSE
2018,3137733,Rashad Vaughn,3,54,25,29,0,0,26,211,8.44,2,4,4,FALSE,FALSE,FALSE,FALSE,FALSE
2018,3137798,Devin Robinson,1,6,1,5,0,0,5,13,13,0,0,0,FALSE,FALSE,FALSE,FALSE,FALSE
2018,3138120,Mindaugas Kuzminskas,1,1,1,0,0,0,0,2,2,0,0,0,FALSE,FALSE,FALSE,FALSE,FALSE
2018,3138156,Justin Jackson,1,78,68,10,0,0,10,1507,22.16176470588235,43,12,45,FALSE,FALSE,FALSE,FALSE,FALSE
2018,3147351,Daniel Hamilton,1,10,6,4,0,0,4,29,4.833333333333333,0,1,1,FALSE,FALSE,FALSE,FALSE,FALSE
2018,3147366,Chinanu Onuaku,1,7,1,6,0,0,6,22,22,1,0,1,FALSE,FALSE,FALSE,FALSE,FALSE
2018,3149673,Pascal Siakam,1,82,81,1,0,0,1,1673,20.65432098765432,44,29,46,FALSE,FALSE,FALSE,FALSE,FALSE
2018,3153165,Chris McCullough,1,59,19,40,0,0,40,91,4.7894736842105265,0,1,1,FALSE,FALSE,FALSE,FALSE,FALSE
2018,3155526,Dillon Brooks,2,83,83,0,0,0,0,2368,28.53012048192771,73,10,75,FALSE,FALSE,FALSE,FALSE,TRUE
2018,3155535,Kevon Looney,1,72,66,6,0,0,6,910,13.787878787878787,18,10,20,FALSE,FALSE,FALSE,FALSE,FALSE
2018,3155942,Domantas Sabonis,2,75,75,0,0,0,0,1828,24.373333333333335,58,15,60,FALSE,FALSE,FALSE,FALSE,FALSE
2018,3187,Arron Afflalo,1,78,53,25,0,0,23,682,12.867924528301886,7,17,9,FALSE,FALSE,FALSE,FALSE,FALSE
2018,3190,Marco Belinelli,2,83,80,3,0,0,2,1945,24.3125,68,10,70,FALSE,FALSE,FALSE,FALSE,FALSE
2018,3191,Corey Brewer,2,78,72,6,0,0,6,1209,16.791666666666668,26,6,28,FALSE,FALSE,FALSE,FALSE,FALSE
2018,3192,Aaron Brooks,1,80,30,50,0,0,47,189,6.3,1,4,3,FALSE,FALSE,FALSE,FALSE,FALSE
2018,3194,Wilson Chandler,1,75,74,1,0,0,1,2342,31.64864864864865,73,0,73,FALSE,FALSE,FALSE,FALSE,TRUE
2018,3195,Mike Conley,1,13,12,1,1,0,0,374,31.166666666666668,12,0,12,FALSE,FALSE,FALSE,FALSE,FALSE
2018,3201,Jared Dudley,1,72,48,24,0,0,21,689,14.354166666666666,17,7,19,FALSE,FALSE,FALSE,FALSE,FALSE
2018,3202,Kevin Durant,2,69,69,0,0,0,0,2359,34.18840579710145,68,1,69,TRUE,TRUE,FALSE,FALSE,FALSE
2018,3206,Marc Gasol,1,77,73,4,2,1,1,2409,33,72,1,73,TRUE,FALSE,FALSE,FALSE,FALSE
2018,3209,Jeff Green,1,78,78,0,0,0,0,1831,23.474358974358974,56,16,58,FALSE,FALSE,FALSE,FALSE,FALSE
2018,3213,Al Horford,2,76,72,4,1,0,0,2258,31.36111111111111,71,0,71,TRUE,FALSE,FALSE,FALSE,FALSE
2018,3220,Josh McRoberts,1,18,2,16,0,0,16,6,3,0,0,0,FALSE,FALSE,FALSE,FALSE,FALSE
2018,3224,Joakim Noah,1,18,7,11,0,0,11,41,5.857142857142857,0,0,0,FALSE,FALSE,FALSE,FALSE,FALSE
2018,3231,Ramon Sessions,2,65,28,37,0,0,37,393,14.035714285714286,8,6,10,FALSE,FALSE,FALSE,FALSE,FALSE
2018,3232,Jason Smith,1,79,33,46,0,0,46,290,8.787878787878787,1,5,3,FALSE,FALSE,FALSE,FALSE,FALSE
2018,3242,Brandan Wright,2,42,28,14,0,0,11,380,13.571428571428571,4,6,6,FALSE,FALSE,FALSE,FALSE,FALSE
2018,3243,Nick Young,1,82,80,2,0,0,1,1390,17.375,29,22,31,FALSE,FALSE,FALSE,FALSE,FALSE
2018,3244,Thaddeus Young,1,81,81,0,0,0,0,2607,32.18518518518518,79,2,81,FALSE,FALSE,FALSE,FALSE,TRUE
2018,3276,Anthony Tolliver,1,81,79,2,0,0,2,1759,22.265822784810126,48,20,50,FALSE,FALSE,FALSE,FALSE,FALSE
2018,3412,Ryan Anderson,1,76,66,10,4,0,1,1725,26.136363636363637,54,6,56,FALSE,FALSE,FALSE,FALSE,FALSE
2018,3413,Darrell Arthur,1,82,17,65,0,0,63,141,8.294117647058824,0,2,2,FALSE,FALSE,FALSE,FALSE,FALSE
2018,3414,Omer Asik,2,60,18,42,1,0,41,180,10,1,2,3,FALSE,FALSE,FALSE,FALSE,FALSE
2018,3415,D.J. Augustin,1,81,75,6,0,0,0,1759,23.453333333333333,51,15,53,FALSE,FALSE,FALSE,FALSE,FALSE
2018,3416,Nicolas Batum,1,67,64,3,2,0,0,1984,31,62,1,63,FALSE,FALSE,FALSE,FALSE,TRUE
2018,3417,Jerryd Bayless,1,72,39,33,3,0,27,925,23.71794871794872,30,6,32,FALSE,FALSE,FALSE,FALSE,FALSE
2018,3418,Michael Beasley,1,80,73,7,0,0,6,1658,22.71232876712329,48,10,50,FALSE,FALSE,FALSE,FALSE,FALSE
2018,3419,Mario Chalmers,1,76,66,10,0,0,6,1426,21.606060606060606,43,15,45,FALSE,FALSE,FALSE,FALSE,FALSE
2018,3423,Goran Dragic,2,81,76,5,0,0,1,2387,31.407894736842106,74,1,75,FALSE,FALSE,FALSE,FALSE,TRUE
2018,3428,Danilo Gallinari,1,45,21,24,1,0,1,670,31.904761904761905,20,0,20,FALSE,FALSE,FALSE,FALSE,FALSE
2018,3431,Eric Gordon,1,78,69,9,3,0,1,2153,31.202898550724637,68,0,68,FALSE,FALSE,FALSE,FALSE,TRUE
2018,3438,George Hill,2,70,67,3,0,0,3,1811,27.029850746268657,60,6,62,FALSE,FALSE,FALSE,FALSE,FALSE
2018,3439,Serge Ibaka,1,78,76,2,0,0,0,2094,27.55263157894737,71,4,73,FALSE,FALSE,FALSE,FALSE,FALSE
2018,3442,DeAndre Jordan,1,82,77,5,0,0,0,2425,31.493506493506494,76,0,76,TRUE,TRUE,FALSE,FALSE,FALSE
2018,3444,Kosta Koufos,1,81,71,10,0,0,10,1390,19.577464788732396,35,22,37,FALSE,FALSE,FALSE,FALSE,FALSE
2018,3445,Courtney Lee,1,77,76,1,0,0,1,2311,30.407894736842106,71,2,73,FALSE,FALSE,FALSE,FALSE,TRUE
2018,3447,Robin Lopez,1,73,64,9,0,0,9,1696,26.5,53,6,55,FALSE,FALSE,FALSE,FALSE,FALSE
2018,3448,Brook Lopez,1,75,74,1,0,0,0,1737,23.472972972972972,50,22,52,FALSE,FALSE,FALSE,FALSE,FALSE
2018,3449,Kevin Love,1,61,59,2,1,0,0,1654,28.033898305084747,55,1,56,FALSE,FALSE,FALSE,FALSE,TRUE
2018,3451,Luc Mbah a Moute,1,67,61,6,0,0,2,1563,25.62295081967213,55,2,57,FALSE,FALSE,FALSE,FALSE,FALSE
2018,3452,JaVale McGee,1,81,65,16,0,0,16,613,9.430769230769231,1,8,3,FALSE,FALSE,FALSE,FALSE,FALSE
2018,3456,Derrick Rose,2,30,25,5,0,0,3,420,16.8,10,5,12,FALSE,FALSE,FALSE,FALSE,FALSE
2018,3457,Brandon Rush,1,1,0,1,0,0,0,0,0,0,0,0,FALSE,FALSE,FALSE,FALSE,FALSE
2018,3460,Marreese Speights,1,81,50,31,0,0,27,674,13.48,7,17,9,FALSE,FALSE,FALSE,FALSE,FALSE
2018,3468,Russell Westbrook,2,81,81,0,0,0,0,2946,36.370370370370374,81,0,81,TRUE,TRUE,FALSE,FALSE,FALSE
2018,3472,Bobby Brown,1,37,20,17,0,0,17,113,5.65,2,0,2,FALSE,FALSE,FALSE,FALSE,FALSE
2018,3554,Omri Casspi,1,61,53,8,0,0,8,742,14,15,7,17,FALSE,FALSE,FALSE,FALSE,FALSE
2018,3593,Bojan Bogdanovic,1,80,80,0,0,0,0,2463,30.7875,79,1,80,FALSE,FALSE,FALSE,FALSE,TRUE
2018,3892818,Emmanuel Mudiay,2,73,64,9,1,0,8,1244,19.4375,33,16,35,FALSE,FALSE,FALSE,FALSE,FALSE
2018,3892894,Zhou Qi,1,37,18,19,0,0,17,123,6.833333333333333,1,0,1,FALSE,FALSE,FALSE,FALSE,FALSE
2018,3893016,Cedi Osman,1,72,58,14,0,0,11,669,11.53448275862069,9,11,11,FALSE,FALSE,FALSE,FALSE,FALSE
2018,3893019,Timothe Luwawu-Cabarrot,1,66,52,14,0,0,13,809,15.557692307692308,14,13,16,FALSE,FALSE,FALSE,FALSE,FALSE
2018,3893023,Paul Zipser,1,63,53,10,0,0,7,823,15.528301886792454,14,14,16,FALSE,FALSE,FALSE,FALSE,FALSE
2018,3899663,Dimitrios Agravanis,1,1,0,1,0,0,0,0,0,0,0,0,FALSE,FALSE,FALSE,FALSE,FALSE
2018,3906522,Henry Ellenson,1,81,36,45,0,0,43,326,9.055555555555555,3,6,5,FALSE,FALSE,FALSE,FALSE,FALSE
2018,3906671,Caleb Swanigan,1,56,27,29,0,0,29,192,7.111111111111111,1,3,3,FALSE,FALSE,FALSE,FALSE,FALSE
2018,3907386,Antonio Blakeney,1,25,19,6,0,0,6,313,16.473684210526315,8,3,10,FALSE,FALSE,FALSE,FALSE,FALSE
2018,3907387,Ben Simmons,2,83,82,1,0,0,0,2759,33.646341463414636,82,0,82,FALSE,FALSE,FALSE,FALSE,TRUE
2018,3907487,Marquese Chriss,1,72,72,0,0,0,0,1524,21.166666666666668,39,23,41,FALSE,FALSE,FALSE,FALSE,FALSE
2018,3907497,Dejounte Murray,1,82,80,2,0,0,1,1742,21.775,56,8,58,FALSE,FALSE,FALSE,FALSE,FALSE
2018,3907821,Dwayne Bacon,1,78,53,25,1,0,20,711,13.415094339622641,17,5,19,FALSE,FALSE,FALSE,FALSE,FALSE
2018,3907822,Malik Beasley,1,81,59,22,0,0,19,587,9.94915254237288,5,11,7,FALSE,FALSE,FALSE,FALSE,FALSE
2018,3908809,Donovan Mitchell,2,83,80,3,0,0,0,2662,33.275,77,2,79,FALSE,FALSE,FALSE,FALSE,TRUE
2018,3908845,John Collins,2,77,75,2,1,0,0,1808,24.106666666666666,64,8,66,FALSE,FALSE,FALSE,FALSE,FALSE
2018,3911666,Luis Montero,1,8,2,6,0,0,6,7,3.5,0,0,0,FALSE,FALSE,FALSE,FALSE,FALSE
2018,3912332,Justin Patton,1,5,1,4,0,0,4,4,4,0,0,0,FALSE,FALSE,FALSE,FALSE,FALSE
2018,3912854,Jawun Evans,1,63,48,15,1,0,7,778,16.208333333333332,14,10,16,FALSE,FALSE,FALSE,FALSE,FALSE
2018,3913174,Luke Kennard,1,79,73,6,0,0,5,1469,20.123287671232877,35,25,37,FALSE,FALSE,FALSE,FALSE,FALSE
2018,3913176,Brandon Ingram,2,66,60,6,1,0,0,1991,33.18333333333333,58,0,58,FALSE,FALSE,FALSE,FALSE,TRUE
2018,3915560,Tyler Dorsey,1,75,56,19,0,0,19,978,17.464285714285715,24,8,26,FALSE,FALSE,FALSE,FALSE,FALSE
2018,3917376,Jaylen Brown,2,72,70,2,1,0,1,2145,30.642857142857142,70,0,70,FALSE,FALSE,FALSE,FALSE,TRUE
2018,3917378,Ivan Rabb,1,59,35,24,0,0,22,518,14.8,13,6,15,FALSE,FALSE,FALSE,FALSE,FALSE
2018,3919335,Cheick Diallo,1,82,51,31,0,0,30,582,11.411764705882353,7,9,9,FALSE,FALSE,FALSE,FALSE,FALSE
2018,3923250,PJ Dozier,1,2,2,0,0,0,0,3,1.5,0,0,0,FALSE,FALSE,FALSE,FALSE,FALSE
2018,3929314,Nicolas Brussino,1,13,3,10,0,0,9,10,3.3333333333333335,0,0,0,FALSE,FALSE,FALSE,FALSE,FALSE
2018,3929325,Furkan Korkmaz,1,31,14,17,0,0,17,80,5.714285714285714,1,0,1,FALSE,FALSE,FALSE,FALSE,FALSE
2018,3934662,Tyler Lydon,1,2,1,1,0,0,1,2,2,0,0,0,FALSE,FALSE,FALSE,FALSE,FALSE
2018,3934663,Malachi Richardson,2,48,26,22,0,0,17,323,12.423076923076923,3,7,5,FALSE,FALSE,FALSE,FALSE,FALSE
2018,3934719,O.G. Anunoby,1,75,74,1,0,0,1,1481,20.013513513513512,32,30,34,FALSE,FALSE,FALSE,FALSE,FALSE
2018,3934723,Thomas Bryant,1,37,15,22,0,0,22,71,4.733333333333333,0,1,1,FALSE,FALSE,FALSE,FALSE,FALSE
2018,3936099,Derrick Jones Jr.,2,40,20,20,0,0,19,247,12.35,5,3,7,FALSE,FALSE,FALSE,FALSE,FALSE
2018,3936296,Skal Labissiere,1,65,60,5,0,0,4,1239,20.65,35,10,37,FALSE,FALSE,FALSE,FALSE,FALSE
2018,3936299,Jamal Murray,2,82,82,0,0,0,0,2589,31.573170731707318,79,3,81,FALSE,FALSE,FALSE,FALSE,TRUE
2018,3937101,Deyonta Davis,1,79,62,17,3,0,12,942,15.193548387096774,15,17,17,FALSE,FALSE,FALSE,FALSE,FALSE
2018,3948153,Chris Boucher,1,4,1,3,0,0,3,1,1,0,0,0,FALSE,FALSE,FALSE,FALSE,FALSE
2018,3952343,Jaylen Morris,1,8,6,2,0,0,2,100,16.666666666666668,3,0,3,FALSE,FALSE,FALSE,FALSE,FALSE
2018,3964,Patrick Beverley,1,13,11,2,0,0,2,333,30.272727272727273,11,0,11,FALSE,TRUE,FALSE,FALSE,FALSE
2018,3970,DeMarre Carroll,1,74,72,2,0,1,0,2151,29.875,69,3,71,FALSE,FALSE,FALSE,FALSE,TRUE
2018,3973,Darren Collison,1,70,69,1,0,0,0,2020,29.27536231884058,68,1,69,FALSE,FALSE,FALSE,FALSE,TRUE
2018,3974,Dante Cunningham,2,77,73,4,0,0,3,1559,21.356164383561644,47,16,49,FALSE,FALSE,FALSE,FALSE,FALSE
2018,3975,Stephen Curry,2,52,52,0,0,0,0,1658,31.884615384615383,51,0,51,TRUE,TRUE,FALSE,FALSE,FALSE
2018,3978,DeMar DeRozan,2,83,81,2,0,1,0,2737,33.79012345679013,81,0,81,TRUE,TRUE,FALSE,FALSE,FALSE
2018,3981,Wayne Ellington,1,78,77,1,0,0,0,2039,26.48051948051948,64,6,66,FALSE,FALSE,FALSE,FALSE,FALSE
2018,3983,Tyreke Evans,1,57,52,5,3,0,0,1609,30.942307692307693,51,1,52,FALSE,FALSE,FALSE,FALSE,TRUE
2018,3986,Taj Gibson,1,82,82,0,0,0,0,2724,33.21951219512195,81,0,81,FALSE,FALSE,FALSE,FALSE,TRUE
2018,3988,Danny Green,1,75,70,5,1,0,1,1792,25.6,57,9,59,FALSE,FALSE,FALSE,FALSE,FALSE
2018,3989,Blake Griffin,2,60,58,2,0,0,0,1969,33.94827586206897,57,0,57,TRUE,FALSE,FALSE,FALSE,FALSE
2018,3992,James Harden,2,77,73,4,2,0,1,2576,35.28767123287671,73,0,73,TRUE,TRUE,FALSE,FALSE,FALSE
2018,3995,Jrue Holiday,1,82,81,1,1,0,0,2926,36.123456790123456,81,0,81,FALSE,FALSE,FALSE,FALSE,TRUE
2018,3997,Brandon Jennings,1,16,14,2,0,0,2,208,14.857142857142858,2,6,4,FALSE,FALSE,FALSE,FALSE,FALSE
2018,3998,Jonas Jerebko,1,82,74,8,0,0,8,1131,15.283783783783784,23,13,25,FALSE,FALSE,FALSE,FALSE,FALSE
2018,3999,James Johnson,1,81,73,8,3,0,1,1946,26.65753424657534,64,5,66,FALSE,FALSE,FALSE,FALSE,FALSE
2018,4003,Jodie Meeks,1,81,77,4,0,0,4,1118,14.519480519480519,14,26,16,FALSE,FALSE,FALSE,FALSE,FALSE
2018,4004,Patty Mills,1,82,82,0,0,0,0,2109,25.71951219512195,74,6,76,FALSE,FALSE,FALSE,FALSE,FALSE
2018,4011,Ricky Rubio,1,79,77,2,1,0,0,2251,29.233766233766232,74,2,76,FALSE,FALSE,FALSE,FALSE,TRUE
2018,4011991,Dragan Bender,1,82,82,0,0,0,0,2073,25.28048780487805,65,11,67,FALSE,FALSE,FALSE,FALSE,FALSE
2018,4015,Jeff Teague,1,80,70,10,4,0,0,2313,33.042857142857144,70,0,70,TRUE,FALSE,FALSE,FALSE,FALSE
2018,4017837,Ivica Zubac,1,69,43,26,0,0,26,412,9.581395348837209,4,7,6,FALSE,FALSE,FALSE,FALSE,FALSE
2018,4017838,Ante Zizic,1,63,31,32,0,0,31,217,7,3,4,5,FALSE,FALSE,FALSE,FALSE,FALSE
2018,4017839,Juancho Hernangomez,1,44,25,19,0,0,19,278,11.12,5,5,7,FALSE,FALSE,FALSE,FALSE,FALSE
2018,4017843,Thon Maker,1,78,74,4,0,0,4,1239,16.743243243243242,21,30,23,FALSE,FALSE,FALSE,FALSE,FALSE
2018,4017844,Guerschon Yabusele,1,64,31,33,0,0,31,237,7.645161290322581,2,3,4,FALSE,FALSE,FALSE,FALSE,FALSE
2018,4017846,Georgios Papagiannis,2,36,17,19,0,0,19,122,7.176470588235294,0,1,1,FALSE,FALSE,FALSE,FALSE,FALSE
2018,4023,Garrett Temple,1,74,65,9,0,0,6,1615,24.846153846153847,52,11,54,FALSE,FALSE,FALSE,FALSE,FALSE
2018,4032,Wesley Matthews,1,64,63,1,0,0,0,2134,33.87301587301587,63,0,63,FALSE,FALSE,FALSE,FALSE,TRUE
2018,4064727,Josh Magette,1,29,18,11,0,0,11,216,12,3,6,5,FALSE,FALSE,FALSE,FALSE,FALSE
2018,4064730,Tim Quarterman,1,6,3,3,0,0,3,13,4.333333333333333,0,0,0,FALSE,FALSE,FALSE,FALSE,FALSE
2018,4065648,Jayson Tatum,2,81,80,1,0,0,1,2438,30.475,79,0,79,FALSE,FALSE,FALSE,FALSE,TRUE
2018,4065651,Frank Jackson,1,1,0,1,0,0,0,0,0,0,0,0,FALSE,FALSE,FALSE,FALSE,FALSE
2018,4065654,Jonathan Isaac,1,38,27,11,0,0,0,537,19.88888888888889,13,11,15,FALSE,FALSE,FALSE,FALSE,FALSE
2018,4065673,Tony Bradley,1,35,9,26,0,0,26,29,3.2222222222222223,0,0,0,FALSE,FALSE,FALSE,FALSE,FALSE
2018,4065697,Dennis Smith Jr.,2,70,70,0,0,0,0,2073,29.614285714285714,69,1,70,FALSE,FALSE,FALSE,FALSE,TRUE
2018,4066259,De'Aaron Fox,2,74,74,0,0,0,0,2039,27.554054054054053,67,3,69,FALSE,FALSE,FALSE,FALSE,FALSE
2018,4066261,Bam Adebayo,1,81,69,12,0,0,11,1370,19.855072463768117,35,16,37,FALSE,FALSE,FALSE,FALSE,FALSE
2018,4066262,Malik Monk,1,82,63,19,0,0,19,853,13.53968253968254,17,15,19,FALSE,FALSE,FALSE,FALSE,FALSE
2018,4066297,Josh Jackson,1,80,77,3,0,0,2,1960,25.454545454545453,60,7,62,FALSE,FALSE,FALSE,FALSE,FALSE
2018,4066328,Jarrett Allen,1,76,71,5,0,0,3,1421,20.014084507042252,36,27,38,FALSE,FALSE,FALSE,FALSE,FALSE
2018,4066335,Kobi Simmons,1,39,32,7,0,0,7,645,20.15625,20,2,22,FALSE,FALSE,FALSE,FALSE,FALSE
2018,4066336,Lauri Markkanen,2,76,69,7,0,1,1,2044,29.6231884057971,68,1,69,FALSE,FALSE,FALSE,FALSE,TRUE
2018,4066421,Lonzo Ball,1,56,52,4,0,0,0,1782,34.26923076923077,51,1,52,FALSE,FALSE,FALSE,FALSE,TRUE
2018,4066424,Ike Anigbogu,1,38,11,27,0,0,26,30,2.727272727272727,0,0,0,FALSE,FALSE,FALSE,FALSE,FALSE
2018,4066425,T.J. Leaf,1,74,53,21,0,0,20,456,8.60377358490566,4,7,6,FALSE,FALSE,FALSE,FALSE,FALSE
2018,4066636,Markelle Fultz,1,15,14,1,0,0,0,252,18,4,7,6,FALSE,FALSE,FALSE,FALSE,FALSE
2018,4066650,Zach Collins,1,81,66,15,0,0,15,1045,15.833333333333334,18,23,20,FALSE,FALSE,FALSE,FALSE,FALSE
2018,4192,Milos Teodosic,1,53,45,8,0,1,2,1136,25.244444444444444,38,5,40,FALSE,FALSE,FALSE,FALSE,FALSE
2018,4230546,Terrance Ferguson,1,81,60,21,0,0,20,765,12.75,11,9,13,FALSE,FALSE,FALSE,FALSE,FALSE
2018,4230547,Frank Ntilikina,2,80,79,1,1,0,0,1723,21.810126582278482,51,19,53,FALSE,FALSE,FALSE,FALSE,FALSE
2018,4237,John Wall,1,45,41,4,1,0,1,1408,34.34146341463415,40,1,41,TRUE,TRUE,FALSE,FALSE,FALSE
2018,4238,Eric Bledsoe,2,74,74,0,0,0,0,2323,31.39189189189189,72,0,72,FALSE,FALSE,FALSE,FALSE,TRUE
2018,4239,Evan Turner,1,79,79,0,0,0,0,2036,25.772151898734176,70,7,72,FALSE,FALSE,FALSE,FALSE,FALSE
2018,4240,Avery Bradley,2,58,46,12,1,0,2,1431,31.108695652173914,46,0,46,FALSE,FALSE,FALSE,FALSE,TRUE
2018,4241228,Yakuba Ouattara,1,2,0,2,1,0,0,0,0,0,0,0,FALSE,FALSE,FALSE,FALSE,FALSE
2018,4243,Jordan Crawford,1,6,5,1,0,0,1,54,10.8,1,0,1,FALSE,FALSE,FALSE,FALSE,FALSE
2018,4244,Lance Stephenson,1,82,82,0,0,0,0,1848,22.536585365853657,54,22,56,FALSE,FALSE,FALSE,FALSE,FALSE
2018,4247,Wesley Johnson,1,82,74,8,0,0,3,1491,20.14864864864865,38,14,40,FALSE,FALSE,FALSE,FALSE,FALSE
2018,4248,Al-Farouq Aminu,1,69,69,0,0,0,0,2071,30.014492753623188,68,1,69,FALSE,FALSE,FALSE,FALSE,TRUE
2018,4249,Gordon Hayward,1,1,1,0,0,0,0,5,5,0,0,0,TRUE,FALSE,FALSE,FALSE,FALSE
2018,4250,Luke Babbitt,2,71,49,22,0,0,21,717,14.63265306122449,15,6,17,FALSE,FALSE,FALSE,FALSE,FALSE
2018,4251,Paul George,2,80,80,0,0,0,0,2921,36.5125,79,1,80,TRUE,FALSE,FALSE,FALSE,FALSE
2018,4253,Quincy Pondexter,1,51,23,28,0,0,28,195,8.478260869565217,2,2,4,FALSE,FALSE,FALSE,FALSE,FALSE
2018,4257,Derrick Favors,1,79,77,2,0,0,0,2155,27.98701298701299,75,1,76,FALSE,FALSE,FALSE,FALSE,FALSE
2018,4258,DeMarcus Cousins,1,49,48,1,1,0,0,1739,36.229166666666664,48,0,48,TRUE,FALSE,FALSE,FALSE,FALSE
2018,4259,Ed Davis,1,78,78,0,0,0,0,1471,18.858974358974358,36,32,38,FALSE,FALSE,FALSE,FALSE,FALSE
2018,4260,Greg Monroe,3,68,51,17,0,0,17,1040,20.392156862745097,30,13,32,FALSE,FALSE,FALSE,FALSE,FALSE
2018,4261,Ekpe Udoh,1,81,63,18,0,0,18,810,12.857142857142858,8,16,10,FALSE,FALSE,FALSE,FALSE,FALSE
2018,4262,Hassan Whiteside,1,67,54,13,3,0,1,1364,25.25925925925926,45,9,47,FALSE,TRUE,FALSE,FALSE,FALSE
2018,4264,Patrick Patterson,1,82,82,0,0,0,0,1271,15.5,15,25,17,FALSE,FALSE,FALSE,FALSE,FALSE
2018,4267,Cole Aldrich,1,79,21,58,0,0,57,51,2.4285714285714284,0,0,0,FALSE,FALSE,FALSE,FALSE,FALSE
2018,4269,Nemanja Bjelica,1,79,67,12,1,0,1,1372,20.47761194029851,28,14,30,FALSE,FALSE,FALSE,FALSE,FALSE
2018,4270,Trevor Booker,3,74,68,6,0,0,2,1164,17.11764705882353,19,30,21,FALSE,FALSE,FALSE,FALSE,FALSE
2018,4295,Jeremy Evans,1,3,1,2,0,0,2,5,5,0,0,0,FALSE,FALSE,FALSE,FALSE,FALSE
2018,4298,Timofey Mozgov,1,81,31,50,0,0,50,358,11.548387096774194,1,10,3,FALSE,FALSE,FALSE,FALSE,FALSE
2018,4299,Jeremy Lin,1,1,1,0,0,0,0,25,25,1,0,1,FALSE,FALSE,FALSE,FALSE,FALSE
2018,4305,Ish Smith,1,82,82,0,0,0,0,2044,24.926829268292682,65,14,67,FALSE,FALSE,FALSE,FALSE,FALSE
2018,4376,Boban Marjanovic,2,77,37,40,0,0,38,336,9.08108108108108,1,2,3,FALSE,FALSE,FALSE,FALSE,FALSE
2018,4385,Mirza Teletovic,1,10,10,0,0,0,0,160,16,3,3,5,FALSE,FALSE,FALSE,FALSE,FALSE
2018,609,Dirk Nowitzki,1,77,77,0,0,0,0,1901,24.68831168831169,73,4,75,TRUE,FALSE,FALSE,FALSE,FALSE
2018,6426,Davis Bertans,1,82,76,6,0,0,5,1085,14.276315789473685,23,16,25,FALSE,FALSE,FALSE,FALSE,FALSE
2018,6427,Bismack Biyombo,1,82,82,0,0,0,0,1491,18.182926829268293,28,31,30,FALSE,FALSE,FALSE,FALSE,FALSE
2018,6428,MarShon Brooks,1,8,7,1,0,0,0,193,27.571428571428573,6,1,7,FALSE,FALSE,FALSE,FALSE,FALSE
2018,6429,Alec Burks,1,82,64,18,0,0,18,1060,16.5625,24,14,26,FALSE,FALSE,FALSE,FALSE,FALSE
2018,6430,Jimmy Butler,2,67,59,8,1,0,2,2163,36.66101694915254,59,0,59,TRUE,TRUE,FALSE,FALSE,FALSE
2018,6433,Kenneth Faried,1,72,32,40,0,0,40,463,14.46875,9,5,11,FALSE,FALSE,FALSE,FALSE,FALSE
2018,6440,Tobias Harris,2,80,80,0,0,0,0,2670,33.375,80,0,80,FALSE,FALSE,FALSE,FALSE,TRUE
2018,6442,Kyrie Irving,2,61,60,1,1,0,0,1926,32.1,58,1,59,TRUE,FALSE,FALSE,FALSE,FALSE
2018,6443,Reggie Jackson,1,45,45,0,0,0,0,1201,26.68888888888889,43,2,45,FALSE,FALSE,FALSE,FALSE,FALSE
2018,6446,Cory Joseph,1,82,82,0,0,0,0,2210,26.951219512195124,80,2,82,FALSE,FALSE,FALSE,FALSE,FALSE
2018,6447,Enes Freedom,1,73,71,2,0,0,0,1830,25.774647887323944,60,10,62,FALSE,FALSE,FALSE,FALSE,FALSE
2018,6450,Kawhi Leonard,1,11,9,2,0,2,0,211,23.444444444444443,6,3,8,TRUE,TRUE,FALSE,FALSE,FALSE
2018,6452,Jon Leuer,1,9,8,1,0,0,1,136,17,1,4,3,FALSE,FALSE,FALSE,FALSE,FALSE
2018,6453,DeAndre Liggins,2,76,56,20,0,0,18,727,12.982142857142858,11,13,13,FALSE,FALSE,FALSE,FALSE,FALSE
2018,6454,Shelvin Mack,1,82,69,13,0,0,13,1364,19.768115942028984,43,15,45,FALSE,FALSE,FALSE,FALSE,FALSE
2018,6459,Nikola Mirotic,2,60,55,5,2,0,1,1496,27.2,50,5,52,FALSE,FALSE,FALSE,FALSE,FALSE
2018,6460,E'Twaun Moore,1,82,82,0,0,0,0,2587,31.548780487804876,80,0,80,FALSE,FALSE,FALSE,FALSE,TRUE
2018,6461,Markieff Morris,1,77,73,4,2,0,0,1967,26.945205479452056,62,8,64,FALSE,FALSE,FALSE,FALSE,FALSE
2018,6462,Marcus Morris Sr.,1,57,53,4,0,0,2,1424,26.867924528301888,49,4,51,FALSE,FALSE,FALSE,FALSE,FALSE
2018,6466,Chandler Parsons,1,53,36,17,5,6,2,692,19.22222222222222,16,16,18,FALSE,FALSE,FALSE,FALSE,FALSE
2018,6468,Iman Shumpert,2,35,14,21,3,0,8,277,19.785714285714285,6,2,8,FALSE,FALSE,FALSE,FALSE,FALSE
2018,6469,Kyle Singler,1,34,12,22,0,0,22,60,5,1,0,1,FALSE,FALSE,FALSE,FALSE,FALSE
2018,6472,Isaiah Thomas,2,39,32,7,0,1,4,863,26.96875,29,2,31,TRUE,TRUE,FALSE,FALSE,FALSE
2018,6474,Tristan Thompson,1,54,53,1,0,0,0,1072,20.22641509433962,32,13,34,FALSE,FALSE,FALSE,FALSE,FALSE
2018,6475,Klay Thompson,2,74,74,0,0,0,0,2522,34.08108108108108,74,0,74,TRUE,FALSE,FALSE,FALSE,FALSE
2018,6477,Jonas Valanciunas,1,77,77,0,0,0,0,1724,22.38961038961039,55,17,57,FALSE,FALSE,FALSE,FALSE,FALSE
2018,6478,Nikola Vucevic,1,59,57,2,0,0,2,1687,29.596491228070175,55,0,55,FALSE,FALSE,FALSE,FALSE,TRUE
2018,6479,Kemba Walker,2,81,81,0,0,0,0,2753,33.98765432098765,80,0,80,TRUE,FALSE,FALSE,FALSE,FALSE
2018,6480,Derrick Williams,1,5,1,4,0,0,3,8,8,0,0,0,FALSE,FALSE,FALSE,FALSE,FALSE
2018,6485,Lance Thomas,1,76,73,3,0,0,3,1354,18.54794520547945,32,19,34,FALSE,FALSE,FALSE,FALSE,FALSE
2018,6499,Xavier Silas,1,4,1,3,0,0,2,7,7,0,0,0,FALSE,FALSE,FALSE,FALSE,FALSE
2018,6503,Dwight Buycks,1,49,29,20,1,0,18,426,14.689655172413794,10,7,12,FALSE,FALSE,FALSE,FALSE,FALSE
2018,6543,Julyan Stone,1,51,23,28,0,0,28,176,7.6521739130434785,3,2,5,FALSE,FALSE,FALSE,FALSE,FALSE
2018,6576,Quincy Acy,1,76,69,7,0,0,7,1338,19.391304347826086,38,17,40,FALSE,FALSE,FALSE,FALSE,FALSE
2018,6578,Harrison Barnes,1,77,77,0,0,0,0,2638,34.25974025974026,77,0,77,FALSE,FALSE,FALSE,FALSE,TRUE
2018,6579,Will Barton,1,81,81,0,0,0,0,2682,33.111111111111114,79,2,81,FALSE,FALSE,FALSE,FALSE,TRUE
2018,6580,Bradley Beal,2,83,83,0,0,0,0,2995,36.08433734939759,81,2,83,FALSE,FALSE,FALSE,FALSE,TRUE
2018,6581,Jae Crowder,2,80,80,0,0,0,0,2096,26.2,76,3,78,FALSE,FALSE,FALSE,FALSE,FALSE
2018,6583,Anthony Davis,2,83,76,7,1,0,0,2746,36.13157894736842,73,2,75,TRUE,TRUE,FALSE,FALSE,FALSE
2018,6585,Andre Drummond,2,81,79,2,1,0,0,2648,33.51898734177215,78,1,79,TRUE,FALSE,FALSE,FALSE,FALSE
2018,6588,Evan Fournier,1,58,57,1,0,0,0,1837,32.228070175438596,55,2,57,FALSE,FALSE,FALSE,FALSE,TRUE
2018,6589,Draymond Green,2,71,71,0,0,0,0,2305,32.46478873239437,67,2,69,TRUE,TRUE,FALSE,FALSE,FALSE
2018,6591,Maurice Harkless,1,68,59,9,0,0,9,1268,21.491525423728813,36,11,38,FALSE,FALSE,FALSE,FALSE,FALSE
2018,6592,John Henson,1,78,76,2,0,0,0,1968,25.894736842105264,68,6,70,FALSE,FALSE,FALSE,FALSE,FALSE
2018,6601,Michael Kidd-Gilchrist,1,82,74,8,1,0,3,1852,25.027027027027028,66,3,68,FALSE,FALSE,FALSE,FALSE,FALSE
2018,6603,Jeremy Lamb,1,81,80,1,0,0,0,1965,24.5625,71,8,73,FALSE,FALSE,FALSE,FALSE,FALSE
2018,6605,Meyers Leonard,1,77,31,46,3,0,41,253,8.161290322580646,2,4,4,FALSE,FALSE,FALSE,FALSE,FALSE
2018,6606,Damian Lillard,2,76,74,2,0,0,0,2693,36.391891891891895,74,0,74,TRUE,FALSE,FALSE,FALSE,FALSE
2018,6609,Khris Middleton,1,82,82,0,0,0,0,2980,36.34146341463415,81,1,82,FALSE,FALSE,FALSE,FALSE,TRUE
2018,6610,Darius Miller,1,82,82,0,0,0,0,1947,23.74390243902439,63,9,65,FALSE,FALSE,FALSE,FALSE,FALSE
2018,6615,Kyle O'Quinn,1,78,77,1,0,0,0,1392,18.07792207792208,30,25,32,FALSE,FALSE,FALSE,FALSE,FALSE
2018,6616,Miles Plumlee,1,66,55,11,0,0,11,918,16.69090909090909,15,21,17,FALSE,FALSE,FALSE,FALSE,FALSE
2018,6617,Austin Rivers,1,66,61,5,3,0,0,2060,33.77049180327869,60,1,61,FALSE,FALSE,FALSE,FALSE,TRUE
2018,6619,Terrence Ross,1,25,24,1,0,0,1,598,24.916666666666668,20,1,21,FALSE,FALSE,FALSE,FALSE,FALSE
2018,6621,Tomas Satoransky,1,82,73,9,0,0,9,1644,22.52054794520548,49,8,51,FALSE,FALSE,FALSE,FALSE,FALSE
2018,6622,Mike Scott,1,80,76,4,0,0,4,1404,18.473684210526315,30,29,32,FALSE,FALSE,FALSE,FALSE,FALSE
2018,6626,Marquis Teague,1,6,3,3,0,0,3,73,24.333333333333332,3,0,3,FALSE,FALSE,FALSE,FALSE,FALSE
2018,6628,Dion Waiters,1,31,30,1,0,0,0,920,30.666666666666668,29,0,29,FALSE,FALSE,FALSE,FALSE,FALSE
2018,6631,Tyler Zeller,2,78,65,13,0,0,11,1097,16.876923076923077,25,17,27,FALSE,FALSE,FALSE,FALSE,FALSE
2018,6637,Kent Bazemore,1,67,65,2,0,2,0,1791,27.553846153846155,62,2,64,FALSE,FALSE,FALSE,FALSE,FALSE
2018,841,Jason Terry,1,76,50,26,0,0,23,813,16.26,16,12,18,FALSE,FALSE,FALSE,FALSE,FALSE
2018,984,Tyson Chandler,1,64,46,18,0,0,13,1154,25.08695652173913,40,5,42,FALSE,FALSE,FALSE,FALSE,FALSE
2018,996,Pau Gasol,1,79,77,2,1,0,0,1814,23.558441558441558,59,11,61,TRUE,FALSE,FALSE,FALSE,FALSE
2019,1015,Tony Parker,1,64,56,8,0,0,7,1000,17.857142857142858,18,24,20,FALSE,FALSE,FALSE,FALSE,FALSE
2019,136,Vince Carter,1,81,76,5,0,0,5,1327,17.460526315789473,27,23,29,FALSE,FALSE,FALSE,FALSE,FALSE
2019,165,Jamal Crawford,1,76,64,12,0,0,11,1210,18.90625,30,15,32,FALSE,FALSE,FALSE,FALSE,FALSE
2019,1713,Nene ,1,63,42,21,1,0,18,544,12.952380952380953,2,13,4,FALSE,FALSE,FALSE,FALSE,FALSE
2019,1966,LeBron James,2,56,56,0,0,0,0,1963,35.05357142857143,56,0,56,TRUE,TRUE,FALSE,FALSE,FALSE
2019,1975,Carmelo Anthony,1,11,10,1,1,0,0,294,29.4,10,0,10,TRUE,FALSE,FALSE,FALSE,FALSE
2019,1987,Dwyane Wade,2,76,73,3,1,0,0,1895,25.958904109589042,70,1,71,TRUE,FALSE,FALSE,FALSE,FALSE
2019,2011,Kyle Korver,2,71,70,1,0,0,1,1333,19.042857142857144,32,26,34,FALSE,FALSE,FALSE,FALSE,FALSE
2019,2016,Zaza Pachulia,1,78,68,10,0,0,5,879,12.926470588235293,7,15,9,FALSE,FALSE,FALSE,FALSE,FALSE
2019,2141179,Andre Ingram,1,5,4,1,0,0,1,14,3.5,0,0,0,FALSE,FALSE,FALSE,FALSE,FALSE
2019,2184,Udonis Haslem,1,82,9,73,0,0,71,75,8.333333333333334,1,0,1,FALSE,FALSE,FALSE,FALSE,FALSE
2019,2234666,Jonathan Gibson,1,1,0,1,0,0,1,0,0,0,0,0,FALSE,FALSE,FALSE,FALSE,FALSE
2019,2282117,John Holland,1,1,1,0,0,0,0,1,1,0,0,0,FALSE,FALSE,FALSE,FALSE,FALSE
2019,2282734,Kalin Lucas,1,3,1,2,0,0,2,6,6,0,0,0,FALSE,FALSE,FALSE,FALSE,FALSE
2019,2284101,Justin Holiday,2,82,82,0,0,0,0,2608,31.804878048780488,76,3,78,FALSE,FALSE,FALSE,FALSE,TRUE
2019,2325499,C.J. Williams,1,30,14,16,0,0,15,130,9.285714285714286,1,3,3,FALSE,FALSE,FALSE,FALSE,FALSE
2019,2326307,Seth Curry,1,78,74,4,0,0,4,1402,18.945945945945947,31,26,33,FALSE,FALSE,FALSE,FALSE,FALSE
2019,2326411,James Nunnally,2,42,15,27,0,0,27,102,6.8,2,0,2,FALSE,FALSE,FALSE,FALSE,FALSE
2019,2327577,JaMychal Green,2,70,65,5,0,0,0,1369,21.06153846153846,42,16,44,FALSE,FALSE,FALSE,FALSE,FALSE
2019,2328418,Scotty Hopson,1,2,0,2,0,0,1,0,0,0,0,0,FALSE,FALSE,FALSE,FALSE,FALSE
2019,2382,Devin Harris,1,72,68,4,0,0,4,1074,15.794117647058824,11,35,13,FALSE,FALSE,FALSE,FALSE,FALSE
2019,2384,Dwight Howard,1,10,9,1,0,0,0,229,25.444444444444443,8,0,8,FALSE,FALSE,FALSE,FALSE,FALSE
2019,2386,Andre Iguodala,1,69,68,1,0,0,0,1575,23.16176470588235,55,8,57,FALSE,FALSE,FALSE,FALSE,FALSE
2019,2393,Shaun Livingston,1,66,64,2,0,0,0,966,15.09375,2,45,4,FALSE,FALSE,FALSE,FALSE,FALSE
2019,2426,Trevor Ariza,2,73,69,4,0,0,1,2349,34.04347826086956,67,0,67,FALSE,FALSE,FALSE,FALSE,TRUE
2019,2429,Luol Deng,1,61,22,39,0,0,39,395,17.954545454545453,10,4,12,FALSE,FALSE,FALSE,FALSE,FALSE
2019,2444,JR Smith,1,14,11,3,0,0,3,221,20.09090909090909,7,1,8,FALSE,FALSE,FALSE,FALSE,FALSE
2019,2451037,Daniel Theis,1,75,66,9,0,0,9,905,13.712121212121213,9,25,11,FALSE,FALSE,FALSE,FALSE,FALSE
2019,2488653,Mason Plumlee,1,82,82,0,0,0,0,1734,21.146341463414632,51,20,53,FALSE,FALSE,FALSE,FALSE,FALSE
2019,2488826,Rodney McGruder,1,74,65,9,1,0,5,1551,23.861538461538462,45,9,47,FALSE,FALSE,FALSE,FALSE,FALSE
2019,2488945,Tim Frazier,2,74,59,15,0,0,15,1119,18.966101694915253,31,6,33,FALSE,FALSE,FALSE,FALSE,FALSE
2019,2488958,Solomon Hill,1,81,44,37,0,0,37,875,19.886363636363637,24,8,26,FALSE,FALSE,FALSE,FALSE,FALSE
2019,2489530,Troy Daniels,1,79,51,28,0,0,28,760,14.901960784313726,14,13,16,FALSE,FALSE,FALSE,FALSE,FALSE
2019,2489563,DJ Stephens,1,13,1,12,0,0,12,7,7,0,0,0,FALSE,FALSE,FALSE,FALSE,FALSE
2019,2489663,Kelly Olynyk,1,82,79,3,0,0,3,1813,22.949367088607595,54,14,56,FALSE,FALSE,FALSE,FALSE,FALSE
2019,2489693,Ryan Broekhoff,1,79,40,39,0,0,36,456,11.4,7,8,9,FALSE,FALSE,FALSE,FALSE,FALSE
2019,2489716,Matthew Dellavedova,2,62,48,14,0,0,10,815,16.979166666666668,15,22,17,FALSE,FALSE,FALSE,FALSE,FALSE
2019,2489785,Ian Clark,1,80,60,20,0,0,20,974,16.233333333333334,19,12,21,FALSE,FALSE,FALSE,FALSE,FALSE
2019,2490089,Mike Muscala,2,74,64,10,0,0,8,1304,20.375,31,21,33,FALSE,FALSE,FALSE,FALSE,FALSE
2019,2490149,CJ McCollum,1,70,70,0,0,0,0,2375,33.92857142857143,70,0,70,FALSE,FALSE,FALSE,FALSE,TRUE
2019,2490589,Isaiah Canaan,3,31,30,1,0,0,1,630,21,19,1,20,FALSE,FALSE,FALSE,FALSE,FALSE
2019,2490620,Robert Covington,2,36,35,1,0,0,0,1201,34.31428571428572,35,0,35,FALSE,TRUE,FALSE,FALSE,FALSE
2019,2527963,Victor Oladipo,2,37,36,1,1,0,0,1151,31.97222222222222,34,0,34,TRUE,TRUE,FALSE,FALSE,FALSE
2019,2528210,Tim Hardaway Jr.,2,67,64,3,1,0,1,2021,31.578125,64,0,64,FALSE,FALSE,FALSE,FALSE,TRUE
2019,2528353,Tony Snell,1,81,74,7,0,0,0,1304,17.62162162162162,26,29,28,FALSE,FALSE,FALSE,FALSE,FALSE
2019,2528426,Jordan Clarkson,1,82,81,1,0,0,0,2217,27.37037037037037,80,1,81,FALSE,FALSE,FALSE,FALSE,FALSE
2019,2528473,Okaro White,1,5,3,2,0,0,2,6,2,0,0,0,FALSE,FALSE,FALSE,FALSE,FALSE
2019,2528586,Walt Lemon Jr.,1,6,6,0,0,0,0,167,27.833333333333332,5,1,6,FALSE,FALSE,FALSE,FALSE,FALSE
2019,2528588,Doug McDermott,1,77,77,0,0,0,0,1336,17.350649350649352,21,34,23,FALSE,FALSE,FALSE,FALSE,FALSE
2019,2528693,Torrey Craig,1,81,74,7,0,0,6,1503,20.31081081081081,47,5,49,FALSE,FALSE,FALSE,FALSE,FALSE
2019,2528779,Reggie Bullock,2,72,63,9,4,0,2,1879,29.825396825396826,59,2,61,FALSE,FALSE,FALSE,FALSE,TRUE
2019,2528787,Lorenzo Brown,1,42,25,17,0,0,16,212,8.48,2,5,4,FALSE,FALSE,FALSE,FALSE,FALSE
2019,2528794,Joe Harris,1,79,76,3,0,0,0,2296,30.210526315789473,75,1,76,FALSE,FALSE,FALSE,FALSE,TRUE
2019,2530276,Tyler Johnson,2,64,57,7,0,0,2,1534,26.912280701754387,50,5,52,FALSE,FALSE,FALSE,FALSE,FALSE
2019,2530530,T.J. McConnell,1,82,76,6,0,0,6,1467,19.30263157894737,39,14,41,FALSE,FALSE,FALSE,FALSE,FALSE
2019,2530572,Langston Galloway,1,82,80,2,0,0,2,1753,21.9125,58,11,60,FALSE,FALSE,FALSE,FALSE,FALSE
2019,2530780,Shabazz Napier,1,76,55,21,0,0,18,978,17.78181818181818,22,15,24,FALSE,FALSE,FALSE,FALSE,FALSE
2019,2530923,Alfonzo McKinnie,1,73,72,1,0,0,1,1003,13.930555555555555,12,22,14,FALSE,FALSE,FALSE,FALSE,FALSE
2019,2531047,Jerian Grant,1,81,59,22,0,0,22,934,15.830508474576272,22,18,24,FALSE,FALSE,FALSE,FALSE,FALSE
2019,2531210,Allen Crabbe,1,43,43,0,0,0,0,1134,26.372093023255815,40,2,42,FALSE,FALSE,FALSE,FALSE,FALSE
2019,2531214,Richard Solomon,1,2,0,2,0,0,1,0,0,0,0,0,FALSE,FALSE,FALSE,FALSE,FALSE
2019,2531352,Eric Moreland,2,17,5,12,0,0,12,42,8.4,0,1,1,FALSE,FALSE,FALSE,FALSE,FALSE
2019,2531367,Dwight Powell,1,79,77,2,0,0,1,1662,21.584415584415584,39,29,41,FALSE,FALSE,FALSE,FALSE,FALSE
2019,2531797,Jordan McRae,1,42,26,16,2,0,13,331,12.73076923076923,6,5,8,FALSE,FALSE,FALSE,FALSE,FALSE
2019,2534781,Gorgui Dieng,1,80,76,4,0,0,4,1029,13.539473684210526,12,18,14,FALSE,FALSE,FALSE,FALSE,FALSE
2019,2566745,Quinn Cook,1,82,72,10,0,0,8,1063,14.76388888888889,18,14,20,FALSE,FALSE,FALSE,FALSE,FALSE
2019,2566769,Malcolm Brogdon,1,65,64,1,0,1,0,1837,28.703125,63,0,63,FALSE,FALSE,FALSE,FALSE,TRUE
2019,2578185,Dorian Finney-Smith,1,81,81,0,0,0,0,1984,24.493827160493826,61,14,63,FALSE,FALSE,FALSE,FALSE,FALSE
2019,2578213,Ben McLemore,1,38,19,19,0,0,19,157,8.263157894736842,0,3,2,FALSE,FALSE,FALSE,FALSE,FALSE
2019,2578239,Pat Connaughton,1,81,61,20,0,0,20,1258,20.62295081967213,33,15,35,FALSE,FALSE,FALSE,FALSE,FALSE
2019,2578240,Khem Birch,1,81,50,31,0,0,31,644,12.88,2,20,4,FALSE,FALSE,FALSE,FALSE,FALSE
2019,2579258,Cody Zeller,1,50,49,1,0,0,0,1243,25.367346938775512,44,4,46,FALSE,FALSE,FALSE,FALSE,FALSE
2019,2579260,Trey Burke,2,71,57,14,0,0,14,1098,19.263157894736842,30,11,32,FALSE,FALSE,FALSE,FALSE,FALSE
2019,2579279,Jordan Sibert,1,5,1,4,0,0,3,4,4,0,0,0,FALSE,FALSE,FALSE,FALSE,FALSE
2019,2579294,Frank Kaminsky,1,80,46,34,0,0,33,756,16.434782608695652,19,9,21,FALSE,FALSE,FALSE,FALSE,FALSE
2019,2579321,James Ennis III,2,63,58,5,0,0,4,1229,21.189655172413794,32,16,34,FALSE,FALSE,FALSE,FALSE,FALSE
2019,2579326,Alan Williams,1,10,5,5,0,0,5,26,5.2,0,0,0,FALSE,FALSE,FALSE,FALSE,FALSE
2019,2579466,Jonathon Simmons,2,72,55,17,0,0,17,1044,18.98181818181818,31,13,33,FALSE,FALSE,FALSE,FALSE,FALSE
2019,2579476,Jalen Jones,1,19,16,3,0,0,3,215,13.4375,3,5,5,FALSE,FALSE,FALSE,FALSE,FALSE
2019,2579492,Julian Washburn,1,24,17,7,0,0,6,252,14.823529411764707,5,3,7,FALSE,FALSE,FALSE,FALSE,FALSE
2019,2580349,Ron Baker,2,35,15,20,1,0,19,150,10,1,3,3,FALSE,FALSE,FALSE,FALSE,FALSE
2019,2580365,Larry Nance Jr.,1,69,67,2,0,0,1,1794,26.776119402985074,54,11,56,FALSE,FALSE,FALSE,FALSE,FALSE
2019,2580782,Spencer Dinwiddie,1,69,68,1,1,0,0,1914,28.147058823529413,67,1,68,FALSE,FALSE,FALSE,FALSE,TRUE
2019,2580898,Chasson Randle,1,52,49,3,0,0,3,743,15.16326530612245,8,20,10,FALSE,FALSE,FALSE,FALSE,FALSE
2019,2580913,Dewayne Dedmon,1,65,64,1,0,0,0,1608,25.125,57,5,59,FALSE,FALSE,FALSE,FALSE,FALSE
2019,2580980,Malcolm Miller,1,22,10,12,0,0,12,68,6.8,0,0,0,FALSE,FALSE,FALSE,FALSE,FALSE
2019,2581018,Kentavious Caldwell-Pope,1,82,82,0,0,0,0,2032,24.78048780487805,62,15,64,FALSE,FALSE,FALSE,FALSE,FALSE
2019,2581177,Rodney Hood,2,80,72,8,6,0,1,1895,26.319444444444443,63,8,65,FALSE,FALSE,FALSE,FALSE,FALSE
2019,2581190,Josh Richardson,1,78,73,5,1,0,1,2543,34.83561643835616,72,1,73,FALSE,FALSE,FALSE,FALSE,TRUE
2019,2583632,Royce O'Neale,1,82,82,0,0,0,0,1676,20.4390243902439,44,19,46,FALSE,FALSE,FALSE,FALSE,FALSE
2019,2583639,Elfrid Payton,1,46,42,4,0,0,0,1246,29.666666666666668,39,2,41,FALSE,FALSE,FALSE,FALSE,TRUE
2019,2585637,Dairis Bertans,1,14,12,2,0,0,2,167,13.916666666666666,3,2,5,FALSE,FALSE,FALSE,FALSE,FALSE
2019,2594922,Otto Porter Jr.,2,57,56,1,0,0,0,1687,30.125,50,3,52,FALSE,FALSE,FALSE,FALSE,TRUE
2019,2595209,Damion Lee,1,45,32,13,0,0,13,375,11.71875,6,5,8,FALSE,FALSE,FALSE,FALSE,FALSE
2019,2595231,Treveon Graham,1,50,35,15,0,0,4,718,20.514285714285716,19,12,21,FALSE,FALSE,FALSE,FALSE,FALSE
2019,2595435,Abdel Nader,1,80,61,19,0,0,19,695,11.39344262295082,6,11,8,FALSE,FALSE,FALSE,FALSE,FALSE
2019,2595516,Norman Powell,1,60,59,1,0,0,0,1128,19.11864406779661,27,21,29,FALSE,FALSE,FALSE,FALSE,FALSE
2019,2595592,Jordan Loyd,1,23,12,11,0,0,11,53,4.416666666666667,0,0,0,FALSE,FALSE,FALSE,FALSE,FALSE
2019,2596107,Alex Len,1,79,77,2,0,0,2,1548,20.103896103896105,42,15,44,FALSE,FALSE,FALSE,FALSE,FALSE
2019,2596108,Michael Carter-Williams,2,49,28,21,0,0,21,372,13.285714285714286,7,8,9,FALSE,FALSE,FALSE,FALSE,FALSE
2019,2608891,JaKarr Sampson,1,4,4,0,0,0,0,127,31.75,4,0,4,FALSE,FALSE,FALSE,FALSE,FALSE
2019,2747,Andrew Bogut,1,11,11,0,0,0,0,136,12.363636363636363,2,2,4,FALSE,FALSE,FALSE,FALSE,FALSE
2019,2753,Raymond Felton,1,82,32,50,0,0,48,381,11.90625,4,3,6,FALSE,FALSE,FALSE,FALSE,FALSE
2019,2754,Channing Frye,1,81,36,45,0,0,45,338,9.38888888888889,3,8,5,FALSE,FALSE,FALSE,FALSE,FALSE
2019,2758,Marcin Gortat,1,55,47,8,0,0,7,751,15.97872340425532,13,18,15,FALSE,FALSE,FALSE,FALSE,FALSE
2019,2761,Gerald Green,1,78,73,5,0,0,1,1473,20.17808219178082,38,17,40,FALSE,FALSE,FALSE,FALSE,FALSE
2019,2767,Ersan Ilyasova,1,71,67,4,1,0,1,1234,18.417910447761194,30,22,32,FALSE,FALSE,FALSE,FALSE,FALSE
2019,2769,Amir Johnson,1,81,51,30,0,0,29,530,10.392156862745098,3,8,5,FALSE,FALSE,FALSE,FALSE,FALSE
2019,2774,Ian Mahinmi,1,82,34,48,1,0,47,496,14.588235294117647,9,9,11,FALSE,FALSE,FALSE,FALSE,FALSE
2019,2778,CJ Miles,2,62,52,10,0,0,6,856,16.46153846153846,15,16,17,FALSE,FALSE,FALSE,FALSE,FALSE
2019,2779,Chris Paul,1,65,58,7,0,1,1,1854,31.96551724137931,57,0,57,TRUE,FALSE,FALSE,FALSE,FALSE
2019,2797,Marvin Williams,1,76,75,1,0,0,1,2133,28.44,69,4,71,FALSE,FALSE,FALSE,FALSE,TRUE
2019,2799,Lou Williams,1,77,75,2,0,0,0,1992,26.56,69,5,71,FALSE,FALSE,FALSE,FALSE,FALSE
2019,2806,Jose Calderon,1,66,46,20,0,0,17,635,13.804347826086957,12,9,14,FALSE,FALSE,FALSE,FALSE,FALSE
2019,2960236,Maxi Kleber,1,73,71,2,0,0,1,1505,21.197183098591548,41,17,43,FALSE,FALSE,FALSE,FALSE,FALSE
2019,2968361,Raul Neto,1,44,37,7,0,0,6,473,12.783783783783784,5,10,7,FALSE,FALSE,FALSE,FALSE,FALSE
2019,2968436,Joe Ingles,1,82,82,0,0,0,0,2566,31.29268292682927,81,0,81,FALSE,FALSE,FALSE,FALSE,TRUE
2019,2968439,Aron Baynes,1,52,51,1,0,0,0,822,16.11764705882353,13,18,15,FALSE,FALSE,FALSE,FALSE,FALSE
2019,2968458,Salah Mejri,1,75,35,40,0,0,39,401,11.457142857142857,3,8,5,FALSE,FALSE,FALSE,FALSE,FALSE
2019,2982240,Jaron Blossomgame,1,27,27,0,0,0,0,441,16.333333333333332,11,6,13,FALSE,FALSE,FALSE,FALSE,FALSE
2019,2982249,Amile Jefferson,1,30,12,18,0,0,18,68,5.666666666666667,1,0,1,FALSE,FALSE,FALSE,FALSE,FALSE
2019,2982268,Jake Layman,1,82,71,11,0,0,11,1323,18.633802816901408,28,20,30,FALSE,FALSE,FALSE,FALSE,FALSE
2019,2982334,T.J. Warren,1,44,43,1,0,0,0,1361,31.651162790697676,38,3,40,FALSE,FALSE,FALSE,FALSE,TRUE
2019,2982340,Justin Anderson,1,65,46,19,0,0,17,461,10.021739130434783,4,8,6,FALSE,FALSE,FALSE,FALSE,FALSE
2019,2982349,Tyler Cavanaugh,1,20,11,9,0,0,9,42,3.8181818181818183,0,1,1,FALSE,FALSE,FALSE,FALSE,FALSE
2019,2983,LaMarcus Aldridge,2,82,82,0,0,0,0,2701,32.9390243902439,81,0,81,TRUE,TRUE,FALSE,FALSE,FALSE
2019,2983727,RJ Hunter,1,4,1,3,0,0,3,26,26,1,0,1,FALSE,FALSE,FALSE,FALSE,FALSE
2019,2990962,Taurean Prince,1,58,55,3,3,0,0,1553,28.236363636363638,51,2,53,FALSE,FALSE,FALSE,FALSE,TRUE
2019,2990968,Naz Mitrou-Long,1,28,14,14,0,0,14,87,6.214285714285714,1,0,1,FALSE,FALSE,FALSE,FALSE,FALSE
2019,2990969,Georges Niang,1,75,59,16,0,0,16,517,8.76271186440678,6,1,7,FALSE,FALSE,FALSE,FALSE,FALSE
2019,2990984,Buddy Hield,1,82,82,0,0,0,0,2615,31.890243902439025,79,3,81,FALSE,FALSE,FALSE,FALSE,TRUE
2019,2990992,Marcus Smart,1,80,80,0,0,0,0,2197,27.4625,73,7,75,FALSE,FALSE,FALSE,FALSE,FALSE
2019,2991018,Yogi Ferrell,1,82,71,11,0,0,11,1072,15.098591549295774,15,25,17,FALSE,FALSE,FALSE,FALSE,FALSE
2019,2991039,Glenn Robinson III,1,70,47,23,0,0,23,608,12.936170212765957,7,8,9,FALSE,FALSE,FALSE,FALSE,FALSE
2019,2991042,Nik Stauskas,2,78,68,10,1,0,8,1014,14.911764705882353,14,21,16,FALSE,FALSE,FALSE,FALSE,FALSE
2019,2991043,Caris LeVert,1,40,40,0,0,0,0,1062,26.55,36,4,38,FALSE,FALSE,FALSE,FALSE,FALSE
2019,2991047,Ryan Arcidiacono,1,82,81,1,0,0,1,1961,24.209876543209877,53,24,55,FALSE,FALSE,FALSE,FALSE,FALSE
2019,2991055,Montrezl Harrell,1,82,82,0,0,0,0,2160,26.341463414634145,75,6,77,FALSE,FALSE,FALSE,FALSE,FALSE
2019,2991070,Jerami Grant,1,80,80,0,0,0,0,2611,32.6375,80,0,80,FALSE,FALSE,FALSE,FALSE,TRUE
2019,2991139,Kris Dunn,1,48,46,2,1,0,0,1390,30.217391304347824,46,0,46,FALSE,FALSE,FALSE,FALSE,TRUE
2019,2991149,Damyean Dotson,1,79,72,7,0,0,6,1988,27.61111111111111,62,8,64,FALSE,FALSE,FALSE,FALSE,FALSE
2019,2991155,Danuel House Jr.,1,40,39,1,0,0,1,978,25.076923076923077,30,6,32,FALSE,FALSE,FALSE,FALSE,FALSE
2019,2991184,Sam Dekker,2,68,47,21,0,0,18,788,16.76595744680851,13,16,15,FALSE,FALSE,FALSE,FALSE,FALSE
2019,2991230,Fred VanVleet,1,65,64,1,0,0,0,1757,27.453125,57,7,59,FALSE,FALSE,FALSE,FALSE,FALSE
2019,2991235,Steven Adams,1,82,80,2,1,0,0,2669,33.3625,78,1,79,FALSE,TRUE,FALSE,FALSE,TRUE
2019,2991274,Shaquille Harrison,1,80,73,7,0,0,7,1431,19.602739726027398,32,19,34,FALSE,FALSE,FALSE,FALSE,FALSE
2019,2991280,Nerlens Noel,1,79,77,2,1,0,0,1058,13.74025974025974,8,21,10,FALSE,FALSE,FALSE,FALSE,FALSE
2019,2991282,Willie Cauley-Stein,1,81,81,0,0,0,0,2216,27.358024691358025,70,9,72,FALSE,FALSE,FALSE,FALSE,FALSE
2019,2991283,Alex Poythress,1,23,21,2,0,0,2,304,14.476190476190476,8,3,10,FALSE,FALSE,FALSE,FALSE,FALSE
2019,2991350,Alex Caruso,1,30,25,5,0,0,5,531,21.24,15,2,17,FALSE,FALSE,FALSE,FALSE,FALSE
2019,2992257,Tahjere McCall,1,2,1,1,0,0,0,8,8,0,0,0,FALSE,FALSE,FALSE,FALSE,FALSE
2019,2993370,Richaun Holmes,1,75,70,5,0,0,1,1184,16.914285714285715,19,30,21,FALSE,FALSE,FALSE,FALSE,FALSE
2019,2993874,Kyle Anderson,1,48,43,5,0,0,1,1281,29.790697674418606,40,2,42,FALSE,FALSE,FALSE,FALSE,TRUE
2019,2994526,Bryn Forbes,1,82,82,0,0,0,0,2291,27.9390243902439,78,3,80,FALSE,FALSE,FALSE,FALSE,FALSE
2019,2995702,Alex Abrines,1,40,31,9,1,0,6,587,18.93548387096774,14,9,16,FALSE,FALSE,FALSE,FALSE,FALSE
2019,2995706,Mario Hezonja,1,72,58,14,0,0,14,1210,20.862068965517242,34,8,36,FALSE,FALSE,FALSE,FALSE,FALSE
2019,2999409,Willy Hernangomez,1,81,58,23,0,0,23,812,14,13,14,15,FALSE,FALSE,FALSE,FALSE,FALSE
2019,2999547,Gary Harris,1,60,57,3,0,0,0,1641,28.789473684210527,54,2,56,FALSE,FALSE,FALSE,FALSE,TRUE
2019,3001309,Dusty Hannahs,1,3,2,1,0,0,1,26,13,0,0,0,FALSE,FALSE,FALSE,FALSE,FALSE
2019,3002137,Tyrone Wallace,1,82,59,23,0,0,20,627,10.627118644067796,5,10,7,FALSE,FALSE,FALSE,FALSE,FALSE
2019,3005,Rudy Gay,1,77,69,8,0,1,0,1841,26.681159420289855,61,8,63,FALSE,FALSE,FALSE,FALSE,FALSE
2019,3012,Kyle Lowry,2,70,66,4,1,0,1,2224,33.696969696969695,65,0,65,TRUE,FALSE,FALSE,FALSE,FALSE
2019,3015,Paul Millsap,1,71,70,1,0,0,0,1892,27.02857142857143,65,4,67,TRUE,FALSE,FALSE,FALSE,FALSE
2019,3024,JJ Redick,1,78,76,2,1,0,0,2382,31.342105263157894,75,1,76,FALSE,FALSE,FALSE,FALSE,TRUE
2019,3026,Rajon Rondo,1,51,46,5,0,0,2,1368,29.73913043478261,39,7,41,FALSE,FALSE,FALSE,FALSE,TRUE
2019,3028,Thabo Sefolosha,1,66,50,16,0,0,13,612,12.24,6,7,8,FALSE,FALSE,FALSE,FALSE,FALSE
2019,3032976,Rudy Gobert,1,81,81,0,0,0,0,2579,31.839506172839506,80,0,80,TRUE,TRUE,FALSE,FALSE,FALSE
2019,3032977,Giannis Antetokounmpo,2,79,73,6,0,1,0,2387,32.6986301369863,71,2,73,TRUE,TRUE,FALSE,FALSE,FALSE
2019,3032978,Dario Saric,2,81,81,0,0,0,0,2021,24.950617283950617,68,13,70,FALSE,FALSE,FALSE,FALSE,FALSE
2019,3032979,Dennis Schroder,1,81,79,2,0,0,0,2311,29.253164556962027,77,2,79,FALSE,FALSE,FALSE,FALSE,TRUE
2019,3033,P.J. Tucker,1,82,82,0,0,0,0,2803,34.18292682926829,81,1,82,FALSE,FALSE,FALSE,FALSE,TRUE
2019,3037789,Bogdan Bogdanovic,2,72,71,1,0,0,0,1972,27.774647887323944,66,4,68,FALSE,FALSE,FALSE,FALSE,FALSE
2019,3055,J.J. Barea,1,39,38,1,0,0,0,753,19.81578947368421,18,18,20,FALSE,FALSE,FALSE,FALSE,FALSE
2019,3056600,Jabari Parker,2,78,64,14,0,0,9,1726,26.96875,53,5,55,FALSE,FALSE,FALSE,FALSE,FALSE
2019,3056602,Semi Ojeleye,1,82,56,26,0,0,26,597,10.660714285714286,5,9,7,FALSE,FALSE,FALSE,FALSE,FALSE
2019,3057187,Sterling Brown,1,70,57,13,1,0,10,1033,18.12280701754386,21,18,23,FALSE,FALSE,FALSE,FALSE,FALSE
2019,3057198,Brandon Goodwin,1,32,14,18,0,0,16,57,4.071428571428571,0,0,0,FALSE,FALSE,FALSE,FALSE,FALSE
2019,3057240,Cameron Reynolds,1,22,19,3,0,0,3,258,13.578947368421053,4,6,6,FALSE,FALSE,FALSE,FALSE,FALSE
2019,3058254,Christian Wood,2,39,20,19,0,0,17,250,12.5,6,1,7,FALSE,FALSE,FALSE,FALSE,FALSE
2019,3058269,Joe Chealey,1,1,1,0,0,0,0,8,8,0,0,0,FALSE,FALSE,FALSE,FALSE,FALSE
2019,3059262,Davon Reed,1,20,10,10,0,0,10,46,4.6,1,0,1,FALSE,FALSE,FALSE,FALSE,FALSE
2019,3059273,Demetrius Jackson,1,21,6,15,0,0,15,40,6.666666666666667,0,0,0,FALSE,FALSE,FALSE,FALSE,FALSE
2019,3059280,BJ Johnson,2,13,7,6,0,0,6,51,7.285714285714286,0,1,1,FALSE,FALSE,FALSE,FALSE,FALSE
2019,3059306,Johnathan Motley,1,35,21,14,0,0,13,153,7.285714285714286,1,2,3,FALSE,FALSE,FALSE,FALSE,FALSE
2019,3059310,Monte Morris,1,82,82,0,0,0,0,1970,24.024390243902438,64,12,66,FALSE,FALSE,FALSE,FALSE,FALSE
2019,3059315,Frank Mason III,1,80,38,42,0,0,42,436,11.473684210526315,6,7,8,FALSE,FALSE,FALSE,FALSE,FALSE
2019,3059316,Wayne Selden,2,80,75,5,0,0,5,1436,19.14666666666667,38,16,40,FALSE,FALSE,FALSE,FALSE,FALSE
2019,3059318,Joel Embiid,2,67,65,2,0,0,0,2180,33.53846153846154,65,0,65,TRUE,TRUE,FALSE,FALSE,FALSE
2019,3059319,Andrew Wiggins,1,75,73,2,0,0,0,2541,34.80821917808219,72,0,72,FALSE,FALSE,FALSE,FALSE,TRUE
2019,3059356,Billy Garrett Jr.,1,5,4,1,0,0,1,64,16,1,0,1,FALSE,FALSE,FALSE,FALSE,FALSE
2019,3059358,Deonte Burton,1,46,31,15,0,0,14,239,7.709677419354839,3,2,5,FALSE,FALSE,FALSE,FALSE,FALSE
2019,3059430,Zach Lofton,1,2,1,1,0,0,1,4,4,0,0,0,FALSE,FALSE,FALSE,FALSE,FALSE
2019,3062667,DeAndre' Bembry,1,82,82,0,0,0,0,1930,23.536585365853657,60,21,62,FALSE,FALSE,FALSE,FALSE,FALSE
2019,3062679,Josh Hart,1,71,67,4,0,0,2,1714,25.582089552238806,53,9,55,FALSE,FALSE,FALSE,FALSE,FALSE
2019,3062744,David Nwaba,1,56,51,5,0,0,4,987,19.352941176470587,22,18,24,FALSE,FALSE,FALSE,FALSE,FALSE
2019,3064230,Cameron Payne,2,47,40,7,0,0,7,714,17.85,22,6,24,FALSE,FALSE,FALSE,FALSE,FALSE
2019,3064290,Aaron Gordon,1,78,77,1,0,0,0,2600,33.76623376623377,77,0,77,FALSE,FALSE,FALSE,FALSE,TRUE
2019,3064291,Rondae Hollis-Jefferson,1,71,59,12,0,0,12,1235,20.93220338983051,34,13,36,FALSE,FALSE,FALSE,FALSE,FALSE
2019,3064320,George King,1,3,1,2,0,0,2,6,6,0,0,0,FALSE,FALSE,FALSE,FALSE,FALSE
2019,3064427,Jordan Bell,1,80,67,13,0,0,12,792,11.82089552238806,7,15,9,FALSE,FALSE,FALSE,FALSE,FALSE
2019,3064440,Zach LaVine,1,68,63,5,0,0,0,2170,34.44444444444444,62,1,63,FALSE,FALSE,FALSE,FALSE,TRUE
2019,3064447,Delon Wright,2,76,75,1,0,0,1,1699,22.653333333333332,45,14,47,FALSE,FALSE,FALSE,FALSE,FALSE
2019,3064482,Bobby Portis,2,51,50,1,0,0,0,1300,26,41,9,43,FALSE,FALSE,FALSE,FALSE,FALSE
2019,3064511,Andrew Harrison,3,25,17,8,0,0,8,186,10.941176470588236,0,4,2,FALSE,FALSE,FALSE,FALSE,FALSE
2019,3064514,Julius Randle,1,77,73,4,0,0,2,2233,30.589041095890412,71,1,72,FALSE,FALSE,FALSE,FALSE,TRUE
2019,3064517,Jarell Martin,1,79,42,37,0,0,37,331,7.880952380952381,3,5,5,FALSE,FALSE,FALSE,FALSE,FALSE
2019,3064528,Johnathan Williams,1,32,23,9,0,0,8,371,16.130434782608695,9,5,11,FALSE,FALSE,FALSE,FALSE,FALSE
2019,3064539,Sindarius Thornwell,1,73,55,18,0,0,9,317,5.763636363636364,1,0,1,FALSE,FALSE,FALSE,FALSE,FALSE
2019,3064559,Damian Jones,1,24,24,0,0,0,0,411,17.125,8,7,10,FALSE,FALSE,FALSE,FALSE,FALSE
2019,3064560,Luke Kornet,1,63,45,18,0,0,17,783,17.4,18,4,20,FALSE,FALSE,FALSE,FALSE,FALSE
2019,3074743,Troy Caupain,1,8,4,4,0,0,4,15,3.75,0,0,0,FALSE,FALSE,FALSE,FALSE,FALSE
2019,3074752,Terry Rozier,1,79,79,0,0,0,0,1792,22.68354430379747,53,25,55,FALSE,FALSE,FALSE,FALSE,FALSE
2019,3074765,Isaiah Hicks,1,10,3,7,0,0,7,33,11,1,0,1,FALSE,FALSE,FALSE,FALSE,FALSE
2019,3074797,Wes Iwundu,1,81,67,14,0,0,14,1215,18.134328358208954,25,28,27,FALSE,FALSE,FALSE,FALSE,FALSE
2019,3078284,Noah Vonleh,1,68,67,1,0,0,0,1686,25.16417910447761,46,14,48,FALSE,FALSE,FALSE,FALSE,FALSE
2019,3078286,Troy Williams,1,29,21,8,0,0,8,315,15,5,5,7,FALSE,FALSE,FALSE,FALSE,FALSE
2019,3078576,Derrick White,1,68,67,1,0,0,1,1729,25.80597014925373,53,9,55,FALSE,FALSE,FALSE,FALSE,FALSE
2019,3102528,Dante Exum,1,43,42,1,0,0,1,664,15.80952380952381,13,16,15,FALSE,FALSE,FALSE,FALSE,FALSE
2019,3102529,Clint Capela,1,68,67,1,1,0,0,2250,33.582089552238806,67,0,67,FALSE,TRUE,FALSE,FALSE,TRUE
2019,3102530,Jusuf Nurkic,1,73,72,1,1,0,0,1975,27.430555555555557,67,5,69,FALSE,TRUE,FALSE,FALSE,FALSE
2019,3112335,Nikola Jokic,2,82,81,1,0,0,0,2519,31.098765432098766,79,1,80,FALSE,FALSE,FALSE,FALSE,TRUE
2019,3113297,Bruno Caboclo,1,34,34,0,0,0,0,800,23.529411764705884,23,4,25,FALSE,FALSE,FALSE,FALSE,FALSE
2019,3113587,Cristiano Felicio,1,81,60,21,0,0,21,745,12.416666666666666,12,14,14,FALSE,FALSE,FALSE,FALSE,FALSE
2019,3129674,Donte Grantham,1,10,2,8,0,0,7,3,1.5,0,0,0,FALSE,FALSE,FALSE,FALSE,FALSE
2019,3132042,Gary Clark,1,79,51,28,0,0,28,637,12.490196078431373,13,6,15,FALSE,FALSE,FALSE,FALSE,FALSE
2019,3133601,Devonte' Graham,1,64,46,18,0,0,18,679,14.76086956521739,14,11,16,FALSE,FALSE,FALSE,FALSE,FALSE
2019,3133602,Svi Mykhailiuk,2,60,42,18,0,0,18,443,10.547619047619047,4,7,6,FALSE,FALSE,FALSE,FALSE,FALSE
2019,3133603,Kelly Oubre Jr.,2,69,69,0,0,0,0,1933,28.014492753623188,63,4,65,FALSE,FALSE,FALSE,FALSE,TRUE
2019,3133626,Kenrich Williams,1,54,46,8,0,0,8,1083,23.543478260869566,32,1,33,FALSE,FALSE,FALSE,FALSE,FALSE
2019,3133628,Myles Turner,1,74,74,0,0,0,0,2119,28.635135135135137,71,3,73,FALSE,FALSE,FALSE,FALSE,TRUE
2019,3133629,Keenan Evans,1,3,0,3,0,0,3,0,0,0,0,0,FALSE,FALSE,FALSE,FALSE,FALSE
2019,3133635,Jevon Carter,1,56,39,17,0,0,17,575,14.743589743589743,11,8,13,FALSE,FALSE,FALSE,FALSE,FALSE
2019,3133838,Yuta Watanabe,1,36,15,21,0,0,21,176,11.733333333333333,3,3,5,FALSE,FALSE,FALSE,FALSE,FALSE
2019,3133843,Jared Terrell,1,29,14,15,0,0,15,112,8,1,1,2,FALSE,FALSE,FALSE,FALSE,FALSE
2019,3133874,Jaylen Adams,1,39,34,5,0,0,5,425,12.5,5,10,7,FALSE,FALSE,FALSE,FALSE,FALSE
2019,3134880,Kadeem Allen,1,20,19,1,1,0,0,414,21.789473684210527,11,6,13,FALSE,FALSE,FALSE,FALSE,FALSE
2019,3134881,Stanley Johnson,2,78,66,12,1,0,8,1209,18.318181818181817,31,13,33,FALSE,FALSE,FALSE,FALSE,FALSE
2019,3134903,Gary Payton II,1,4,3,1,0,0,1,16,5.333333333333333,0,0,0,FALSE,FALSE,FALSE,FALSE,FALSE
2019,3134907,Kyle Kuzma,2,78,71,7,3,0,0,2334,32.87323943661972,70,1,71,FALSE,FALSE,FALSE,FALSE,TRUE
2019,3134908,Jakob Poeltl,1,81,77,4,0,0,3,1277,16.584415584415584,25,20,27,FALSE,FALSE,FALSE,FALSE,FALSE
2019,3135045,Grayson Allen,1,60,37,23,0,0,22,414,11.18918918918919,6,5,8,FALSE,FALSE,FALSE,FALSE,FALSE
2019,3135046,Tyus Jones,1,72,68,4,0,0,1,1559,22.926470588235293,38,21,40,FALSE,FALSE,FALSE,FALSE,FALSE
2019,3135047,Justise Winslow,1,68,66,2,0,0,0,1964,29.757575757575758,63,3,65,FALSE,FALSE,FALSE,FALSE,TRUE
2019,3135048,Jahlil Okafor,1,77,58,19,0,0,18,938,16.17241379310345,20,8,22,FALSE,FALSE,FALSE,FALSE,FALSE
2019,3136183,Yante Maten,1,17,2,15,0,0,15,13,6.5,0,0,0,FALSE,FALSE,FALSE,FALSE,FALSE
2019,3136193,Devin Booker,1,70,64,6,0,0,0,2241,35.015625,61,1,62,FALSE,FALSE,FALSE,FALSE,TRUE
2019,3136194,Tyler Ulis,1,1,1,0,0,0,0,1,1,0,0,0,FALSE,FALSE,FALSE,FALSE,FALSE
2019,3136195,Karl-Anthony Towns,2,79,78,1,0,0,0,2556,32.76923076923077,77,0,77,TRUE,TRUE,FALSE,FALSE,FALSE
2019,3136196,Trey Lyles,1,70,63,7,0,0,7,1118,17.746031746031747,28,15,30,FALSE,FALSE,FALSE,FALSE,FALSE
2019,3136479,Angel Delgado,1,4,2,2,0,0,2,15,7.5,0,0,0,FALSE,FALSE,FALSE,FALSE,FALSE
2019,3136481,Trevon Bluiett,1,1,0,1,0,0,1,0,0,0,0,0,FALSE,FALSE,FALSE,FALSE,FALSE
2019,3136483,J.P. Macura,1,8,2,6,0,0,6,17,8.5,0,0,0,FALSE,FALSE,FALSE,FALSE,FALSE
2019,3136485,Edmond Sumner,1,48,23,25,0,0,24,207,9,3,2,5,FALSE,FALSE,FALSE,FALSE,FALSE
2019,3136491,D.J. Wilson,1,56,48,8,0,0,8,880,18.333333333333332,23,11,25,FALSE,FALSE,FALSE,FALSE,FALSE
2019,3136696,Wade Baldwin IV,2,44,16,28,0,0,28,95,5.9375,0,0,0,FALSE,FALSE,FALSE,FALSE,FALSE
2019,3136776,D'Angelo Russell,2,83,82,1,0,1,0,2463,30.036585365853657,81,0,81,FALSE,FALSE,FALSE,FALSE,TRUE
2019,3136779,Keita Bates-Diop,1,57,30,27,0,0,27,503,16.766666666666666,10,8,12,FALSE,FALSE,FALSE,FALSE,FALSE
2019,3136989,Vincent Edwards,1,17,2,15,0,0,15,16,8,0,0,0,FALSE,FALSE,FALSE,FALSE,FALSE
2019,3137730,Patrick McCaw,2,34,29,5,0,0,5,398,13.724137931034482,4,9,6,FALSE,FALSE,FALSE,FALSE,FALSE
2019,3137795,Chris Chiozza,1,10,7,3,0,0,3,32,4.571428571428571,0,0,0,FALSE,FALSE,FALSE,FALSE,FALSE
2019,3137798,Devin Robinson,1,14,7,7,0,0,7,95,13.571428571428571,1,2,3,FALSE,FALSE,FALSE,FALSE,FALSE
2019,3138154,Theo Pinson,1,36,18,18,0,0,18,210,11.666666666666666,4,2,6,FALSE,FALSE,FALSE,FALSE,FALSE
2019,3138156,Justin Jackson,2,82,81,1,0,0,1,1617,19.962962962962962,48,10,50,FALSE,FALSE,FALSE,FALSE,FALSE
2019,3138192,Bonzie Colson,1,14,8,6,0,0,6,98,12.25,2,0,2,FALSE,FALSE,FALSE,FALSE,FALSE
2019,3138256,DeVaughn Akoon-Purcell,1,24,7,17,0,0,17,23,3.2857142857142856,0,0,0,FALSE,FALSE,FALSE,FALSE,FALSE
2019,3147351,Daniel Hamilton,1,33,18,15,0,0,14,206,11.444444444444445,3,3,5,FALSE,FALSE,FALSE,FALSE,FALSE
2019,3147657,Mikal Bridges,1,82,81,1,0,0,0,2419,29.864197530864196,74,4,76,FALSE,FALSE,FALSE,FALSE,TRUE
2019,3149010,Chandler Hutchison,1,53,44,9,0,0,3,893,20.295454545454547,21,15,23,FALSE,FALSE,FALSE,FALSE,FALSE
2019,3149673,Pascal Siakam,1,82,80,2,0,0,1,2549,31.8625,78,2,80,FALSE,FALSE,FALSE,FALSE,TRUE
2019,3150844,Moritz Wagner,1,71,42,29,0,0,28,447,10.642857142857142,6,5,8,FALSE,FALSE,FALSE,FALSE,FALSE
2019,3155526,Dillon Brooks,1,20,18,2,0,0,0,330,18.333333333333332,7,7,9,FALSE,FALSE,FALSE,FALSE,FALSE
2019,3155533,Jonah Bolden,1,69,44,25,0,0,23,641,14.568181818181818,11,10,13,FALSE,FALSE,FALSE,FALSE,FALSE
2019,3155535,Kevon Looney,1,81,80,1,1,0,0,1477,18.4625,33,26,35,FALSE,FALSE,FALSE,FALSE,FALSE
2019,3155536,Thomas Welsh,1,28,9,19,0,0,17,37,4.111111111111111,0,0,0,FALSE,FALSE,FALSE,FALSE,FALSE
2019,3155942,Domantas Sabonis,1,75,74,1,0,0,1,1840,24.864864864864863,68,5,70,FALSE,FALSE,FALSE,FALSE,FALSE
2019,3157465,Duncan Robinson,1,41,14,27,0,0,26,161,11.5,3,0,3,FALSE,FALSE,FALSE,FALSE,FALSE
2019,3190,Marco Belinelli,1,81,79,2,1,0,0,1818,23.0126582278481,63,14,65,FALSE,FALSE,FALSE,FALSE,FALSE
2019,3191,Corey Brewer,2,37,31,6,0,0,6,491,15.838709677419354,8,8,10,FALSE,FALSE,FALSE,FALSE,FALSE
2019,3194,Wilson Chandler,2,54,51,3,0,0,2,1177,23.07843137254902,33,8,35,FALSE,FALSE,FALSE,FALSE,FALSE
2019,3195,Mike Conley,1,80,70,10,0,0,2,2340,33.42857142857143,70,0,70,FALSE,FALSE,FALSE,FALSE,TRUE
2019,3201,Jared Dudley,1,69,59,10,0,0,7,1219,20.661016949152543,33,18,35,FALSE,FALSE,FALSE,FALSE,FALSE
2019,3202,Kevin Durant,2,79,79,0,0,0,0,2728,34.53164556962025,78,1,79,TRUE,TRUE,FALSE,FALSE,FALSE
2019,3206,Marc Gasol,2,81,79,2,0,1,0,2440,30.88607594936709,74,5,76,TRUE,FALSE,FALSE,FALSE,FALSE
2019,3209,Jeff Green,1,80,77,3,0,1,2,2094,27.194805194805195,69,5,71,FALSE,FALSE,FALSE,FALSE,FALSE
2019,3213,Al Horford,1,69,68,1,0,0,0,1970,28.970588235294116,66,2,68,TRUE,TRUE,FALSE,FALSE,FALSE
2019,3224,Joakim Noah,1,51,42,9,0,0,2,695,16.547619047619047,14,10,16,FALSE,FALSE,FALSE,FALSE,FALSE
2019,3232,Jason Smith,3,60,20,40,0,0,40,189,9.45,1,2,3,FALSE,FALSE,FALSE,FALSE,FALSE
2019,3243,Nick Young,1,8,4,4,0,0,4,38,9.5,0,0,0,FALSE,FALSE,FALSE,FALSE,FALSE
2019,3244,Thaddeus Young,1,82,81,1,0,0,0,2489,30.728395061728396,80,1,81,FALSE,FALSE,FALSE,FALSE,TRUE
2019,3276,Anthony Tolliver,1,82,63,19,0,0,17,1081,17.158730158730158,24,22,26,FALSE,FALSE,FALSE,FALSE,FALSE
2019,3412,Ryan Anderson,2,76,25,51,0,0,51,321,12.84,9,2,11,FALSE,FALSE,FALSE,FALSE,FALSE
2019,3415,D.J. Augustin,1,80,80,0,0,0,0,2241,28.0125,78,2,80,FALSE,FALSE,FALSE,FALSE,TRUE
2019,3416,Nicolas Batum,1,79,75,4,0,0,3,2358,31.44,70,3,72,FALSE,FALSE,FALSE,FALSE,TRUE
2019,3417,Jerryd Bayless,1,51,34,17,1,0,16,658,19.352941176470587,13,9,15,FALSE,FALSE,FALSE,FALSE,FALSE
2019,3418,Michael Beasley,1,46,26,20,0,0,10,279,10.73076923076923,2,3,4,FALSE,FALSE,FALSE,FALSE,FALSE
2019,3423,Goran Dragic,1,42,36,6,3,1,0,993,27.583333333333332,30,5,32,TRUE,FALSE,FALSE,FALSE,FALSE
2019,3428,Danilo Gallinari,1,70,68,2,0,1,0,2060,30.294117647058822,67,0,67,FALSE,FALSE,FALSE,FALSE,TRUE
2019,3431,Eric Gordon,1,71,68,3,1,1,1,2156,31.705882352941178,68,0,68,FALSE,FALSE,FALSE,FALSE,TRUE
2019,3438,George Hill,2,70,60,10,0,0,4,1305,21.75,41,12,43,FALSE,FALSE,FALSE,FALSE,FALSE
2019,3439,Serge Ibaka,1,77,74,3,0,0,0,2006,27.10810810810811,69,4,71,FALSE,FALSE,FALSE,FALSE,FALSE
2019,3442,DeAndre Jordan,2,76,69,7,0,0,7,2049,29.695652173913043,67,2,69,TRUE,FALSE,FALSE,FALSE,FALSE
2019,3444,Kosta Koufos,1,66,42,24,0,0,24,502,11.952380952380953,1,12,3,FALSE,FALSE,FALSE,FALSE,FALSE
2019,3445,Courtney Lee,2,56,34,22,0,0,22,429,12.617647058823529,7,8,9,FALSE,FALSE,FALSE,FALSE,FALSE
2019,3447,Robin Lopez,1,82,74,8,0,0,8,1609,21.743243243243242,43,16,45,FALSE,FALSE,FALSE,FALSE,FALSE
2019,3448,Brook Lopez,1,82,81,1,0,1,0,2318,28.617283950617285,81,0,81,FALSE,FALSE,FALSE,FALSE,TRUE
2019,3449,Kevin Love,1,29,22,7,0,0,0,598,27.181818181818183,18,2,20,FALSE,FALSE,FALSE,FALSE,FALSE
2019,3451,Luc Mbah a Moute,1,4,4,0,0,0,0,61,15.25,0,3,2,FALSE,FALSE,FALSE,FALSE,FALSE
2019,3452,JaVale McGee,1,81,75,6,1,0,2,1674,22.32,49,18,51,FALSE,FALSE,FALSE,FALSE,FALSE
2019,3456,Derrick Rose,1,58,51,7,2,0,4,1393,27.313725490196077,45,3,47,FALSE,FALSE,FALSE,FALSE,FALSE
2019,3468,Russell Westbrook,2,75,74,1,0,0,0,2653,35.851351351351354,73,1,74,TRUE,TRUE,FALSE,FALSE,FALSE
2019,3554,Omri Casspi,1,44,36,8,2,0,5,523,14.527777777777779,8,10,10,FALSE,FALSE,FALSE,FALSE,FALSE
2019,3593,Bojan Bogdanovic,1,82,81,1,0,0,0,2572,31.753086419753085,81,0,81,FALSE,FALSE,FALSE,FALSE,TRUE
2019,3892818,Emmanuel Mudiay,1,60,58,2,0,0,1,1586,27.344827586206897,50,7,52,FALSE,FALSE,FALSE,FALSE,FALSE
2019,3892894,Zhou Qi,1,2,1,1,0,0,0,1,1,0,0,0,FALSE,FALSE,FALSE,FALSE,FALSE
2019,3893016,Cedi Osman,2,79,77,2,0,0,1,2459,31.935064935064936,73,2,75,FALSE,FALSE,FALSE,FALSE,TRUE
2019,3893019,Timothe Luwawu-Cabarrot,2,74,50,24,0,0,24,669,13.38,16,7,18,FALSE,FALSE,FALSE,FALSE,FALSE
2019,3906522,Henry Ellenson,2,35,19,16,0,0,16,259,13.631578947368421,4,5,6,FALSE,FALSE,FALSE,FALSE,FALSE
2019,3906671,Caleb Swanigan,2,55,21,34,0,0,34,181,8.619047619047619,1,3,3,FALSE,FALSE,FALSE,FALSE,FALSE
2019,3907385,Brandon Sampson,1,20,14,6,0,0,6,214,15.285714285714286,6,1,7,FALSE,FALSE,FALSE,FALSE,FALSE
2019,3907386,Antonio Blakeney,1,80,56,24,0,0,23,830,14.821428571428571,18,11,20,FALSE,FALSE,FALSE,FALSE,FALSE
2019,3907387,Ben Simmons,3,81,81,0,0,0,0,2734,33.75308641975309,79,1,80,FALSE,FALSE,FALSE,FALSE,TRUE
2019,3907487,Marquese Chriss,2,75,43,32,0,0,29,499,11.604651162790697,6,8,8,FALSE,FALSE,FALSE,FALSE,FALSE
2019,3907525,Allonzo Trier,1,64,63,1,0,0,0,1447,22.96825396825397,40,19,42,FALSE,FALSE,FALSE,FALSE,FALSE
2019,3907821,Dwayne Bacon,1,68,42,26,0,0,25,761,18.11904761904762,19,5,21,FALSE,FALSE,FALSE,FALSE,FALSE
2019,3907822,Malik Beasley,1,81,81,0,0,0,0,1878,23.185185185185187,55,12,57,FALSE,FALSE,FALSE,FALSE,FALSE
2019,3908806,Ray Spalding,2,27,14,13,0,0,13,148,10.571428571428571,2,2,4,FALSE,FALSE,FALSE,FALSE,FALSE
2019,3908807,Deng Adel,1,25,18,7,0,0,6,196,10.88888888888889,3,3,5,FALSE,FALSE,FALSE,FALSE,FALSE
2019,3908809,Donovan Mitchell,2,78,78,0,0,0,0,2624,33.64102564102564,77,0,77,FALSE,FALSE,FALSE,FALSE,TRUE
2019,3908845,John Collins,2,63,62,1,0,0,0,1843,29.725806451612904,59,2,61,FALSE,FALSE,FALSE,FALSE,TRUE
2019,3912332,Justin Patton,1,17,3,14,1,0,6,20,6.666666666666667,0,0,0,FALSE,FALSE,FALSE,FALSE,FALSE
2019,3912334,Khyri Thomas,1,70,26,44,0,0,44,196,7.538461538461538,2,1,3,FALSE,FALSE,FALSE,FALSE,FALSE
2019,3912854,Jawun Evans,2,17,8,9,0,0,9,64,8,1,0,1,FALSE,FALSE,FALSE,FALSE,FALSE
2019,3913174,Luke Kennard,1,65,63,2,0,0,2,1439,22.841269841269842,44,11,46,FALSE,FALSE,FALSE,FALSE,FALSE
2019,3913176,Brandon Ingram,1,58,52,6,0,0,0,1761,33.86538461538461,51,0,51,FALSE,FALSE,FALSE,FALSE,TRUE
2019,3913546,Melvin Frazier Jr.,1,38,10,28,0,0,28,44,4.4,0,0,0,FALSE,FALSE,FALSE,FALSE,FALSE
2019,3914044,Landry Shamet,2,80,79,1,0,0,0,1804,22.835443037974684,52,18,54,FALSE,FALSE,FALSE,FALSE,FALSE
2019,3914283,Chimezie Metu,1,50,28,22,0,0,21,142,5.071428571428571,0,0,0,FALSE,FALSE,FALSE,FALSE,FALSE
2019,3914285,Drew Eubanks,1,43,22,21,0,0,20,111,5.045454545454546,1,0,1,FALSE,FALSE,FALSE,FALSE,FALSE
2019,3915195,Shake Milton,1,33,20,13,0,0,13,268,13.4,6,4,8,FALSE,FALSE,FALSE,FALSE,FALSE
2019,3915560,Tyler Dorsey,2,69,48,21,0,0,21,699,14.5625,14,6,16,FALSE,FALSE,FALSE,FALSE,FALSE
2019,3917376,Jaylen Brown,1,75,74,1,1,0,0,1912,25.83783783783784,68,5,70,FALSE,TRUE,FALSE,FALSE,FALSE
2019,3917378,Ivan Rabb,1,76,49,27,0,0,26,723,14.755102040816327,15,6,17,FALSE,FALSE,FALSE,FALSE,FALSE
2019,3919335,Cheick Diallo,1,74,64,10,0,0,10,894,13.96875,16,16,18,FALSE,FALSE,FALSE,FALSE,FALSE
2019,3922230,Aaron Holiday,1,82,50,32,0,0,32,645,12.9,14,7,16,FALSE,FALSE,FALSE,FALSE,FALSE
2019,3923250,PJ Dozier,1,13,5,8,0,0,7,50,10,1,0,1,FALSE,FALSE,FALSE,FALSE,FALSE
2019,3926491,Isaac Humphries,1,5,5,0,0,0,0,56,11.2,0,3,2,FALSE,FALSE,FALSE,FALSE,FALSE
2019,3929325,Furkan Korkmaz,1,61,48,13,1,0,11,682,14.208333333333334,14,10,16,FALSE,FALSE,FALSE,FALSE,FALSE
2019,3934621,Jacob Evans,1,51,27,24,1,0,20,200,7.407407407407407,2,2,4,FALSE,FALSE,FALSE,FALSE,FALSE
2019,3934662,Tyler Lydon,1,62,24,38,0,0,37,95,3.9583333333333335,0,0,0,FALSE,FALSE,FALSE,FALSE,FALSE
2019,3934663,Malachi Richardson,1,42,21,21,0,0,20,103,4.904761904761905,0,1,1,FALSE,FALSE,FALSE,FALSE,FALSE
2019,3934670,Marcus Derrickson,1,19,11,8,0,0,8,68,6.181818181818182,0,0,0,FALSE,FALSE,FALSE,FALSE,FALSE
2019,3934672,Jalen Brunson,1,81,73,8,0,0,8,1596,21.863013698630137,48,7,50,FALSE,FALSE,FALSE,FALSE,FALSE
2019,3934673,Donte DiVincenzo,1,41,27,14,1,0,7,413,15.296296296296296,8,6,10,FALSE,FALSE,FALSE,FALSE,FALSE
2019,3934719,O.G. Anunoby,2,68,68,0,0,0,0,1376,20.235294117647058,35,23,37,FALSE,FALSE,FALSE,FALSE,FALSE
2019,3934723,Thomas Bryant,1,81,72,9,0,0,9,1496,20.77777777777778,33,25,35,FALSE,FALSE,FALSE,FALSE,FALSE
2019,3936099,Derrick Jones Jr.,1,73,60,13,2,0,8,1153,19.216666666666665,30,15,32,FALSE,FALSE,FALSE,FALSE,FALSE
2019,3936294,Isaiah Briscoe,1,62,38,24,0,0,23,542,14.263157894736842,14,8,16,FALSE,FALSE,FALSE,FALSE,FALSE
2019,3936296,Skal Labissiere,2,56,21,35,0,0,34,177,8.428571428571429,2,1,3,FALSE,FALSE,FALSE,FALSE,FALSE
2019,3936299,Jamal Murray,1,75,75,0,0,0,0,2450,32.666666666666664,74,1,75,FALSE,FALSE,FALSE,FALSE,TRUE
2019,3937101,Deyonta Davis,1,11,9,2,0,0,2,117,13,2,3,4,FALSE,FALSE,FALSE,FALSE,FALSE
2019,3943606,Jerome Robinson,1,43,32,11,0,0,10,320,10,2,5,4,FALSE,FALSE,FALSE,FALSE,FALSE
2019,3945274,Luka Doncic,2,75,73,2,0,0,0,2346,32.136986301369866,73,0,73,FALSE,FALSE,FALSE,FALSE,TRUE
2019,3947078,Tyler Davis,1,2,1,1,0,0,1,1,1,0,0,0,FALSE,FALSE,FALSE,FALSE,FALSE
2019,3948153,Chris Boucher,1,46,28,18,0,0,18,165,5.892857142857143,1,0,1,FALSE,FALSE,FALSE,FALSE,FALSE
2019,3952343,Jaylen Morris,1,16,4,12,0,0,10,28,7,0,0,0,FALSE,FALSE,FALSE,FALSE,FALSE
2019,3964,Patrick Beverley,1,78,78,0,0,0,0,2140,27.435897435897434,70,8,72,FALSE,FALSE,FALSE,FALSE,FALSE
2019,3970,DeMarre Carroll,1,69,67,2,0,0,0,1706,25.46268656716418,56,9,58,FALSE,FALSE,FALSE,FALSE,FALSE
2019,3973,Darren Collison,1,76,76,0,0,0,0,2145,28.223684210526315,73,3,75,FALSE,FALSE,FALSE,FALSE,TRUE
2019,3974,Dante Cunningham,1,81,63,18,0,0,16,928,14.73015873015873,20,10,22,FALSE,FALSE,FALSE,FALSE,FALSE
2019,3975,Stephen Curry,2,70,70,0,0,0,0,2358,33.68571428571428,69,0,69,TRUE,TRUE,FALSE,FALSE,FALSE
2019,3978,DeMar DeRozan,1,79,77,2,0,0,1,2687,34.896103896103895,77,0,77,TRUE,TRUE,FALSE,FALSE,FALSE
2019,3981,Wayne Ellington,2,78,53,25,0,0,22,1296,24.452830188679247,38,7,40,FALSE,FALSE,FALSE,FALSE,FALSE
2019,3983,Tyreke Evans,1,72,69,3,0,0,0,1402,20.318840579710145,37,25,39,FALSE,FALSE,FALSE,FALSE,FALSE
2019,3986,Taj Gibson,1,77,70,7,0,0,0,1686,24.085714285714285,57,10,59,FALSE,FALSE,FALSE,FALSE,FALSE
2019,3988,Danny Green,1,80,80,0,0,0,0,2216,27.7,72,6,74,FALSE,FALSE,FALSE,FALSE,FALSE
2019,3989,Blake Griffin,2,78,76,2,1,1,0,2639,34.723684210526315,75,1,76,FALSE,FALSE,FALSE,FALSE,TRUE
2019,3992,James Harden,2,79,79,0,0,0,0,2896,36.65822784810127,79,0,79,TRUE,TRUE,FALSE,FALSE,FALSE
2019,3995,Jrue Holiday,1,67,67,0,0,0,0,2403,35.865671641791046,67,0,67,FALSE,TRUE,FALSE,FALSE,TRUE
2019,3998,Jonas Jerebko,1,79,73,6,0,0,6,1221,16.726027397260275,29,17,31,FALSE,FALSE,FALSE,FALSE,FALSE
2019,3999,James Johnson,1,63,55,8,1,0,7,1165,21.181818181818183,32,17,34,FALSE,FALSE,FALSE,FALSE,FALSE
2019,4003,Jodie Meeks,1,12,8,4,0,0,4,104,13,1,2,3,FALSE,FALSE,FALSE,FALSE,FALSE
2019,4004,Patty Mills,1,82,82,0,0,0,0,1909,23.28048780487805,66,15,68,FALSE,FALSE,FALSE,FALSE,FALSE
2019,4011,Ricky Rubio,1,69,68,1,0,0,0,1904,28,65,0,65,FALSE,FALSE,FALSE,FALSE,TRUE
2019,4011991,Dragan Bender,1,82,46,36,0,0,36,827,17.97826086956522,18,9,20,FALSE,FALSE,FALSE,FALSE,FALSE
2019,4015,Jeff Teague,1,50,42,8,0,0,3,1264,30.095238095238095,40,2,42,FALSE,FALSE,FALSE,FALSE,TRUE
2019,4017837,Ivica Zubac,2,79,59,20,0,0,20,1041,17.64406779661017,26,15,28,FALSE,FALSE,FALSE,FALSE,FALSE
2019,4017838,Ante Zizic,1,75,59,16,1,0,11,1084,18.372881355932204,27,11,29,FALSE,FALSE,FALSE,FALSE,FALSE
2019,4017839,Juancho Hernangomez,1,82,70,12,0,0,11,1359,19.414285714285715,35,7,37,FALSE,FALSE,FALSE,FALSE,FALSE
2019,4017843,Thon Maker,2,79,64,15,0,0,15,971,15.171875,14,21,16,FALSE,FALSE,FALSE,FALSE,FALSE
2019,4017844,Guerschon Yabusele,1,73,40,33,0,0,32,254,6.35,1,4,3,FALSE,FALSE,FALSE,FALSE,FALSE
2019,4023,Garrett Temple,2,77,75,2,0,0,1,2045,27.266666666666666,57,13,59,FALSE,FALSE,FALSE,FALSE,FALSE
2019,4028211,Cody Demps,1,2,0,2,0,0,2,0,0,0,0,0,FALSE,FALSE,FALSE,FALSE,FALSE
2019,4032,Wesley Matthews,3,69,69,0,0,0,0,2090,30.28985507246377,68,1,69,FALSE,FALSE,FALSE,FALSE,TRUE
2019,4065648,Jayson Tatum,2,81,80,1,0,0,0,2478,30.975,79,0,79,FALSE,FALSE,FALSE,FALSE,TRUE
2019,4065649,Harry Giles III,1,70,58,12,0,0,11,821,14.155172413793103,9,24,11,FALSE,FALSE,FALSE,FALSE,FALSE
2019,4065651,Frank Jackson,1,76,61,15,0,0,10,1171,19.19672131147541,27,13,29,FALSE,FALSE,FALSE,FALSE,FALSE
2019,4065654,Jonathan Isaac,1,74,74,0,0,0,0,1972,26.64864864864865,69,3,71,FALSE,FALSE,FALSE,FALSE,FALSE
2019,4065663,Josh Okogie,2,83,75,8,0,0,8,1780,23.733333333333334,54,10,56,FALSE,FALSE,FALSE,FALSE,FALSE
2019,4065670,Bruce Brown,1,81,74,7,0,0,7,1447,19.554054054054053,34,23,36,FALSE,FALSE,FALSE,FALSE,FALSE
2019,4065673,Tony Bradley,1,6,3,3,0,0,3,36,12,1,0,1,FALSE,FALSE,FALSE,FALSE,FALSE
2019,4065697,Dennis Smith Jr.,2,55,53,2,0,0,1,1508,28.452830188679247,51,2,53,FALSE,FALSE,FALSE,FALSE,TRUE
2019,4065836,Omari Spellman,1,51,46,5,0,0,4,805,17.5,19,13,21,FALSE,FALSE,FALSE,FALSE,FALSE
2019,4066211,Robert Williams III,1,53,29,24,0,0,21,282,9.724137931034482,4,1,5,FALSE,FALSE,FALSE,FALSE,FALSE
2019,4066243,Daryl Macon,1,22,8,14,0,0,14,89,11.125,3,0,3,FALSE,FALSE,FALSE,FALSE,FALSE
2019,4066259,De'Aaron Fox,2,83,82,1,0,0,1,2574,31.390243902439025,79,1,80,FALSE,FALSE,FALSE,FALSE,TRUE
2019,4066261,Bam Adebayo,1,82,82,0,0,0,0,1908,23.26829268292683,53,21,55,FALSE,FALSE,FALSE,FALSE,FALSE
2019,4066262,Malik Monk,1,82,73,9,0,0,9,1260,17.26027397260274,32,17,34,FALSE,FALSE,FALSE,FALSE,FALSE
2019,4066264,Wenyen Gabriel,1,1,0,1,0,0,1,0,0,0,0,0,FALSE,FALSE,FALSE,FALSE,FALSE
2019,4066297,Josh Jackson,1,79,79,0,0,0,0,1990,25.189873417721518,60,11,62,FALSE,FALSE,FALSE,FALSE,FALSE
2019,4066328,Jarrett Allen,2,82,81,1,1,0,0,2110,26.049382716049383,74,5,76,FALSE,FALSE,FALSE,FALSE,FALSE
2019,4066334,Rawle Alkins,1,19,10,9,0,0,9,121,12.1,2,3,4,FALSE,FALSE,FALSE,FALSE,FALSE
2019,4066335,Kobi Simmons,1,3,1,2,0,0,2,2,2,0,0,0,FALSE,FALSE,FALSE,FALSE,FALSE
2019,4066336,Lauri Markkanen,2,58,53,5,0,0,2,1705,32.16981132075472,51,2,53,FALSE,FALSE,FALSE,FALSE,TRUE
2019,4066372,Kevin Huerter,1,78,75,3,2,0,0,2042,27.226666666666667,64,5,66,FALSE,FALSE,FALSE,FALSE,FALSE
2019,4066383,Miles Bridges,1,82,80,2,0,0,2,1697,21.2125,44,19,46,FALSE,FALSE,FALSE,FALSE,FALSE
2019,4066421,Lonzo Ball,1,47,47,0,0,0,0,1422,30.25531914893617,44,3,46,FALSE,FALSE,FALSE,FALSE,TRUE
2019,4066424,Ike Anigbogu,1,6,3,3,0,0,3,6,2,0,0,0,FALSE,FALSE,FALSE,FALSE,FALSE
2019,4066425,T.J. Leaf,1,79,58,21,0,0,21,522,9,2,9,4,FALSE,FALSE,FALSE,FALSE,FALSE
2019,4066436,De'Anthony Melton,1,57,50,7,0,0,7,981,19.62,29,9,31,FALSE,FALSE,FALSE,FALSE,FALSE
2019,4066490,Kostas Antetokounmpo,1,11,2,9,0,0,8,11,5.5,0,0,0,FALSE,FALSE,FALSE,FALSE,FALSE
2019,4066636,Markelle Fultz,1,19,19,0,0,0,0,426,22.42105263157895,15,2,17,FALSE,FALSE,FALSE,FALSE,FALSE
2019,4066650,Zach Collins,1,82,77,5,0,0,5,1353,17.571428571428573,26,29,28,FALSE,FALSE,FALSE,FALSE,FALSE
2019,4067045,Alize Johnson,1,25,14,11,0,0,11,63,4.5,1,0,1,FALSE,FALSE,FALSE,FALSE,FALSE
2019,4067469,Jemerrio Jones,1,6,6,0,0,0,0,142,23.666666666666668,4,0,4,FALSE,FALSE,FALSE,FALSE,FALSE
2019,4080610,Hamidou Diallo,1,74,50,24,0,0,23,527,10.54,3,8,5,FALSE,FALSE,FALSE,FALSE,FALSE
2019,4192,Milos Teodosic,1,36,15,21,0,0,21,151,10.066666666666666,0,3,2,FALSE,FALSE,FALSE,FALSE,FALSE
2019,4222252,Isaiah Hartenstein,1,38,28,10,0,0,10,224,8,0,1,1,FALSE,FALSE,FALSE,FALSE,FALSE
2019,4230546,Terrance Ferguson,1,76,74,2,0,0,1,1935,26.14864864864865,59,9,61,FALSE,FALSE,FALSE,FALSE,FALSE
2019,4230547,Frank Ntilikina,1,46,42,4,0,0,4,886,21.095238095238095,22,13,24,FALSE,FALSE,FALSE,FALSE,FALSE
2019,4230548,Rodions Kurucs,2,76,64,12,0,0,12,1309,20.453125,34,15,36,FALSE,FALSE,FALSE,FALSE,FALSE
2019,4230550,Elie Okobo,1,71,53,18,0,0,18,961,18.132075471698112,24,10,26,FALSE,FALSE,FALSE,FALSE,FALSE
2019,4236300,Mitchell Creek,2,13,4,9,0,0,8,48,12,0,2,2,FALSE,FALSE,FALSE,FALSE,FALSE
2019,4237,John Wall,1,34,32,2,0,0,0,1103,34.46875,32,0,32,TRUE,FALSE,FALSE,FALSE,FALSE
2019,4238,Eric Bledsoe,1,82,78,4,1,0,2,2273,29.141025641025642,77,0,77,FALSE,FALSE,FALSE,FALSE,TRUE
2019,4239,Evan Turner,1,74,73,1,0,0,1,1604,21.972602739726028,49,16,51,FALSE,FALSE,FALSE,FALSE,FALSE
2019,4240,Avery Bradley,2,66,63,3,0,0,0,1906,30.253968253968253,61,2,63,FALSE,FALSE,FALSE,FALSE,TRUE
2019,4244,Lance Stephenson,1,75,67,8,1,0,4,1120,16.71641791044776,25,18,27,FALSE,FALSE,FALSE,FALSE,FALSE
2019,4247,Wesley Johnson,2,79,38,41,0,0,41,538,14.157894736842104,10,9,12,FALSE,FALSE,FALSE,FALSE,FALSE
2019,4248,Al-Farouq Aminu,1,82,81,1,0,0,1,2291,28.28395061728395,77,4,79,FALSE,FALSE,FALSE,FALSE,TRUE
2019,4249,Gordon Hayward,1,72,72,0,0,0,0,1867,25.930555555555557,67,4,69,TRUE,FALSE,FALSE,FALSE,FALSE
2019,4251,Paul George,2,82,78,4,1,0,0,2870,36.794871794871796,78,0,78,TRUE,TRUE,FALSE,FALSE,FALSE
2019,4253,Quincy Pondexter,1,82,47,35,0,0,29,286,6.085106382978723,1,3,3,FALSE,FALSE,FALSE,FALSE,FALSE
2019,4257,Derrick Favors,1,77,76,1,1,0,0,1770,23.289473684210527,63,10,65,FALSE,FALSE,FALSE,FALSE,FALSE
2019,4258,DeMarcus Cousins,1,31,30,1,1,0,0,772,25.733333333333334,27,2,29,TRUE,FALSE,FALSE,FALSE,FALSE
2019,4259,Ed Davis,1,82,81,1,0,1,0,1448,17.876543209876544,31,32,33,FALSE,FALSE,FALSE,FALSE,FALSE
2019,4260,Greg Monroe,3,61,43,18,0,0,18,479,11.13953488372093,6,7,8,FALSE,FALSE,FALSE,FALSE,FALSE
2019,4261,Ekpe Udoh,1,82,50,32,0,0,31,319,6.38,1,3,3,FALSE,FALSE,FALSE,FALSE,FALSE
2019,4262,Hassan Whiteside,1,79,72,7,2,0,2,1678,23.305555555555557,55,13,57,FALSE,FALSE,FALSE,FALSE,FALSE
2019,4264,Patrick Patterson,1,82,63,19,0,0,19,860,13.65079365079365,6,24,8,FALSE,FALSE,FALSE,FALSE,FALSE
2019,4269,Nemanja Bjelica,1,81,77,4,0,0,4,1793,23.285714285714285,55,12,57,FALSE,FALSE,FALSE,FALSE,FALSE
2019,4277811,Collin Sexton,1,82,82,0,0,0,0,2611,31.841463414634145,79,3,81,FALSE,FALSE,FALSE,FALSE,TRUE
2019,4277842,Trevon Duval,1,9,2,7,0,0,6,5,2.5,0,0,0,FALSE,FALSE,FALSE,FALSE,FALSE
2019,4277843,Gary Trent Jr.,1,39,15,24,0,0,24,111,7.4,1,0,1,FALSE,FALSE,FALSE,FALSE,FALSE
2019,4277847,Wendell Carter Jr.,1,46,44,2,0,0,1,1112,25.272727272727273,35,6,37,FALSE,FALSE,FALSE,FALSE,FALSE
2019,4277848,Marvin Bagley III,2,63,63,0,0,0,0,1582,25.11111111111111,55,5,57,FALSE,FALSE,FALSE,FALSE,FALSE
2019,4277890,Lonnie Walker IV,1,29,16,13,0,0,12,118,7.375,1,2,3,FALSE,FALSE,FALSE,FALSE,FALSE
2019,4277905,Trae Young,2,83,82,1,0,1,0,2527,30.817073170731707,80,2,82,FALSE,FALSE,FALSE,FALSE,TRUE
2019,4277919,Mo Bamba,1,49,46,3,0,0,2,750,16.304347826086957,8,22,10,FALSE,FALSE,FALSE,FALSE,FALSE
2019,4277923,Zhaire Smith,1,10,6,4,0,0,4,112,18.666666666666668,2,2,4,FALSE,FALSE,FALSE,FALSE,FALSE
2019,4277961,Jaren Jackson Jr.,2,60,59,1,0,0,0,1532,25.966101694915253,49,7,51,FALSE,FALSE,FALSE,FALSE,FALSE
2019,4278073,Shai Gilgeous-Alexander,2,83,83,0,0,0,0,2195,26.44578313253012,72,10,74,FALSE,FALSE,FALSE,FALSE,FALSE
2019,4278075,Kevin Knox II,2,75,75,0,0,0,0,2152,28.69333333333333,65,4,67,FALSE,FALSE,FALSE,FALSE,TRUE
2019,4278077,Jarred Vanderbilt,1,30,15,15,0,0,14,69,4.6,0,0,0,FALSE,FALSE,FALSE,FALSE,FALSE
2019,4278129,Deandre Ayton,2,72,72,0,0,0,0,2204,30.61111111111111,72,0,72,FALSE,FALSE,FALSE,FALSE,TRUE
2019,4278508,Troy Brown Jr.,1,72,51,21,0,0,20,728,14.27450980392157,13,9,15,FALSE,FALSE,FALSE,FALSE,FALSE
2019,4291678,Haywood Highsmith,1,10,5,5,0,0,5,40,8,0,1,1,FALSE,FALSE,FALSE,FALSE,FALSE
2019,4299,Jeremy Lin,2,75,74,1,0,0,1,1440,19.45945945945946,42,18,44,FALSE,FALSE,FALSE,FALSE,FALSE
2019,4305,Ish Smith,1,56,56,0,0,0,0,1252,22.357142857142858,40,13,42,FALSE,FALSE,FALSE,FALSE,FALSE
2019,4348696,Dzanan Musa,1,21,9,12,0,0,12,39,4.333333333333333,0,0,0,FALSE,FALSE,FALSE,FALSE,FALSE
2019,4348697,Isaac Bonga,1,35,21,14,0,0,13,119,5.666666666666667,0,1,1,FALSE,FALSE,FALSE,FALSE,FALSE
2019,4351851,Anfernee Simons,1,42,20,22,0,0,22,139,6.95,1,0,1,FALSE,FALSE,FALSE,FALSE,FALSE
2019,4351852,Mitchell Robinson,1,67,65,2,0,0,2,1352,20.8,33,18,35,FALSE,FALSE,FALSE,FALSE,FALSE
2019,4355392,Emanuel Terry,2,6,3,3,0,0,3,23,7.666666666666667,0,0,0,FALSE,FALSE,FALSE,FALSE,FALSE
2019,4376,Boban Marjanovic,2,79,56,23,1,0,19,682,12.178571428571429,7,12,9,FALSE,FALSE,FALSE,FALSE,FALSE
2019,4412182,Isaiah Canaan,2,20,20,0,0,0,0,518,25.9,17,1,18,FALSE,FALSE,FALSE,FALSE,FALSE
2019,4412474,Mitchell Creek,1,1,0,1,0,0,0,0,0,0,0,0,FALSE,FALSE,FALSE,FALSE,FALSE
2019,4412680,Greg Monroe,1,1,0,1,0,0,0,0,0,0,0,0,FALSE,FALSE,FALSE,FALSE,FALSE
2019,4415522,Ray Spalding,1,1,0,1,0,0,1,0,0,0,0,0,FALSE,FALSE,FALSE,FALSE,FALSE
2019,4415554,Corey Brewer,2,8,8,0,0,0,0,153,19.125,4,0,4,FALSE,FALSE,FALSE,FALSE,FALSE
2019,4415789,John Jenkins,1,1,0,1,0,0,0,0,0,0,0,0,FALSE,FALSE,FALSE,FALSE,FALSE
2019,4416645,Tahjere McCall,1,1,0,1,0,0,0,0,0,0,0,0,FALSE,FALSE,FALSE,FALSE,FALSE
2019,4417428,Henry Ellenson,1,1,0,1,0,0,0,0,0,0,0,0,FALSE,FALSE,FALSE,FALSE,FALSE
2019,609,Dirk Nowitzki,2,54,52,2,1,0,1,798,15.346153846153847,12,10,14,FALSE,FALSE,FALSE,FALSE,FALSE
2019,6426,Davis Bertans,1,79,76,3,0,0,0,1635,21.513157894736842,49,18,51,FALSE,FALSE,FALSE,FALSE,FALSE
2019,6427,Bismack Biyombo,1,68,54,14,0,0,14,784,14.518518518518519,15,10,17,FALSE,FALSE,FALSE,FALSE,FALSE
2019,6428,MarShon Brooks,1,37,29,8,0,0,8,389,13.413793103448276,3,10,5,FALSE,FALSE,FALSE,FALSE,FALSE
2019,6429,Alec Burks,3,77,64,13,0,0,13,1379,21.546875,39,9,41,FALSE,FALSE,FALSE,FALSE,FALSE
2019,6430,Jimmy Butler,2,65,65,0,0,0,0,2185,33.61538461538461,63,1,64,TRUE,TRUE,FALSE,FALSE,FALSE
2019,6433,Kenneth Faried,2,83,37,46,5,0,37,727,19.64864864864865,21,3,23,FALSE,FALSE,FALSE,FALSE,FALSE
2019,6434,Jimmer Fredette,1,9,6,3,0,0,3,64,10.666666666666666,1,0,1,FALSE,FALSE,FALSE,FALSE,FALSE
2019,6440,Tobias Harris,2,82,82,0,0,0,0,2849,34.74390243902439,82,0,82,FALSE,FALSE,FALSE,FALSE,TRUE
2019,6442,Kyrie Irving,2,69,68,1,0,0,0,2245,33.01470588235294,67,0,67,TRUE,FALSE,FALSE,FALSE,FALSE
2019,6443,Reggie Jackson,1,82,82,0,0,0,0,2287,27.890243902439025,81,1,82,FALSE,FALSE,FALSE,FALSE,FALSE
2019,6446,Cory Joseph,1,82,82,0,0,0,0,2065,25.182926829268293,77,5,79,FALSE,FALSE,FALSE,FALSE,FALSE
2019,6447,Enes Freedom,2,73,66,7,0,0,7,1599,24.227272727272727,49,13,51,FALSE,FALSE,FALSE,FALSE,FALSE
2019,6448,Brandon Knight,2,52,39,13,0,0,12,739,18.94871794871795,19,9,21,FALSE,FALSE,FALSE,FALSE,FALSE
2019,6450,Kawhi Leonard,2,65,61,4,0,2,1,2058,33.73770491803279,60,1,61,TRUE,FALSE,FALSE,FALSE,FALSE
2019,6452,Jon Leuer,1,72,41,31,0,0,31,404,9.853658536585366,3,4,5,FALSE,FALSE,FALSE,FALSE,FALSE
2019,6454,Shelvin Mack,2,79,57,22,0,0,22,1248,21.894736842105264,34,15,36,FALSE,FALSE,FALSE,FALSE,FALSE
2019,6459,Nikola Mirotic,2,57,46,11,4,0,0,1246,27.08695652173913,41,3,43,FALSE,FALSE,FALSE,FALSE,FALSE
2019,6460,E'Twaun Moore,1,63,53,10,2,3,1,1464,27.62264150943396,46,6,48,FALSE,FALSE,FALSE,FALSE,FALSE
2019,6461,Markieff Morris,2,60,58,2,0,0,0,1271,21.913793103448278,34,14,36,FALSE,FALSE,FALSE,FALSE,FALSE
2019,6462,Marcus Morris Sr.,1,77,75,2,1,0,1,2088,27.84,73,2,75,FALSE,FALSE,FALSE,FALSE,FALSE
2019,6464,Donatas Motiejunas,1,4,3,1,0,0,0,13,4.333333333333333,0,0,0,FALSE,FALSE,FALSE,FALSE,FALSE
2019,6466,Chandler Parsons,1,42,25,17,0,0,6,497,19.88,14,8,16,FALSE,FALSE,FALSE,FALSE,FALSE
2019,6468,Iman Shumpert,2,71,62,9,2,1,4,1480,23.870967741935484,50,8,52,FALSE,FALSE,FALSE,FALSE,FALSE
2019,6472,Isaiah Thomas,1,26,12,14,0,0,14,181,15.083333333333334,2,5,4,TRUE,FALSE,FALSE,FALSE,FALSE
2019,6474,Tristan Thompson,1,46,43,3,0,1,0,1194,27.767441860465116,37,5,39,FALSE,FALSE,FALSE,FALSE,FALSE
2019,6475,Klay Thompson,2,81,79,2,1,0,0,2677,33.88607594936709,78,1,79,TRUE,TRUE,FALSE,FALSE,FALSE
2019,6477,Jonas Valanciunas,2,50,49,1,0,0,0,1091,22.26530612244898,32,11,34,FALSE,FALSE,FALSE,FALSE,FALSE
2019,6478,Nikola Vucevic,2,82,80,2,0,0,0,2492,31.15,79,0,79,FALSE,FALSE,FALSE,FALSE,TRUE
2019,6479,Kemba Walker,2,83,83,0,0,0,0,2888,34.795180722891565,83,0,83,TRUE,FALSE,FALSE,FALSE,FALSE
2019,6485,Lance Thomas,1,63,46,17,0,0,16,784,17.043478260869566,12,19,14,FALSE,FALSE,FALSE,FALSE,FALSE
2019,6507,Brad Wanamaker,1,82,36,46,1,0,45,344,9.555555555555555,4,4,6,FALSE,FALSE,FALSE,FALSE,FALSE
2019,6576,Quincy Acy,1,10,10,0,0,0,0,121,12.1,1,3,3,FALSE,FALSE,FALSE,FALSE,FALSE
2019,6578,Harrison Barnes,2,77,77,0,0,0,0,2529,32.84415584415584,75,2,77,FALSE,FALSE,FALSE,FALSE,TRUE
2019,6579,Will Barton,1,43,43,0,0,0,0,1189,27.651162790697676,39,3,41,FALSE,FALSE,FALSE,FALSE,FALSE
2019,6580,Bradley Beal,2,83,83,0,0,0,0,3046,36.69879518072289,79,4,81,TRUE,FALSE,FALSE,FALSE,FALSE
2019,6581,Jae Crowder,1,80,80,0,0,0,0,2168,27.1,76,4,78,FALSE,FALSE,FALSE,FALSE,FALSE
2019,6583,Anthony Davis,2,71,57,14,1,1,1,1856,32.56140350877193,55,1,56,TRUE,TRUE,FALSE,FALSE,FALSE
2019,6585,Andre Drummond,1,79,79,0,0,0,0,2646,33.49367088607595,78,0,78,TRUE,TRUE,FALSE,FALSE,FALSE
2019,6588,Evan Fournier,1,80,80,0,0,0,0,2528,31.6,78,1,79,FALSE,FALSE,FALSE,FALSE,TRUE
2019,6589,Draymond Green,1,66,66,0,0,0,0,2064,31.272727272727273,64,1,65,TRUE,TRUE,FALSE,FALSE,FALSE
2019,6591,Maurice Harkless,1,67,60,7,3,0,3,1416,23.6,45,9,47,FALSE,FALSE,FALSE,FALSE,FALSE
2019,6592,John Henson,1,14,14,0,0,0,0,188,13.428571428571429,2,4,4,FALSE,FALSE,FALSE,FALSE,FALSE
2019,6594,John Jenkins,2,32,26,6,0,0,6,332,12.76923076923077,7,1,8,FALSE,FALSE,FALSE,FALSE,FALSE
2019,6597,Terrence Jones,1,9,2,7,0,0,7,5,2.5,0,0,0,FALSE,FALSE,FALSE,FALSE,FALSE
2019,6601,Michael Kidd-Gilchrist,1,70,64,6,0,0,4,1179,18.421875,28,21,30,FALSE,FALSE,FALSE,FALSE,FALSE
2019,6603,Jeremy Lamb,1,79,79,0,0,0,0,2252,28.50632911392405,74,3,76,FALSE,FALSE,FALSE,FALSE,TRUE
2019,6605,Meyers Leonard,1,82,61,21,0,0,21,879,14.40983606557377,11,18,13,FALSE,FALSE,FALSE,FALSE,FALSE
2019,6606,Damian Lillard,2,83,81,2,1,0,1,2862,35.333333333333336,81,0,81,TRUE,TRUE,FALSE,FALSE,FALSE
2019,6609,Khris Middleton,2,81,78,3,0,0,0,2420,31.025641025641026,76,2,78,FALSE,FALSE,FALSE,FALSE,TRUE
2019,6610,Darius Miller,1,75,69,6,0,0,1,1757,25.463768115942027,58,5,60,FALSE,FALSE,FALSE,FALSE,FALSE
2019,6615,Kyle O'Quinn,1,81,44,37,0,0,36,370,8.409090909090908,4,4,6,FALSE,FALSE,FALSE,FALSE,FALSE
2019,6616,Miles Plumlee,1,29,18,11,0,0,10,172,9.555555555555555,0,4,2,FALSE,FALSE,FALSE,FALSE,FALSE
2019,6617,Austin Rivers,2,79,76,3,1,0,2,2026,26.657894736842106,62,11,64,FALSE,FALSE,FALSE,FALSE,FALSE
2019,6619,Terrence Ross,1,80,80,0,0,0,0,2128,26.6,74,6,76,FALSE,FALSE,FALSE,FALSE,FALSE
2019,6621,Tomas Satoransky,1,80,80,0,0,0,0,2163,27.0375,61,7,63,FALSE,FALSE,FALSE,FALSE,FALSE
2019,6622,Mike Scott,2,82,79,3,0,0,3,1394,17.645569620253166,31,19,33,FALSE,FALSE,FALSE,FALSE,FALSE
2019,6628,Dion Waiters,1,47,44,3,1,0,2,1139,25.886363636363637,34,5,36,FALSE,FALSE,FALSE,FALSE,FALSE
2019,6631,Tyler Zeller,2,9,6,3,0,0,3,93,15.5,1,3,3,FALSE,FALSE,FALSE,FALSE,FALSE
2019,6637,Kent Bazemore,1,67,67,0,0,0,0,1641,24.492537313432837,49,14,51,FALSE,FALSE,FALSE,FALSE,FALSE
2019,6644,Scott Machado,1,5,4,1,0,0,1,19,4.75,0,1,1,FALSE,FALSE,FALSE,FALSE,FALSE
2019,984,Tyson Chandler,2,69,55,14,0,0,11,876,15.927272727272728,16,20,18,FALSE,FALSE,FALSE,FALSE,FALSE
2019,996,Pau Gasol,2,45,30,15,0,0,14,360,12,4,9,6,TRUE,FALSE,FALSE,FALSE,FALSE
2020,136,Vince Carter,1,62,60,2,0,0,2,876,14.6,10,21,12,FALSE,FALSE,TRUE,FALSE,FALSE
2020,165,Jamal Crawford,1,1,1,0,0,0,0,6,6,0,0,0,FALSE,FALSE,TRUE,FALSE,FALSE
2020,1966,LeBron James,2,68,68,0,0,0,0,2336,34.35294117647059,66,2,68,TRUE,TRUE,TRUE,FALSE,FALSE
2020,1975,Carmelo Anthony,1,60,58,2,0,0,0,1904,32.827586206896555,57,0,57,TRUE,FALSE,TRUE,FALSE,FALSE
2020,2011,Kyle Korver,1,59,58,1,0,0,1,960,16.551724137931036,14,27,16,FALSE,FALSE,TRUE,FALSE,FALSE
2020,2184,Udonis Haslem,1,71,4,67,1,0,64,45,11.25,1,0,1,FALSE,FALSE,TRUE,FALSE,FALSE
2020,2284101,Justin Holiday,1,73,73,0,0,0,0,1825,25,65,7,67,FALSE,FALSE,TRUE,FALSE,FALSE
2020,2326307,Seth Curry,1,64,64,0,0,0,0,1577,24.640625,50,12,52,FALSE,FALSE,TRUE,FALSE,FALSE
2020,2327577,JaMychal Green,1,65,63,2,0,0,0,1305,20.714285714285715,37,21,39,FALSE,FALSE,TRUE,FALSE,FALSE
2020,2384,Dwight Howard,1,69,69,0,0,0,0,1302,18.869565217391305,29,28,31,FALSE,FALSE,TRUE,FALSE,FALSE
2020,2386,Andre Iguodala,1,22,21,1,0,0,1,418,19.904761904761905,8,11,10,FALSE,FALSE,TRUE,FALSE,FALSE
2020,2426,Trevor Ariza,2,54,53,1,0,0,1,1490,28.11320754716981,45,5,47,FALSE,FALSE,TRUE,FALSE,TRUE
2020,2444,JR Smith,1,8,6,2,0,0,2,79,13.166666666666666,1,0,1,FALSE,FALSE,TRUE,FALSE,FALSE
2020,2451037,Daniel Theis,1,65,65,0,0,0,0,1568,24.123076923076923,51,12,53,FALSE,FALSE,TRUE,FALSE,FALSE
2020,2488653,Mason Plumlee,1,68,61,7,7,0,0,1059,17.360655737704917,13,35,15,FALSE,FALSE,TRUE,FALSE,FALSE
2020,2488826,Rodney McGruder,1,62,56,6,0,0,5,872,15.571428571428571,16,13,18,FALSE,FALSE,TRUE,FALSE,FALSE
2020,2488945,Tim Frazier,1,48,27,21,0,0,21,355,13.148148148148149,8,4,10,FALSE,FALSE,TRUE,FALSE,FALSE
2020,2488958,Solomon Hill,2,72,58,14,0,0,13,1088,18.75862068965517,20,21,22,FALSE,FALSE,TRUE,FALSE,FALSE
2020,2489530,Troy Daniels,2,68,47,21,0,0,21,533,11.340425531914894,6,8,8,FALSE,FALSE,TRUE,FALSE,FALSE
2020,2489663,Kelly Olynyk,1,73,67,6,0,0,6,1300,19.402985074626866,34,14,36,FALSE,FALSE,TRUE,FALSE,FALSE
2020,2489693,Ryan Broekhoff,1,23,17,6,0,0,6,180,10.588235294117647,2,4,4,FALSE,FALSE,TRUE,FALSE,FALSE
2020,2489716,Matthew Dellavedova,1,63,57,6,0,0,6,821,14.403508771929825,9,16,11,FALSE,FALSE,TRUE,FALSE,FALSE
2020,2490089,Mike Muscala,1,70,47,23,0,0,23,572,12.170212765957446,10,8,12,FALSE,FALSE,TRUE,FALSE,FALSE
2020,2490149,CJ McCollum,1,74,70,4,0,0,0,2560,36.57142857142857,69,0,69,FALSE,FALSE,TRUE,FALSE,TRUE
2020,2490620,Robert Covington,2,70,70,0,0,0,0,2137,30.52857142857143,68,1,69,FALSE,FALSE,TRUE,FALSE,TRUE
2020,2527963,Victor Oladipo,1,19,19,0,0,0,0,527,27.736842105263158,19,0,19,TRUE,FALSE,TRUE,FALSE,FALSE
2020,2528210,Tim Hardaway Jr.,1,71,71,0,0,0,0,2092,29.464788732394368,67,3,69,FALSE,FALSE,TRUE,FALSE,TRUE
2020,2528353,Tony Snell,1,62,59,3,0,0,0,1643,27.847457627118644,53,4,55,FALSE,FALSE,TRUE,FALSE,FALSE
2020,2528426,Jordan Clarkson,2,72,71,1,0,0,1,1707,24.04225352112676,62,7,64,FALSE,FALSE,TRUE,FALSE,FALSE
2020,2528588,Doug McDermott,1,70,69,1,0,0,0,1374,19.91304347826087,33,25,35,FALSE,FALSE,TRUE,FALSE,FALSE
2020,2528693,Torrey Craig,1,73,58,15,0,0,15,1071,18.46551724137931,25,16,27,FALSE,FALSE,TRUE,FALSE,FALSE
2020,2528779,Reggie Bullock Jr.,1,30,29,1,0,0,1,683,23.551724137931036,22,4,24,FALSE,FALSE,TRUE,FALSE,FALSE
2020,2528794,Joe Harris,1,71,69,2,1,0,0,2119,30.71014492753623,69,0,69,FALSE,FALSE,TRUE,FALSE,TRUE
2020,2530276,Tyler Johnson,2,56,39,17,1,0,16,711,18.23076923076923,15,16,17,FALSE,FALSE,TRUE,FALSE,FALSE
2020,2530530,T.J. McConnell,1,71,71,0,0,0,0,1326,18.676056338028168,28,27,30,FALSE,FALSE,TRUE,FALSE,FALSE
2020,2530572,Langston Galloway,1,66,66,0,0,0,0,1703,25.803030303030305,59,6,61,FALSE,FALSE,TRUE,FALSE,FALSE
2020,2530596,Andre Roberson,1,7,7,0,0,0,0,87,12.428571428571429,1,0,1,FALSE,FALSE,TRUE,FALSE,FALSE
2020,2530780,Shabazz Napier,2,66,56,10,0,0,0,1348,24.071428571428573,42,9,44,FALSE,FALSE,TRUE,FALSE,FALSE
2020,2530923,Alfonzo McKinnie,1,53,39,14,0,0,12,590,15.128205128205128,14,8,16,FALSE,FALSE,TRUE,FALSE,FALSE
2020,2531047,Jerian Grant,1,8,6,2,0,0,2,80,13.333333333333334,1,2,3,FALSE,FALSE,TRUE,FALSE,FALSE
2020,2531210,Allen Crabbe,2,40,37,3,0,0,3,654,17.675675675675677,17,11,19,FALSE,FALSE,TRUE,FALSE,FALSE
2020,2531367,Dwight Powell,1,40,40,0,0,0,0,1058,26.45,35,2,37,FALSE,FALSE,TRUE,FALSE,FALSE
2020,2531797,Jordan McRae,3,50,37,13,2,0,3,783,21.16216216216216,23,6,25,FALSE,FALSE,TRUE,FALSE,FALSE
2020,2534781,Gorgui Dieng,2,71,63,8,0,0,8,1102,17.49206349206349,21,18,23,FALSE,FALSE,TRUE,FALSE,FALSE
2020,2566745,Quinn Cook,1,70,44,26,0,0,26,506,11.5,11,5,13,FALSE,FALSE,TRUE,FALSE,FALSE
2020,2566769,Malcolm Brogdon,1,54,54,0,0,0,0,1666,30.85185185185185,50,1,51,FALSE,FALSE,TRUE,FALSE,TRUE
2020,2578185,Dorian Finney-Smith,1,71,71,0,0,0,0,2122,29.887323943661972,68,1,69,FALSE,FALSE,TRUE,FALSE,TRUE
2020,2578213,Ben McLemore,1,72,71,1,0,0,0,1623,22.859154929577464,49,13,51,FALSE,FALSE,TRUE,FALSE,FALSE
2020,2578239,Pat Connaughton,1,70,66,4,0,0,3,1241,18.803030303030305,29,21,31,FALSE,FALSE,TRUE,FALSE,FALSE
2020,2578240,Khem Birch,1,72,48,24,0,0,24,921,19.1875,22,16,24,FALSE,FALSE,TRUE,FALSE,FALSE
2020,2579258,Cody Zeller,1,62,58,4,0,0,4,1343,23.155172413793103,44,13,46,FALSE,FALSE,TRUE,FALSE,FALSE
2020,2579260,Trey Burke,2,57,33,24,0,0,24,520,15.757575757575758,9,11,11,FALSE,FALSE,TRUE,FALSE,FALSE
2020,2579293,Jarrod Uthoff,2,10,7,3,0,0,3,52,7.428571428571429,1,0,1,FALSE,FALSE,TRUE,FALSE,FALSE
2020,2579294,Frank Kaminsky,1,41,39,2,0,0,2,777,19.923076923076923,19,9,21,FALSE,FALSE,TRUE,FALSE,FALSE
2020,2579321,James Ennis III,2,70,69,1,0,0,1,1267,18.36231884057971,29,23,31,FALSE,FALSE,TRUE,FALSE,FALSE
2020,2580365,Larry Nance Jr.,1,57,56,1,0,0,0,1475,26.339285714285715,46,10,48,FALSE,FALSE,TRUE,FALSE,FALSE
2020,2580782,Spencer Dinwiddie,1,64,64,0,0,0,0,1996,31.1875,63,1,64,FALSE,FALSE,TRUE,FALSE,TRUE
2020,2580898,Chasson Randle,1,4,3,1,0,0,1,41,13.666666666666666,0,1,1,FALSE,FALSE,TRUE,FALSE,FALSE
2020,2580913,Dewayne Dedmon,2,56,44,12,0,0,12,776,17.636363636363637,17,7,19,FALSE,FALSE,TRUE,FALSE,FALSE
2020,2580980,Malcolm Miller,1,62,26,36,1,0,33,162,6.230769230769231,1,1,2,FALSE,FALSE,TRUE,FALSE,FALSE
2020,2581018,Kentavious Caldwell-Pope,1,69,69,0,0,0,0,1761,25.52173913043478,60,6,62,FALSE,FALSE,TRUE,FALSE,FALSE
2020,2581177,Rodney Hood,1,33,21,12,10,0,0,619,29.476190476190474,19,0,19,FALSE,FALSE,TRUE,FALSE,FALSE
2020,2581190,Josh Richardson,1,55,55,0,0,0,0,1695,30.818181818181817,49,4,51,FALSE,FALSE,TRUE,FALSE,TRUE
2020,2583632,Royce O'Neale,1,71,71,0,0,0,0,2049,28.859154929577464,66,3,68,FALSE,FALSE,TRUE,FALSE,TRUE
2020,2583639,Elfrid Payton,1,46,45,1,0,0,0,1247,27.711111111111112,38,5,40,FALSE,FALSE,TRUE,FALSE,FALSE
2020,2594885,Sheldon Mac,1,2,0,2,0,0,2,0,0,0,0,0,FALSE,FALSE,TRUE,FALSE,FALSE
2020,2594922,Otto Porter Jr.,1,14,14,0,0,0,0,329,23.5,10,3,12,FALSE,FALSE,TRUE,FALSE,FALSE
2020,2595209,Damion Lee,1,49,49,0,0,0,0,1422,29.020408163265305,45,2,47,FALSE,FALSE,TRUE,FALSE,TRUE
2020,2595231,Treveon Graham,2,64,55,9,0,0,7,930,16.90909090909091,22,7,24,FALSE,FALSE,TRUE,FALSE,FALSE
2020,2595435,Abdel Nader,1,64,55,9,0,0,8,864,15.709090909090909,14,21,16,FALSE,FALSE,TRUE,FALSE,FALSE
2020,2595516,Norman Powell,1,52,52,0,0,0,0,1482,28.5,49,2,51,FALSE,FALSE,TRUE,FALSE,TRUE
2020,2595563,Levi Randolph,1,1,0,1,0,0,1,0,0,0,0,0,FALSE,FALSE,TRUE,FALSE,FALSE
2020,2596107,Alex Len,2,56,55,1,0,0,1,970,17.636363636363637,22,20,24,FALSE,FALSE,TRUE,FALSE,FALSE
2020,2596108,Michael Carter-Williams,1,46,45,1,0,0,1,833,18.511111111111113,23,9,25,FALSE,FALSE,TRUE,FALSE,FALSE
2020,2596112,Javonte Green,1,67,46,21,0,0,19,463,10.065217391304348,3,6,5,FALSE,FALSE,TRUE,FALSE,FALSE
2020,2608891,JaKarr Sampson,1,59,34,25,0,0,25,469,13.794117647058824,7,11,9,FALSE,FALSE,TRUE,FALSE,FALSE
2020,2608892,Norvel Pelle,1,46,24,22,0,0,22,233,9.708333333333334,2,3,4,FALSE,FALSE,TRUE,FALSE,FALSE
2020,2608899,Sir'Dominic Pointer,1,2,0,2,0,0,2,0,0,0,0,0,FALSE,FALSE,TRUE,FALSE,FALSE
2020,2767,Ersan Ilyasova,1,70,63,7,0,0,7,985,15.634920634920634,11,31,13,FALSE,FALSE,TRUE,FALSE,FALSE
2020,2774,Ian Mahinmi,1,59,38,21,8,0,13,806,21.210526315789473,22,11,24,FALSE,FALSE,TRUE,FALSE,FALSE
2020,2778,CJ Miles,1,10,10,0,0,0,0,159,15.9,3,3,5,FALSE,FALSE,TRUE,FALSE,FALSE
2020,2779,Chris Paul,2,71,71,0,0,0,0,2233,31.450704225352112,70,1,71,FALSE,FALSE,TRUE,FALSE,TRUE
2020,2797,Marvin Williams,2,65,58,7,0,0,6,1130,19.482758620689655,29,21,31,FALSE,FALSE,TRUE,FALSE,FALSE
2020,2799,Lou Williams,1,69,65,4,0,0,1,1867,28.723076923076924,63,2,65,FALSE,FALSE,TRUE,FALSE,TRUE
2020,2960236,Maxi Kleber,1,74,74,0,0,0,0,1892,25.56756756756757,60,10,62,FALSE,FALSE,TRUE,FALSE,FALSE
2020,2968361,Raul Neto,1,73,53,20,0,0,19,666,12.566037735849056,12,4,14,FALSE,FALSE,TRUE,FALSE,FALSE
2020,2968436,Joe Ingles,1,72,72,0,0,0,0,2139,29.708333333333332,68,2,70,FALSE,FALSE,TRUE,FALSE,TRUE
2020,2968439,Aron Baynes,1,66,42,24,7,0,6,937,22.30952380952381,25,10,27,FALSE,FALSE,TRUE,FALSE,FALSE
2020,2982249,Amile Jefferson,1,43,17,26,0,0,25,75,4.411764705882353,0,1,1,FALSE,FALSE,TRUE,FALSE,FALSE
2020,2982268,Jake Layman,1,27,23,4,0,0,0,507,22.043478260869566,13,4,15,FALSE,FALSE,TRUE,FALSE,FALSE
2020,2982334,T.J. Warren,1,67,67,0,0,0,0,2206,32.92537313432836,67,0,67,FALSE,FALSE,TRUE,FALSE,TRUE
2020,2982340,Justin Anderson,1,14,10,4,0,0,4,108,10.8,1,2,3,FALSE,FALSE,TRUE,FALSE,FALSE
2020,2983,LaMarcus Aldridge,1,54,53,1,0,0,0,1758,33.16981132075472,53,0,53,TRUE,FALSE,TRUE,FALSE,FALSE
2020,2990962,Taurean Prince,1,64,64,0,0,0,0,1859,29.046875,62,2,64,FALSE,FALSE,TRUE,FALSE,TRUE
2020,2990968,Naz Mitrou-Long,1,12,5,7,0,0,7,47,9.4,1,0,1,FALSE,FALSE,TRUE,FALSE,FALSE
2020,2990969,Georges Niang,1,72,66,6,0,0,6,927,14.045454545454545,9,23,11,FALSE,FALSE,TRUE,FALSE,FALSE
2020,2990984,Buddy Hield,1,72,72,0,0,0,0,2215,30.76388888888889,69,2,71,FALSE,FALSE,TRUE,FALSE,TRUE
2020,2990992,Marcus Smart,1,61,60,1,1,0,0,1919,31.983333333333334,59,1,60,FALSE,TRUE,TRUE,FALSE,TRUE
2020,2991018,Yogi Ferrell,1,72,50,22,0,0,22,531,10.62,8,7,10,FALSE,FALSE,TRUE,FALSE,FALSE
2020,2991039,Glenn Robinson III,2,66,62,4,0,0,1,1785,28.79032258064516,54,3,56,FALSE,FALSE,TRUE,FALSE,TRUE
2020,2991043,Caris LeVert,1,47,45,2,1,0,0,1328,29.511111111111113,43,2,45,FALSE,FALSE,TRUE,FALSE,TRUE
2020,2991047,Ryan Arcidiacono,1,65,58,7,3,0,4,930,16.03448275862069,15,21,17,FALSE,FALSE,TRUE,FALSE,FALSE
2020,2991055,Montrezl Harrell,1,63,63,0,0,0,0,1752,27.80952380952381,61,1,62,FALSE,FALSE,TRUE,FALSE,FALSE
2020,2991070,Jerami Grant,1,72,71,1,0,0,0,1890,26.619718309859156,59,11,61,FALSE,FALSE,TRUE,FALSE,FALSE
2020,2991139,Kris Dunn,1,51,50,1,0,0,0,1269,25.38,37,12,39,FALSE,FALSE,TRUE,FALSE,FALSE
2020,2991149,Damyean Dotson,1,65,48,17,0,0,17,837,17.4375,22,9,24,FALSE,FALSE,TRUE,FALSE,FALSE
2020,2991155,Danuel House Jr.,1,65,63,2,1,0,0,1912,30.349206349206348,59,2,61,FALSE,FALSE,TRUE,FALSE,TRUE
2020,2991230,Fred VanVleet,1,56,54,2,1,0,0,1928,35.7037037037037,53,0,53,FALSE,FALSE,TRUE,FALSE,TRUE
2020,2991235,Steven Adams,1,64,63,1,1,0,0,1680,26.666666666666668,58,2,60,FALSE,FALSE,TRUE,FALSE,FALSE
2020,2991255,Michael Frazier II,1,29,12,17,0,0,16,144,12,2,3,4,FALSE,FALSE,TRUE,FALSE,FALSE
2020,2991274,Shaquille Harrison,1,65,42,23,0,0,21,486,11.571428571428571,8,5,10,FALSE,FALSE,TRUE,FALSE,FALSE
2020,2991280,Nerlens Noel,1,64,61,3,1,0,0,1129,18.508196721311474,24,30,26,FALSE,FALSE,TRUE,FALSE,FALSE
2020,2991282,Willie Cauley-Stein,2,58,54,4,0,0,3,1097,20.314814814814813,31,10,33,FALSE,FALSE,TRUE,FALSE,FALSE
2020,2991350,Alex Caruso,1,67,64,3,0,0,1,1174,18.34375,31,17,33,FALSE,FALSE,TRUE,FALSE,FALSE
2020,2993370,Richaun Holmes,1,44,44,0,0,0,0,1240,28.181818181818183,38,5,40,FALSE,FALSE,TRUE,FALSE,TRUE
2020,2993874,Kyle Anderson,1,72,67,5,0,0,0,1331,19.865671641791046,36,12,38,FALSE,FALSE,TRUE,FALSE,FALSE
2020,2994526,Bryn Forbes,1,63,63,0,0,0,0,1583,25.126984126984127,57,6,59,FALSE,FALSE,TRUE,FALSE,FALSE
2020,2995105,Stanton Kidd,1,14,4,10,0,0,10,15,3.75,0,0,0,FALSE,FALSE,TRUE,FALSE,FALSE
2020,2995706,Mario Hezonja,1,72,53,19,2,0,12,875,16.50943396226415,17,10,19,FALSE,FALSE,TRUE,FALSE,FALSE
2020,2999409,Willy Hernangomez,1,65,31,34,0,0,34,374,12.064516129032258,5,8,7,FALSE,FALSE,TRUE,FALSE,FALSE
2020,2999547,Gary Harris,1,57,56,1,0,0,0,1779,31.767857142857142,55,1,56,FALSE,FALSE,TRUE,FALSE,TRUE
2020,2999549,Denzel Valentine,1,60,36,24,0,0,19,489,13.583333333333334,8,9,10,FALSE,FALSE,TRUE,FALSE,FALSE
2020,3001308,Josh Gray,1,8,2,6,0,0,6,22,11,0,1,1,FALSE,FALSE,TRUE,FALSE,FALSE
2020,3001309,Dusty Hannahs,1,2,2,0,0,0,0,13,6.5,0,0,0,FALSE,FALSE,TRUE,FALSE,FALSE
2020,3002137,Tyrone Wallace,1,21,14,7,0,0,7,161,11.5,0,5,2,FALSE,FALSE,TRUE,FALSE,FALSE
2020,3005,Rudy Gay,1,68,67,1,0,0,1,1460,21.791044776119403,49,13,51,FALSE,FALSE,TRUE,FALSE,FALSE
2020,3012,Kyle Lowry,2,59,59,0,0,0,0,2131,36.11864406779661,58,1,59,TRUE,FALSE,TRUE,FALSE,FALSE
2020,3015,Paul Millsap,1,52,51,1,0,0,0,1244,24.392156862745097,42,9,44,TRUE,FALSE,TRUE,FALSE,FALSE
2020,3024,JJ Redick,1,70,60,10,0,0,2,1582,26.366666666666667,53,5,55,FALSE,FALSE,TRUE,FALSE,FALSE
2020,3026,Rajon Rondo,1,50,48,2,0,0,1,984,20.5,26,16,28,FALSE,FALSE,TRUE,FALSE,FALSE
2020,3028,Thabo Sefolosha,1,62,41,21,2,0,19,431,10.512195121951219,1,7,3,FALSE,FALSE,TRUE,FALSE,FALSE
2020,3032976,Rudy Gobert,2,70,69,1,1,0,0,2354,34.11594202898551,67,2,69,TRUE,TRUE,TRUE,FALSE,FALSE
2020,3032977,Giannis Antetokounmpo,2,65,64,1,0,0,0,1947,30.421875,62,1,63,TRUE,TRUE,TRUE,FALSE,FALSE
2020,3032978,Dario Saric,1,68,66,2,0,0,0,1633,24.742424242424242,54,7,56,FALSE,FALSE,TRUE,FALSE,FALSE
2020,3032979,Dennis Schroder,1,65,65,0,0,0,0,1996,30.70769230769231,65,0,65,FALSE,FALSE,TRUE,FALSE,TRUE
2020,3033,P.J. Tucker,1,72,72,0,0,0,0,2469,34.291666666666664,71,0,71,FALSE,FALSE,TRUE,FALSE,TRUE
2020,3037789,Bogdan Bogdanovic,1,63,61,2,0,0,0,1768,28.983606557377048,59,2,61,FALSE,FALSE,TRUE,FALSE,TRUE
2020,3055,J.J. Barea,1,73,29,44,0,0,44,453,15.620689655172415,6,10,8,FALSE,FALSE,TRUE,FALSE,FALSE
2020,3056247,Kendrick Nunn,2,69,68,1,1,0,0,1982,29.147058823529413,63,5,65,FALSE,FALSE,TRUE,FALSE,TRUE
2020,3056273,Derrick Walton Jr.,2,38,25,13,0,0,11,248,9.92,3,2,5,FALSE,FALSE,TRUE,FALSE,FALSE
2020,3056600,Jabari Parker,2,48,38,10,1,0,9,918,24.157894736842106,28,6,30,FALSE,FALSE,TRUE,FALSE,FALSE
2020,3056602,Semi Ojeleye,1,72,69,3,0,0,3,1009,14.623188405797102,22,14,24,FALSE,FALSE,TRUE,FALSE,FALSE
2020,3057187,Sterling Brown,1,69,51,18,0,0,17,766,15.019607843137255,19,7,21,FALSE,FALSE,TRUE,FALSE,FALSE
2020,3057198,Brandon Goodwin,1,41,34,7,0,0,7,429,12.617647058823529,7,3,9,FALSE,FALSE,TRUE,FALSE,FALSE
2020,3058030,Paul Watson,2,20,10,10,0,0,10,86,8.6,2,0,2,FALSE,FALSE,TRUE,FALSE,FALSE
2020,3058254,Christian Wood,1,64,62,2,0,0,2,1322,21.322580645161292,34,11,36,FALSE,FALSE,TRUE,FALSE,FALSE
2020,3058269,Joe Chealey,1,10,4,6,0,0,6,33,8.25,0,1,1,FALSE,FALSE,TRUE,FALSE,FALSE
2020,3059280,BJ Johnson,1,25,10,15,0,0,15,84,8.4,1,2,3,FALSE,FALSE,TRUE,FALSE,FALSE
2020,3059285,Devon Hall,1,24,11,13,0,0,13,82,7.454545454545454,1,0,1,FALSE,FALSE,TRUE,FALSE,FALSE
2020,3059306,Johnathan Motley,1,21,11,10,0,0,8,41,3.727272727272727,0,0,0,FALSE,FALSE,TRUE,FALSE,FALSE
2020,3059310,Monte Morris,1,73,73,0,0,0,0,1637,22.424657534246574,46,15,48,FALSE,FALSE,TRUE,FALSE,FALSE
2020,3059311,Matt Thomas,1,62,41,21,1,0,11,441,10.75609756097561,5,7,7,FALSE,FALSE,TRUE,FALSE,FALSE
2020,3059315,Frank Mason III,1,12,8,4,0,0,3,119,14.875,3,1,4,FALSE,FALSE,TRUE,FALSE,FALSE
2020,3059318,Joel Embiid,2,54,52,2,0,0,0,1537,29.557692307692307,48,1,49,TRUE,TRUE,TRUE,FALSE,FALSE
2020,3059319,Andrew Wiggins,2,56,54,2,1,0,0,1857,34.388888888888886,54,0,54,FALSE,FALSE,TRUE,FALSE,TRUE
2020,3059358,Deonte Burton,1,62,38,24,0,0,23,358,9.421052631578947,4,5,6,FALSE,FALSE,TRUE,FALSE,FALSE
2020,3062667,DeAndre' Bembry,1,46,42,4,0,0,3,914,21.761904761904763,25,10,27,FALSE,FALSE,TRUE,FALSE,FALSE
2020,3062679,Josh Hart,1,72,65,7,3,0,0,1756,27.015384615384615,57,7,59,FALSE,FALSE,TRUE,FALSE,FALSE
2020,3062744,David Nwaba,1,28,20,8,0,0,8,265,13.25,0,10,2,FALSE,FALSE,TRUE,FALSE,FALSE
2020,3064230,Cameron Payne,1,8,8,0,0,0,0,183,22.875,6,2,8,FALSE,FALSE,TRUE,FALSE,FALSE
2020,3064237,Antonius Cleveland,1,21,10,11,0,0,10,45,4.5,0,0,0,FALSE,FALSE,TRUE,FALSE,FALSE
2020,3064290,Aaron Gordon,1,62,62,0,0,0,0,2018,32.54838709677419,61,0,61,FALSE,FALSE,TRUE,FALSE,TRUE
2020,3064291,Rondae Hollis Jefferson,1,66,60,6,0,0,5,1123,18.716666666666665,28,14,30,FALSE,FALSE,TRUE,FALSE,FALSE
2020,3064427,Jordan Bell,2,58,29,29,0,0,23,257,8.862068965517242,2,4,4,FALSE,FALSE,TRUE,FALSE,FALSE
2020,3064440,Zach LaVine,1,60,60,0,0,0,0,2086,34.766666666666666,60,0,60,FALSE,FALSE,TRUE,FALSE,TRUE
2020,3064447,Delon Wright,1,73,73,0,0,0,0,1571,21.52054794520548,46,20,48,FALSE,FALSE,TRUE,FALSE,FALSE
2020,3064457,Nigel Williams-Goss,1,25,9,16,0,0,15,50,5.555555555555555,1,0,1,FALSE,FALSE,TRUE,FALSE,FALSE
2020,3064482,Bobby Portis,1,66,66,0,0,0,0,1394,21.12121212121212,38,21,40,FALSE,FALSE,TRUE,FALSE,FALSE
2020,3064514,Julius Randle,1,64,64,0,0,0,0,2082,32.53125,64,0,64,FALSE,FALSE,TRUE,FALSE,TRUE
2020,3064528,Johnathan Williams,1,22,14,8,0,0,6,180,12.857142857142858,3,2,5,FALSE,FALSE,TRUE,FALSE,FALSE
2020,3064539,Sindarius Thornwell,1,2,2,0,0,0,0,35,17.5,0,2,2,FALSE,FALSE,TRUE,FALSE,FALSE
2020,3064559,Damian Jones,1,67,55,12,0,0,12,886,16.10909090909091,19,13,21,FALSE,FALSE,TRUE,FALSE,FALSE
2020,3064560,Luke Kornet,1,52,36,16,0,0,15,560,15.555555555555555,12,9,14,FALSE,FALSE,TRUE,FALSE,FALSE
2020,3065284,Eric Mika,1,2,1,1,0,0,1,19,19,0,1,1,FALSE,FALSE,TRUE,FALSE,FALSE
2020,3074752,Terry Rozier,1,63,63,0,0,0,0,2165,34.36507936507937,62,1,63,FALSE,FALSE,TRUE,FALSE,TRUE
2020,3074797,Wes Iwundu,1,72,52,20,0,0,20,954,18.346153846153847,21,17,23,FALSE,FALSE,TRUE,FALSE,FALSE
2020,3078284,Noah Vonleh,2,66,35,31,3,0,26,380,10.857142857142858,2,6,4,FALSE,FALSE,TRUE,FALSE,FALSE
2020,3078576,Derrick White,1,69,68,1,0,0,1,1681,24.720588235294116,64,3,66,FALSE,FALSE,TRUE,FALSE,FALSE
2020,3102528,Dante Exum,2,42,35,7,0,0,6,484,13.82857142857143,7,13,9,FALSE,FALSE,TRUE,FALSE,FALSE
2020,3102529,Clint Capela,1,40,39,1,1,0,0,1282,32.87179487179487,38,1,39,FALSE,FALSE,TRUE,FALSE,FALSE
2020,3102530,Jusuf Nurkic,1,35,8,27,6,0,0,253,31.625,8,0,8,FALSE,FALSE,TRUE,FALSE,FALSE
2020,3102531,Kristaps Porzingis,1,59,57,2,0,0,0,1815,31.842105263157894,56,1,57,FALSE,FALSE,TRUE,FALSE,TRUE
2020,3102533,Thanasis Antetokounmpo,1,42,20,22,0,0,22,129,6.45,0,3,2,FALSE,FALSE,TRUE,FALSE,FALSE
2020,3112335,Nikola Jokic,2,74,74,0,0,0,0,2350,31.756756756756758,72,0,72,TRUE,TRUE,TRUE,FALSE,FALSE
2020,3113297,Bruno Caboclo,2,54,30,24,0,0,24,246,8.2,2,1,3,FALSE,FALSE,TRUE,FALSE,FALSE
2020,3113587,Cristiano Felicio,1,32,22,10,0,0,10,386,17.545454545454547,11,3,13,FALSE,FALSE,TRUE,FALSE,FALSE
2020,3132042,Gary Clark,2,59,42,17,0,0,17,565,13.452380952380953,10,6,12,FALSE,FALSE,TRUE,FALSE,FALSE
2020,3133596,Kelan Martin,1,33,31,2,0,0,2,498,16.06451612903226,10,8,12,FALSE,FALSE,TRUE,FALSE,FALSE
2020,3133601,Devonte' Graham,2,65,64,1,0,0,1,2229,34.828125,64,0,64,FALSE,FALSE,TRUE,FALSE,TRUE
2020,3133602,Svi Mykhailiuk,2,66,57,9,0,0,5,1285,22.54385964912281,34,12,36,FALSE,FALSE,TRUE,FALSE,FALSE
2020,3133603,Kelly Oubre Jr.,1,59,56,3,0,0,0,1934,34.535714285714285,54,2,56,FALSE,FALSE,TRUE,FALSE,TRUE
2020,3133626,Kenrich Williams,1,51,39,12,0,0,6,828,21.23076923076923,22,5,24,FALSE,FALSE,TRUE,FALSE,FALSE
2020,3133628,Myles Turner,1,64,62,2,0,0,0,1824,29.419354838709676,61,0,61,FALSE,TRUE,TRUE,FALSE,TRUE
2020,3133635,Jevon Carter,1,73,58,15,0,0,15,945,16.29310344827586,18,15,20,FALSE,FALSE,TRUE,FALSE,FALSE
2020,3133817,Eric Paschall,2,64,61,3,1,0,0,1674,27.442622950819672,49,8,51,FALSE,FALSE,TRUE,FALSE,FALSE
2020,3133838,Yuta Watanabe,1,32,18,14,0,0,14,105,5.833333333333333,0,1,1,FALSE,FALSE,TRUE,FALSE,FALSE
2020,3133874,Jaylen Adams,1,6,0,6,0,0,6,0,0,0,0,0,FALSE,FALSE,TRUE,FALSE,FALSE
2020,3134880,Kadeem Allen,1,13,10,3,0,0,3,119,11.9,3,2,5,FALSE,FALSE,TRUE,FALSE,FALSE
2020,3134881,Stanley Johnson,1,56,25,31,0,0,30,150,6,1,1,2,FALSE,FALSE,TRUE,FALSE,FALSE
2020,3134903,Gary Payton II,1,36,29,7,0,0,7,432,14.89655172413793,9,5,11,FALSE,FALSE,TRUE,FALSE,FALSE
2020,3134907,Kyle Kuzma,1,61,61,0,0,0,0,1522,24.950819672131146,53,6,55,FALSE,FALSE,TRUE,FALSE,FALSE
2020,3134908,Jakob Poeltl,1,66,66,0,0,0,0,1170,17.727272727272727,22,19,24,FALSE,FALSE,TRUE,FALSE,FALSE
2020,3134916,Jordan McLaughlin,1,32,30,2,0,0,2,591,19.7,13,11,15,FALSE,FALSE,TRUE,FALSE,FALSE
2020,3134932,John Konchar,1,29,19,10,0,0,10,179,9.421052631578947,2,3,4,FALSE,FALSE,TRUE,FALSE,FALSE
2020,3135045,Grayson Allen,1,47,38,9,2,0,1,721,18.973684210526315,18,7,20,FALSE,FALSE,TRUE,FALSE,FALSE
2020,3135046,Tyus Jones,1,65,65,0,0,0,0,1231,18.93846153846154,27,30,29,FALSE,FALSE,TRUE,FALSE,FALSE
2020,3135047,Justise Winslow,1,17,11,6,2,0,1,353,32.09090909090909,10,1,11,FALSE,FALSE,TRUE,FALSE,FALSE
2020,3135048,Jahlil Okafor,1,66,30,36,3,0,28,465,15.5,9,6,11,FALSE,FALSE,TRUE,FALSE,FALSE
2020,3136193,Devin Booker,2,74,71,3,3,0,0,2526,35.57746478873239,70,1,71,FALSE,FALSE,TRUE,FALSE,TRUE
2020,3136195,Karl-Anthony Towns,1,46,35,11,2,0,0,1187,33.91428571428571,35,0,35,TRUE,FALSE,TRUE,FALSE,FALSE
2020,3136196,Trey Lyles,1,63,63,0,0,0,0,1277,20.26984126984127,34,16,36,FALSE,FALSE,TRUE,FALSE,FALSE
2020,3136483,J.P. Macura,1,1,1,0,0,0,0,1,1,0,0,0,FALSE,FALSE,TRUE,FALSE,FALSE
2020,3136485,Edmond Sumner,1,46,31,15,0,0,14,447,14.419354838709678,6,10,8,FALSE,FALSE,TRUE,FALSE,FALSE
2020,3136491,D.J. Wilson,1,67,36,31,0,0,30,364,10.11111111111111,6,4,8,FALSE,FALSE,TRUE,FALSE,FALSE
2020,3136746,Vic Law,1,18,8,10,0,0,10,63,7.875,2,0,2,FALSE,FALSE,TRUE,FALSE,FALSE
2020,3136776,D'Angelo Russell,2,58,45,13,3,1,0,1450,32.22222222222222,45,0,45,TRUE,FALSE,TRUE,FALSE,FALSE
2020,3136779,Keita Bates-Diop,2,48,44,4,0,0,4,743,16.886363636363637,14,16,16,FALSE,FALSE,TRUE,FALSE,FALSE
2020,3137259,Gabe Vincent,1,19,7,12,0,0,10,83,11.857142857142858,2,2,4,FALSE,FALSE,TRUE,FALSE,FALSE
2020,3137713,Zylan Cheatham,1,9,4,5,0,0,5,51,12.75,1,0,1,FALSE,FALSE,TRUE,FALSE,FALSE
2020,3137730,Patrick McCaw,1,37,36,1,0,0,0,912,25.333333333333332,30,5,32,FALSE,FALSE,TRUE,FALSE,FALSE
2020,3137795,Chris Chiozza,2,40,28,12,0,0,11,399,14.25,7,8,9,FALSE,FALSE,TRUE,FALSE,FALSE
2020,3138154,Theo Pinson,1,57,33,24,0,0,24,368,11.151515151515152,2,9,4,FALSE,FALSE,TRUE,FALSE,FALSE
2020,3138156,Justin Jackson,1,75,65,10,0,0,10,1047,16.107692307692307,22,17,24,FALSE,FALSE,TRUE,FALSE,FALSE
2020,3138160,Caleb Martin,1,30,18,12,0,0,12,319,17.72222222222222,9,1,10,FALSE,FALSE,TRUE,FALSE,FALSE
2020,3138161,Cody Martin,1,57,47,10,0,0,9,902,19.19148936170213,25,9,27,FALSE,FALSE,TRUE,FALSE,FALSE
2020,3138196,Cameron Johnson,1,68,57,11,3,0,0,1252,21.964912280701753,34,10,36,FALSE,FALSE,TRUE,FALSE,FALSE
2020,3138201,Marial Shayok,1,11,4,7,0,0,7,28,7,0,0,0,FALSE,FALSE,TRUE,FALSE,FALSE
2020,3143565,Kevin Hervey,1,17,9,8,0,0,7,51,5.666666666666667,0,0,0,FALSE,FALSE,TRUE,FALSE,FALSE
2020,3147657,Mikal Bridges,1,73,73,0,0,0,0,2043,27.986301369863014,60,9,62,FALSE,FALSE,TRUE,FALSE,FALSE
2020,3149010,Chandler Hutchison,1,33,28,5,0,0,2,527,18.821428571428573,16,4,18,FALSE,FALSE,TRUE,FALSE,FALSE
2020,3149036,Matt Mooney,1,12,4,8,0,0,8,19,4.75,0,0,0,FALSE,FALSE,TRUE,FALSE,FALSE
2020,3149059,Tariq Owens,1,5,3,2,0,0,2,16,5.333333333333333,0,0,0,FALSE,FALSE,TRUE,FALSE,FALSE
2020,3149673,Pascal Siakam,2,61,61,0,0,0,0,2129,34.90163934426229,60,1,61,FALSE,FALSE,TRUE,FALSE,TRUE
2020,3150844,Moritz Wagner,2,49,46,3,0,0,0,853,18.543478260869566,16,18,18,FALSE,FALSE,TRUE,FALSE,FALSE
2020,3155526,Dillon Brooks,1,73,73,0,0,0,0,2112,28.931506849315067,70,3,72,FALSE,FALSE,TRUE,FALSE,TRUE
2020,3155533,Jonah Bolden,2,18,7,11,0,0,11,47,6.714285714285714,1,0,1,FALSE,FALSE,TRUE,FALSE,FALSE
2020,3155535,Kevon Looney,1,33,20,13,3,0,1,261,13.05,0,9,2,FALSE,FALSE,TRUE,FALSE,FALSE
2020,3155942,Domantas Sabonis,2,63,63,0,0,0,0,2180,34.6031746031746,62,1,63,FALSE,FALSE,TRUE,FALSE,TRUE
2020,3157465,Duncan Robinson,1,73,73,0,0,0,0,2165,29.65753424657534,66,4,68,FALSE,FALSE,TRUE,FALSE,TRUE
2020,3190,Marco Belinelli,1,66,57,9,0,0,9,883,15.491228070175438,13,26,15,FALSE,FALSE,TRUE,FALSE,FALSE
2020,3191,Corey Brewer,1,8,5,3,0,0,3,33,6.6,0,1,1,FALSE,FALSE,TRUE,FALSE,FALSE
2020,3194,Wilson Chandler,1,40,35,5,0,0,0,733,20.942857142857143,20,15,22,FALSE,FALSE,TRUE,FALSE,FALSE
2020,3195,Mike Conley,1,47,47,0,0,0,0,1362,28.97872340425532,41,6,43,FALSE,FALSE,TRUE,FALSE,TRUE
2020,3201,Jared Dudley,1,71,45,26,0,0,26,368,8.177777777777777,4,6,6,FALSE,FALSE,TRUE,FALSE,FALSE
2020,3206,Marc Gasol,1,44,44,0,0,0,0,1159,26.34090909090909,38,5,40,TRUE,FALSE,TRUE,FALSE,FALSE
2020,3209,Jeff Green,2,48,48,0,0,0,0,961,20.020833333333332,23,20,25,FALSE,FALSE,TRUE,FALSE,FALSE
2020,3213,Al Horford,1,69,67,2,0,0,0,2024,30.208955223880597,65,2,67,TRUE,FALSE,TRUE,FALSE,FALSE
2020,3224,Joakim Noah,1,8,5,3,0,0,3,50,10,1,0,1,FALSE,FALSE,TRUE,FALSE,FALSE
2020,3244,Thaddeus Young,1,64,64,0,0,0,0,1594,24.90625,51,11,53,FALSE,FALSE,TRUE,FALSE,FALSE
2020,3276,Anthony Tolliver,3,74,55,19,0,0,17,873,15.872727272727273,19,13,21,FALSE,FALSE,TRUE,FALSE,FALSE
2020,3412,Ryan Anderson,1,13,2,11,0,0,11,14,7,0,0,0,FALSE,FALSE,TRUE,FALSE,FALSE
2020,3415,D.J. Augustin,1,58,57,1,0,0,0,1418,24.87719298245614,52,4,54,FALSE,FALSE,TRUE,FALSE,FALSE
2020,3416,Nicolas Batum,1,50,22,28,0,0,26,508,23.09090909090909,14,3,16,FALSE,FALSE,TRUE,FALSE,FALSE
2020,3423,Goran Dragic,1,61,59,2,0,0,0,1663,28.1864406779661,58,1,59,TRUE,FALSE,TRUE,FALSE,FALSE
2020,3428,Danilo Gallinari,1,63,62,1,0,0,0,1836,29.612903225806452,59,2,61,FALSE,FALSE,TRUE,FALSE,TRUE
2020,3431,Eric Gordon,1,37,36,1,0,0,0,1016,28.22222222222222,35,0,35,FALSE,FALSE,TRUE,FALSE,FALSE
2020,3438,George Hill,1,59,59,0,0,0,0,1270,21.52542372881356,40,17,42,FALSE,FALSE,TRUE,FALSE,FALSE
2020,3439,Serge Ibaka,1,55,55,0,0,0,0,1486,27.01818181818182,50,3,52,FALSE,FALSE,TRUE,FALSE,FALSE
2020,3442,DeAndre Jordan,1,56,56,0,0,0,0,1233,22.017857142857142,40,14,42,TRUE,FALSE,TRUE,FALSE,FALSE
2020,3445,Courtney Lee,1,63,24,39,0,0,39,345,14.375,7,5,9,FALSE,FALSE,TRUE,FALSE,FALSE
2020,3447,Robin Lopez,1,69,66,3,0,0,3,962,14.575757575757576,14,17,16,FALSE,FALSE,TRUE,FALSE,FALSE
2020,3448,Brook Lopez,1,69,68,1,0,0,1,1817,26.720588235294116,65,3,67,FALSE,FALSE,TRUE,FALSE,FALSE
2020,3449,Kevin Love,1,59,56,3,2,0,0,1779,31.767857142857142,56,0,56,FALSE,FALSE,TRUE,FALSE,TRUE
2020,3451,Luc Mbah a Moute,1,8,3,5,0,0,5,25,8.333333333333334,0,0,0,FALSE,FALSE,TRUE,FALSE,FALSE
2020,3452,JaVale McGee,1,68,68,0,0,0,0,1130,16.61764705882353,15,30,17,FALSE,FALSE,TRUE,FALSE,FALSE
2020,3456,Derrick Rose,1,59,50,9,1,0,0,1299,25.98,45,3,47,FALSE,FALSE,TRUE,FALSE,FALSE
2020,3468,Russell Westbrook,2,61,58,3,0,2,0,2076,35.793103448275865,58,0,58,TRUE,TRUE,TRUE,FALSE,FALSE
2020,3593,Bojan Bogdanovic,1,63,63,0,0,0,0,2082,33.04761904761905,63,0,63,FALSE,FALSE,TRUE,FALSE,TRUE
2020,3892818,Emmanuel Mudiay,1,66,54,12,0,0,12,850,15.74074074074074,11,26,13,FALSE,FALSE,TRUE,FALSE,FALSE
2020,3893016,Cedi Osman,1,65,65,0,0,0,0,1909,29.369230769230768,62,3,64,FALSE,FALSE,TRUE,FALSE,TRUE
2020,3893019,Timothe Luwawu-Cabarrot,1,54,47,7,0,0,7,855,18.19148936170213,23,14,25,FALSE,FALSE,TRUE,FALSE,FALSE
2020,3893059,Anzejs Pasecniks,1,44,26,18,1,0,15,438,16.846153846153847,11,7,13,FALSE,FALSE,TRUE,FALSE,FALSE
2020,3904625,Tacko Fall,1,14,7,7,0,0,7,34,4.857142857142857,0,0,0,FALSE,FALSE,TRUE,FALSE,FALSE
2020,3906522,Henry Ellenson,1,15,5,10,0,0,10,15,3,0,0,0,FALSE,FALSE,TRUE,FALSE,FALSE
2020,3906603,Chris Clemons,1,63,33,30,0,0,30,294,8.909090909090908,3,4,5,FALSE,FALSE,TRUE,FALSE,FALSE
2020,3906665,Brandon Clarke,2,62,59,3,1,0,0,1325,22.45762711864407,46,11,48,FALSE,FALSE,TRUE,FALSE,FALSE
2020,3906671,Caleb Swanigan,2,51,27,24,1,0,23,288,10.666666666666666,4,1,5,FALSE,FALSE,TRUE,FALSE,FALSE
2020,3906786,Dylan Windler,1,1,0,1,0,0,0,0,0,0,0,0,FALSE,FALSE,TRUE,FALSE,FALSE
2020,3907358,Quinndary Weatherspoon,1,15,10,5,0,0,4,77,7.7,0,1,1,FALSE,FALSE,TRUE,FALSE,FALSE
2020,3907359,Malik Newman,1,2,1,1,0,0,1,4,4,0,0,0,FALSE,FALSE,TRUE,FALSE,FALSE
2020,3907387,Ben Simmons,2,58,58,0,0,0,0,2047,35.293103448275865,56,0,56,TRUE,FALSE,TRUE,FALSE,FALSE
2020,3907408,Donta Hall,2,15,9,6,0,0,5,134,14.88888888888889,2,2,4,FALSE,FALSE,TRUE,FALSE,FALSE
2020,3907487,Marquese Chriss,1,61,59,2,0,0,1,1197,20.28813559322034,32,13,34,FALSE,FALSE,TRUE,FALSE,FALSE
2020,3907497,Dejounte Murray,1,66,66,0,0,0,0,1686,25.545454545454547,61,5,63,FALSE,FALSE,TRUE,FALSE,FALSE
2020,3907498,Matisse Thybulle,1,66,65,1,0,0,1,1292,19.876923076923077,30,21,32,FALSE,FALSE,TRUE,FALSE,FALSE
2020,3907525,Allonzo Trier,1,57,24,33,0,0,33,289,12.041666666666666,4,3,6,FALSE,FALSE,TRUE,FALSE,FALSE
2020,3907788,Jeremiah Martin,1,16,9,7,0,0,7,100,11.11111111111111,2,1,3,FALSE,FALSE,TRUE,FALSE,FALSE
2020,3907821,Dwayne Bacon,1,54,39,15,0,0,15,690,17.692307692307693,16,9,18,FALSE,FALSE,TRUE,FALSE,FALSE
2020,3907822,Malik Beasley,2,65,55,10,1,0,9,1212,22.036363636363635,33,7,35,FALSE,FALSE,TRUE,FALSE,FALSE
2020,3907823,Terance Mann,1,52,32,20,0,0,11,360,11.25,5,5,7,FALSE,FALSE,TRUE,FALSE,FALSE
2020,3908809,Donovan Mitchell,2,70,70,0,0,0,0,2376,33.94285714285714,68,0,68,FALSE,FALSE,TRUE,FALSE,TRUE
2020,3908819,Rayjon Tucker,1,39,19,20,0,0,19,163,8.578947368421053,2,2,4,FALSE,FALSE,TRUE,FALSE,FALSE
2020,3908845,John Collins,1,46,41,5,0,0,0,1361,33.19512195121951,41,0,41,FALSE,FALSE,TRUE,FALSE,TRUE
2020,3911566,Justin Wright-Foreman,1,9,4,5,0,0,5,45,11.25,0,2,2,FALSE,FALSE,TRUE,FALSE,FALSE
2020,3912278,Josh Reaves,1,10,3,7,0,0,6,28,9.333333333333334,0,0,0,FALSE,FALSE,TRUE,FALSE,FALSE
2020,3912292,Jarrell Brantley,1,23,9,14,0,0,14,98,10.88888888888889,3,0,3,FALSE,FALSE,TRUE,FALSE,FALSE
2020,3912332,Justin Patton,1,21,5,16,1,0,15,25,5,0,0,0,FALSE,FALSE,TRUE,FALSE,FALSE
2020,3912334,Khyri Thomas,1,19,8,11,0,0,9,62,7.75,0,0,0,FALSE,FALSE,TRUE,FALSE,FALSE
2020,3912848,Dean Wade,1,29,12,17,0,0,16,71,5.916666666666667,0,1,1,FALSE,FALSE,TRUE,FALSE,FALSE
2020,3913174,Luke Kennard,1,29,28,1,1,0,0,921,32.892857142857146,28,0,28,FALSE,FALSE,TRUE,FALSE,FALSE
2020,3913176,Brandon Ingram,2,71,63,8,1,0,0,2114,33.55555555555556,61,0,61,FALSE,FALSE,TRUE,FALSE,TRUE
2020,3913180,Garrison Mathews,1,20,18,2,0,0,1,228,12.666666666666666,3,4,5,FALSE,FALSE,TRUE,FALSE,FALSE
2020,3913220,DaQuan Jeffries,1,18,12,6,0,0,5,141,11.75,3,0,3,FALSE,FALSE,TRUE,FALSE,FALSE
2020,3913546,Melvin Frazier Jr.,1,50,19,31,0,0,31,127,6.684210526315789,2,1,3,FALSE,FALSE,TRUE,FALSE,FALSE
2020,3914044,Landry Shamet,1,53,53,0,0,0,0,1450,27.358490566037737,44,5,46,FALSE,FALSE,TRUE,FALSE,FALSE
2020,3914058,Justin James,1,65,30,35,0,0,30,234,7.8,3,2,5,FALSE,FALSE,TRUE,FALSE,FALSE
2020,3914283,Chimezie Metu,1,54,18,36,0,0,35,104,5.777777777777778,1,0,1,FALSE,FALSE,TRUE,FALSE,FALSE
2020,3914285,Drew Eubanks,1,35,22,13,0,0,13,272,12.363636363636363,5,6,7,FALSE,FALSE,TRUE,FALSE,FALSE
2020,3915195,Shake Milton,1,59,40,19,0,0,19,809,20.225,23,4,25,FALSE,FALSE,TRUE,FALSE,FALSE
2020,3917376,Jaylen Brown,1,58,57,1,0,0,0,1933,33.91228070175438,57,0,57,FALSE,FALSE,TRUE,FALSE,TRUE
2020,3918423,Admiral Schofield,1,44,32,12,0,0,11,371,11.59375,6,6,8,FALSE,FALSE,TRUE,FALSE,FALSE
2020,3918424,Kyle Alexander,1,4,2,2,0,0,1,13,6.5,0,0,0,FALSE,FALSE,TRUE,FALSE,FALSE
2020,3919335,Cheick Diallo,1,72,47,25,0,0,25,480,10.212765957446809,6,5,8,FALSE,FALSE,TRUE,FALSE,FALSE
2020,3919454,Terence Davis,1,72,72,0,0,0,0,1211,16.819444444444443,22,25,24,FALSE,FALSE,TRUE,FALSE,FALSE
2020,3922230,Aaron Holiday,1,73,66,7,0,0,7,1617,24.5,46,11,48,FALSE,FALSE,TRUE,FALSE,FALSE
2020,3923250,PJ Dozier,1,41,29,12,0,0,12,412,14.206896551724139,7,8,9,FALSE,FALSE,TRUE,FALSE,FALSE
2020,3923253,Chris Silva,1,68,41,27,0,0,24,344,8.390243902439025,2,3,4,FALSE,FALSE,TRUE,FALSE,FALSE
2020,3929325,Furkan Korkmaz,1,72,72,0,0,0,0,1564,21.72222222222222,45,18,47,FALSE,FALSE,TRUE,FALSE,FALSE
2020,3934621,Jacob Evans,2,50,29,21,0,0,3,419,14.448275862068966,7,7,9,FALSE,FALSE,TRUE,FALSE,FALSE
2020,3934672,Jalen Brunson,1,57,56,1,0,0,0,1021,18.232142857142858,21,11,23,FALSE,FALSE,TRUE,FALSE,FALSE
2020,3934673,Donte DiVincenzo,1,70,66,4,0,0,4,1522,23.060606060606062,53,9,55,FALSE,FALSE,TRUE,FALSE,FALSE
2020,3934719,OG Anunoby,1,69,69,0,0,0,0,2070,30,66,2,68,FALSE,FALSE,TRUE,FALSE,TRUE
2020,3934721,Juwan Morgan,1,41,21,20,0,0,20,135,6.428571428571429,2,0,2,FALSE,FALSE,TRUE,FALSE,FALSE
2020,3934723,Thomas Bryant,1,56,46,10,0,0,0,1146,24.91304347826087,33,11,35,FALSE,FALSE,TRUE,FALSE,FALSE
2020,3936099,Derrick Jones Jr.,1,68,57,11,1,0,0,1378,24.17543859649123,43,10,45,FALSE,FALSE,TRUE,FALSE,FALSE
2020,3936296,Skal Labissiere,1,34,33,1,0,0,0,565,17.12121212121212,12,10,14,FALSE,FALSE,TRUE,FALSE,FALSE
2020,3936298,Mychal Mulder,1,7,7,0,0,0,0,204,29.142857142857142,7,0,7,FALSE,FALSE,TRUE,FALSE,FALSE
2020,3936299,Jamal Murray,1,59,59,0,0,0,0,1905,32.28813559322034,56,1,57,FALSE,FALSE,TRUE,FALSE,TRUE
2020,3943606,Jerome Robinson,2,73,62,11,1,0,9,979,15.790322580645162,21,13,23,FALSE,FALSE,TRUE,FALSE,FALSE
2020,3945274,Luka Doncic,3,64,63,1,1,0,0,2090,33.17460317460318,60,1,61,FALSE,FALSE,TRUE,FALSE,TRUE
2020,3945566,Justin Robinson,1,24,9,15,0,0,15,49,5.444444444444445,0,1,1,FALSE,FALSE,TRUE,FALSE,FALSE
2020,3946974,Devontae Cacok,1,3,1,2,0,0,2,9,9,0,0,0,FALSE,FALSE,TRUE,FALSE,FALSE
2020,3948153,Chris Boucher,1,71,62,9,0,0,9,820,13.225806451612904,12,13,14,FALSE,FALSE,TRUE,FALSE,FALSE
2020,3964,Patrick Beverley,1,51,51,0,0,0,0,1341,26.294117647058822,44,6,46,FALSE,TRUE,TRUE,FALSE,FALSE
2020,3970,DeMarre Carroll,2,58,24,34,0,0,34,288,12,2,6,4,FALSE,FALSE,TRUE,FALSE,FALSE
2020,3975,Stephen Curry,1,7,5,2,0,0,0,139,27.8,5,0,5,TRUE,TRUE,TRUE,FALSE,FALSE
2020,3978,DeMar DeRozan,1,70,68,2,0,0,1,2319,34.10294117647059,68,0,68,TRUE,FALSE,TRUE,FALSE,FALSE
2020,3981,Wayne Ellington,1,56,34,22,0,0,20,558,16.41176470588235,10,9,12,FALSE,FALSE,TRUE,FALSE,FALSE
2020,3986,Taj Gibson,1,66,62,4,1,0,3,1031,16.629032258064516,17,21,19,FALSE,FALSE,TRUE,FALSE,FALSE
2020,3988,Danny Green,1,68,68,0,0,0,0,1684,24.764705882352942,58,9,60,FALSE,FALSE,TRUE,FALSE,FALSE
2020,3989,Blake Griffin,1,23,18,5,0,0,0,513,28.5,17,1,18,TRUE,TRUE,TRUE,FALSE,FALSE
2020,3992,James Harden,2,70,69,1,0,0,0,2496,36.17391304347826,68,1,69,TRUE,TRUE,TRUE,FALSE,FALSE
2020,3995,Jrue Holiday,1,67,61,6,0,0,0,2116,34.68852459016394,61,0,61,FALSE,FALSE,TRUE,FALSE,TRUE
2020,3999,James Johnson,2,59,32,27,1,0,20,620,19.375,20,4,22,FALSE,FALSE,TRUE,FALSE,FALSE
2020,4004,Patty Mills,1,70,66,4,0,0,4,1481,22.439393939393938,46,18,48,FALSE,FALSE,TRUE,FALSE,FALSE
2020,4011,Ricky Rubio,1,70,65,5,0,0,0,2019,31.06153846153846,63,2,65,FALSE,FALSE,TRUE,FALSE,TRUE
2020,4011991,Dragan Bender,2,21,16,5,0,0,5,285,17.8125,8,2,10,FALSE,FALSE,TRUE,FALSE,FALSE
2020,4015,Jeff Teague,2,63,59,4,4,0,0,1467,24.864406779661017,44,10,46,FALSE,FALSE,TRUE,FALSE,FALSE
2020,4017837,Ivica Zubac,1,72,72,0,0,0,0,1327,18.430555555555557,30,32,32,FALSE,FALSE,TRUE,FALSE,FALSE
2020,4017838,Ante Zizic,1,39,22,17,0,0,17,222,10.090909090909092,2,4,4,FALSE,FALSE,TRUE,FALSE,FALSE
2020,4017839,Juancho Hernangomez,2,65,48,17,0,0,17,834,17.375,20,6,22,FALSE,FALSE,TRUE,FALSE,FALSE
2020,4017843,Thon Maker,1,66,60,6,0,0,5,780,13,13,9,15,FALSE,FALSE,TRUE,FALSE,FALSE
2020,4023,Garrett Temple,1,63,62,1,0,1,0,1729,27.887096774193548,56,5,58,FALSE,FALSE,TRUE,FALSE,FALSE
2020,4032,Wesley Matthews,1,67,67,0,0,0,0,1635,24.402985074626866,56,8,58,FALSE,FALSE,TRUE,FALSE,FALSE
2020,4064727,Josh Magette,1,20,8,12,0,0,12,39,4.875,0,1,1,FALSE,FALSE,TRUE,FALSE,FALSE
2020,4065635,Ky Bowman,1,49,45,4,0,0,0,1017,22.6,28,8,30,FALSE,FALSE,TRUE,FALSE,FALSE
2020,4065648,Jayson Tatum,2,70,67,3,0,0,0,2282,34.059701492537314,65,1,66,FALSE,FALSE,TRUE,FALSE,TRUE
2020,4065649,Harry Giles III,1,64,46,18,0,0,18,670,14.565217391304348,12,11,14,FALSE,FALSE,TRUE,FALSE,FALSE
2020,4065651,Frank Jackson,1,72,59,13,0,0,12,795,13.474576271186441,15,8,17,FALSE,FALSE,TRUE,FALSE,FALSE
2020,4065652,Marques Bolden,1,4,1,3,0,0,3,3,3,0,0,0,FALSE,FALSE,TRUE,FALSE,FALSE
2020,4065654,Jonathan Isaac,1,34,34,0,0,0,0,981,28.852941176470587,30,3,32,FALSE,FALSE,TRUE,FALSE,FALSE
2020,4065660,Mfiondu Kabengele,1,27,12,15,0,0,15,64,5.333333333333333,0,0,0,FALSE,FALSE,TRUE,FALSE,FALSE
2020,4065663,Josh Okogie,2,65,63,2,0,0,0,1561,24.77777777777778,51,10,53,FALSE,FALSE,TRUE,FALSE,FALSE
2020,4065670,Bruce Brown,1,62,58,4,0,0,0,1637,28.224137931034484,52,5,54,FALSE,FALSE,TRUE,FALSE,TRUE
2020,4065672,Dewan Hernandez,1,18,6,12,0,0,9,28,4.666666666666667,0,0,0,FALSE,FALSE,TRUE,FALSE,FALSE
2020,4065673,Tony Bradley,1,69,58,11,0,0,11,659,11.362068965517242,4,6,6,FALSE,FALSE,TRUE,FALSE,FALSE
2020,4065697,Dennis Smith Jr.,1,41,34,7,2,0,5,538,15.823529411764707,9,9,11,FALSE,FALSE,TRUE,FALSE,FALSE
2020,4065730,Kyle Guy,1,15,3,12,0,0,12,10,3.3333333333333335,0,0,0,FALSE,FALSE,TRUE,FALSE,FALSE
2020,4065732,De'Andre Hunter,1,64,63,1,0,0,0,2015,31.984126984126984,62,1,63,FALSE,FALSE,TRUE,FALSE,TRUE
2020,4065733,Ty Jerome,1,54,31,23,0,0,20,327,10.548387096774194,3,6,5,FALSE,FALSE,TRUE,FALSE,FALSE
2020,4065778,Max Strus,1,6,2,4,0,0,4,6,3,0,0,0,FALSE,FALSE,TRUE,FALSE,FALSE
2020,4065834,Shamorie Ponds,1,7,4,3,0,0,3,11,2.75,0,0,0,FALSE,FALSE,TRUE,FALSE,FALSE
2020,4065836,Omari Rasulala Spellman,1,51,49,2,0,0,1,886,18.081632653061224,21,15,23,FALSE,FALSE,TRUE,FALSE,FALSE
2020,4066211,Robert Williams III,1,34,28,6,0,0,4,389,13.892857142857142,3,10,5,FALSE,FALSE,TRUE,FALSE,FALSE
2020,4066212,Jordan Bone,1,24,10,14,0,0,14,54,5.4,0,0,0,FALSE,FALSE,TRUE,FALSE,FALSE
2020,4066218,Grant Williams,1,72,69,3,0,0,3,1044,15.130434782608695,18,20,20,FALSE,FALSE,TRUE,FALSE,FALSE
2020,4066243,Daryl Macon,1,11,4,7,0,0,7,14,3.5,0,0,0,FALSE,FALSE,TRUE,FALSE,FALSE
2020,4066248,Jared Harper,1,6,3,3,0,0,3,8,2.6666666666666665,0,0,0,FALSE,FALSE,TRUE,FALSE,FALSE
2020,4066259,De'Aaron Fox,1,51,51,0,0,0,0,1635,32.05882352941177,50,0,50,FALSE,FALSE,TRUE,FALSE,TRUE
2020,4066261,Bam Adebayo,2,73,73,0,0,0,0,2428,33.26027397260274,71,1,72,FALSE,FALSE,TRUE,FALSE,TRUE
2020,4066262,Malik Monk,1,63,55,8,1,0,1,1172,21.30909090909091,35,13,37,FALSE,FALSE,TRUE,FALSE,FALSE
2020,4066264,Wenyen Gabriel,2,61,30,31,0,0,31,237,7.9,1,2,3,FALSE,FALSE,TRUE,FALSE,FALSE
2020,4066297,Josh Jackson,1,27,22,5,0,0,5,383,17.40909090909091,12,3,14,FALSE,FALSE,TRUE,FALSE,FALSE
2020,4066328,Jarrett Allen,1,71,70,1,1,0,0,1855,26.5,61,7,63,FALSE,TRUE,TRUE,FALSE,FALSE
2020,4066336,Lauri Markkanen,1,50,50,0,0,0,0,1490,29.8,50,0,50,FALSE,FALSE,TRUE,FALSE,TRUE
2020,4066367,Tyler Cook,2,32,12,20,0,0,19,53,4.416666666666667,0,1,1,FALSE,FALSE,TRUE,FALSE,FALSE
2020,4066372,Kevin Huerter,1,56,56,0,0,0,0,1764,31.5,52,3,54,FALSE,FALSE,TRUE,FALSE,TRUE
2020,4066383,Miles Bridges,2,66,66,0,0,0,0,2016,30.545454545454547,62,4,64,FALSE,FALSE,TRUE,FALSE,TRUE
2020,4066387,Amir Coffey,1,24,17,7,0,0,6,160,9.411764705882353,2,0,2,FALSE,FALSE,TRUE,FALSE,FALSE
2020,4066392,Isaiah Roby,2,9,3,6,0,0,6,11,3.6666666666666665,0,0,0,FALSE,FALSE,TRUE,FALSE,FALSE
2020,4066407,Carsen Edwards,1,55,36,19,0,0,18,352,9.777777777777779,3,4,5,FALSE,FALSE,TRUE,FALSE,FALSE
2020,4066421,Lonzo Ball,1,66,63,3,0,0,1,2025,32.142857142857146,61,2,63,FALSE,FALSE,TRUE,FALSE,TRUE
2020,4066425,T.J. Leaf,1,72,28,44,0,0,44,221,7.892857142857143,1,4,3,FALSE,FALSE,TRUE,FALSE,FALSE
2020,4066436,De'Anthony Melton,1,72,60,12,0,0,11,1171,19.516666666666666,35,15,37,FALSE,FALSE,TRUE,FALSE,FALSE
2020,4066490,Kostas Antetokounmpo,1,11,4,7,0,0,6,19,4.75,0,0,0,FALSE,FALSE,TRUE,FALSE,FALSE
2020,4066508,Charlie Brown Jr.,1,25,9,16,0,0,15,40,4.444444444444445,0,0,0,FALSE,FALSE,TRUE,FALSE,FALSE
2020,4066636,Markelle Fultz,1,72,72,0,0,0,0,1997,27.73611111111111,69,3,71,FALSE,FALSE,TRUE,FALSE,FALSE
2020,4066648,Rui Hachimura,2,51,49,2,0,0,0,1466,29.918367346938776,47,2,49,FALSE,FALSE,TRUE,FALSE,TRUE
2020,4066649,Zach Norvell Jr.,2,7,5,2,0,0,2,41,8.2,0,1,1,FALSE,FALSE,TRUE,FALSE,FALSE
2020,4066650,Zach Collins,1,13,11,2,0,0,0,291,26.454545454545453,10,1,11,FALSE,FALSE,TRUE,FALSE,FALSE
2020,4066731,Jalen McDaniels,1,17,16,1,0,0,0,294,18.375,7,5,9,FALSE,FALSE,TRUE,FALSE,FALSE
2020,4066851,Miye Oni,1,27,10,17,0,0,17,111,11.1,3,0,3,FALSE,FALSE,TRUE,FALSE,FALSE
2020,4067045,Alize Johnson,1,48,17,31,0,0,31,117,6.882352941176471,1,1,2,FALSE,FALSE,TRUE,FALSE,FALSE
2020,4080610,Hamidou Diallo,1,57,46,11,0,0,6,898,19.52173913043478,22,13,24,FALSE,FALSE,TRUE,FALSE,FALSE
2020,4222252,Isaiah Hartenstein,1,43,23,20,0,0,20,266,11.565217391304348,5,1,6,FALSE,FALSE,TRUE,FALSE,FALSE
2020,4230546,Terrance Ferguson,1,58,56,2,0,0,0,1258,22.464285714285715,38,9,40,FALSE,FALSE,TRUE,FALSE,FALSE
2020,4230547,Frank Ntilikina,1,59,56,3,0,0,2,1190,21.25,28,14,30,FALSE,FALSE,TRUE,FALSE,FALSE
2020,4230548,Rodions Kurucs,1,65,47,18,0,0,18,680,14.46808510638298,11,13,13,FALSE,FALSE,TRUE,FALSE,FALSE
2020,4230550,Elie Okobo,1,70,55,15,0,0,15,719,13.072727272727272,14,5,16,FALSE,FALSE,TRUE,FALSE,FALSE
2020,4230554,Marko Guduric,1,72,44,28,0,0,27,482,10.954545454545455,6,6,8,FALSE,FALSE,TRUE,FALSE,FALSE
2020,4230557,Vlatko Cancar,1,37,13,24,0,0,23,46,3.5384615384615383,0,1,1,FALSE,FALSE,TRUE,FALSE,FALSE
2020,4237215,Vincent Poirier,1,45,21,24,0,0,23,129,6.142857142857143,0,1,1,FALSE,FALSE,TRUE,FALSE,FALSE
2020,4237239,William Howard,1,7,2,5,0,0,5,13,6.5,0,0,0,FALSE,FALSE,TRUE,FALSE,FALSE
2020,4238,Eric Bledsoe,1,61,61,0,0,0,0,1647,27,57,4,59,FALSE,FALSE,TRUE,FALSE,FALSE
2020,4239,Evan Turner,2,28,19,9,0,0,7,252,13.263157894736842,3,5,5,FALSE,FALSE,TRUE,FALSE,FALSE
2020,4240,Avery Bradley,1,50,49,1,0,0,0,1186,24.20408163265306,39,9,41,FALSE,FALSE,TRUE,FALSE,FALSE
2020,4248,Al-Farouq Aminu,1,18,18,0,0,0,0,381,21.166666666666668,12,3,14,FALSE,FALSE,TRUE,FALSE,FALSE
2020,4249,Gordon Hayward,1,53,52,1,0,1,0,1744,33.53846153846154,50,2,52,TRUE,FALSE,TRUE,FALSE,FALSE
2020,4251,Paul George,1,50,48,2,0,0,1,1418,29.541666666666668,45,3,47,TRUE,TRUE,TRUE,FALSE,FALSE
2020,4257,Derrick Favors,1,68,51,17,0,0,2,1240,24.313725490196077,44,4,46,FALSE,FALSE,TRUE,FALSE,FALSE
2020,4258,DeMarcus Cousins,1,1,0,1,0,0,0,0,0,0,0,0,TRUE,FALSE,TRUE,FALSE,FALSE
2020,4259,Ed Davis,1,56,28,28,0,0,28,303,10.821428571428571,0,2,2,FALSE,FALSE,TRUE,FALSE,FALSE
2020,4262,Hassan Whiteside,1,70,67,3,1,0,0,2009,29.98507462686567,61,5,63,FALSE,FALSE,TRUE,FALSE,TRUE
2020,4264,Patrick Patterson,1,72,58,14,0,0,12,779,13.431034482758621,14,9,16,FALSE,FALSE,TRUE,FALSE,FALSE
2020,4269,Nemanja Bjelica,1,72,72,0,0,0,0,2012,27.944444444444443,64,7,66,FALSE,FALSE,TRUE,FALSE,FALSE
2020,4277811,Collin Sexton,2,66,66,0,0,0,0,2160,32.72727272727273,66,0,66,FALSE,FALSE,TRUE,FALSE,TRUE
2020,4277843,Gary Trent Jr.,1,71,61,10,0,0,7,1331,21.81967213114754,35,11,37,FALSE,FALSE,TRUE,FALSE,FALSE
2020,4277847,Wendell Carter Jr.,2,46,43,3,0,0,1,1256,29.209302325581394,40,2,42,FALSE,FALSE,TRUE,FALSE,TRUE
2020,4277848,Marvin Bagley III,1,13,13,0,0,0,0,333,25.615384615384617,13,0,13,FALSE,FALSE,TRUE,FALSE,FALSE
2020,4277882,Brian Bowen II,1,12,6,6,0,0,6,31,5.166666666666667,0,1,1,FALSE,FALSE,TRUE,FALSE,FALSE
2020,4277890,Lonnie Walker IV,1,71,61,10,0,0,9,986,16.16393442622951,22,14,24,FALSE,FALSE,TRUE,FALSE,FALSE
2020,4277905,Trae Young,3,64,62,2,1,0,0,2157,34.79032258064516,59,2,61,FALSE,FALSE,TRUE,FALSE,TRUE
2020,4277919,Mo Bamba,1,68,62,6,0,0,5,880,14.193548387096774,4,23,6,FALSE,FALSE,TRUE,FALSE,FALSE
2020,4277923,Zhaire Smith,1,10,6,4,0,0,3,32,5.333333333333333,0,0,0,FALSE,FALSE,TRUE,FALSE,FALSE
2020,4277928,Jarrett Culver,1,64,63,1,0,0,0,1509,23.952380952380953,47,11,49,FALSE,FALSE,TRUE,FALSE,FALSE
2020,4277952,Bruno Fernando,1,61,56,5,0,0,2,711,12.696428571428571,6,18,8,FALSE,FALSE,TRUE,FALSE,FALSE
2020,4277956,Jordan Poole,1,62,57,5,0,0,4,1277,22.403508771929825,37,10,39,FALSE,FALSE,TRUE,FALSE,FALSE
2020,4277961,Jaren Jackson Jr.,2,59,58,1,0,0,0,1645,28.362068965517242,51,7,53,FALSE,FALSE,TRUE,FALSE,TRUE
2020,4278031,Oshae Brissett,1,34,19,15,0,0,14,135,7.105263157894737,1,3,3,FALSE,FALSE,TRUE,FALSE,FALSE
2020,4278039,Nickeil Alexander-Walker,2,70,48,22,2,0,20,610,12.708333333333334,12,5,14,FALSE,FALSE,TRUE,FALSE,FALSE
2020,4278049,Daniel Gafford,1,54,43,11,0,0,10,608,14.13953488372093,11,12,13,FALSE,FALSE,TRUE,FALSE,FALSE
2020,4278067,Nic Claxton,1,33,15,18,0,0,18,188,12.533333333333333,0,6,2,FALSE,FALSE,TRUE,FALSE,FALSE
2020,4278073,Shai Gilgeous-Alexander,2,71,71,0,0,0,0,2456,34.59154929577465,70,0,70,FALSE,FALSE,TRUE,FALSE,TRUE
2020,4278075,Kevin Knox II,1,66,65,1,0,0,1,1169,17.984615384615385,26,20,28,FALSE,FALSE,TRUE,FALSE,FALSE
2020,4278077,Jarred Vanderbilt,2,31,11,20,0,0,20,46,4.181818181818182,0,0,0,FALSE,FALSE,TRUE,FALSE,FALSE
2020,4278078,P.J. Washington,2,61,59,2,0,0,0,1780,30.16949152542373,54,4,56,FALSE,FALSE,TRUE,FALSE,TRUE
2020,4278080,Tremont Waters,1,13,11,2,0,0,2,120,10.909090909090908,2,2,4,FALSE,FALSE,TRUE,FALSE,FALSE
2020,4278104,Michael Porter Jr.,1,67,55,12,1,0,10,902,16.4,21,4,23,FALSE,FALSE,TRUE,FALSE,FALSE
2020,4278129,Deandre Ayton,2,59,38,21,0,0,1,1236,32.526315789473685,37,1,38,FALSE,FALSE,TRUE,FALSE,FALSE
2020,4278508,Troy Brown Jr.,1,69,69,0,0,0,0,1785,25.869565217391305,57,10,59,FALSE,FALSE,TRUE,FALSE,FALSE
2020,4278521,KZ Okpala,1,9,5,4,1,0,3,25,5,1,0,1,FALSE,FALSE,TRUE,FALSE,FALSE
2020,4278541,Jaylen Nowell,1,24,15,9,0,0,9,153,10.2,0,4,2,FALSE,FALSE,TRUE,FALSE,FALSE
2020,4279888,Ja Morant,2,70,68,2,0,1,0,2094,30.794117647058822,68,0,68,FALSE,FALSE,TRUE,FALSE,TRUE
2020,4305,Ish Smith,1,70,68,2,0,0,0,1785,26.25,63,4,65,FALSE,FALSE,TRUE,FALSE,FALSE
2020,4341,Nicolo Melli,2,73,61,12,0,0,12,1057,17.327868852459016,25,14,27,FALSE,FALSE,TRUE,FALSE,FALSE
2020,4348696,Dzanan Musa,1,57,40,17,0,0,17,489,12.225,7,9,9,FALSE,FALSE,TRUE,FALSE,FALSE
2020,4348697,Isaac Bonga,1,71,66,5,0,0,5,1249,18.924242424242426,34,14,36,FALSE,FALSE,TRUE,FALSE,FALSE
2020,4348700,Goga Bitadze,1,69,54,15,0,0,15,472,8.74074074074074,3,8,5,FALSE,FALSE,TRUE,FALSE,FALSE
2020,4349241,Adam Mokoka,1,18,11,7,0,0,7,111,10.090909090909092,0,5,2,FALSE,FALSE,TRUE,FALSE,FALSE
2020,4351851,Anfernee Simons,1,74,70,4,0,0,3,1449,20.7,39,19,41,FALSE,FALSE,TRUE,FALSE,FALSE
2020,4351852,Mitchell Robinson,1,61,61,0,0,0,0,1410,23.114754098360656,43,15,45,FALSE,FALSE,TRUE,FALSE,FALSE
2020,4376,Boban Marjanovic,1,74,41,33,0,0,30,423,10.317073170731707,7,5,9,FALSE,FALSE,TRUE,FALSE,FALSE
2020,4395625,RJ Barrett,2,58,57,1,1,0,0,1730,30.350877192982455,54,2,56,FALSE,FALSE,TRUE,FALSE,TRUE
2020,4395627,Cam Reddish,1,59,58,1,0,0,0,1550,26.724137931034484,52,3,54,FALSE,FALSE,TRUE,FALSE,FALSE
2020,4395628,Zion Williamson,2,26,25,1,0,0,0,687,27.48,22,2,24,FALSE,FALSE,TRUE,FALSE,FALSE
2020,4395651,Coby White,1,65,65,0,0,0,0,1681,25.861538461538462,56,8,58,FALSE,FALSE,TRUE,FALSE,FALSE
2020,4395652,Nassir Little,1,73,48,25,0,0,18,574,11.958333333333334,5,8,7,FALSE,FALSE,TRUE,FALSE,FALSE
2020,4395688,Jaylen Hoard,1,30,12,18,0,0,17,104,8.666666666666666,1,2,3,FALSE,FALSE,TRUE,FALSE,FALSE
2020,4395723,Keldon Johnson,1,32,17,15,0,0,15,300,17.647058823529413,9,2,11,FALSE,FALSE,TRUE,FALSE,FALSE
2020,4395725,Tyler Herro,2,64,55,9,0,0,1,1504,27.345454545454544,49,3,51,FALSE,FALSE,TRUE,FALSE,FALSE
2020,4396907,Darius Garland,1,61,59,2,0,0,0,1825,30.93220338983051,59,0,59,FALSE,FALSE,TRUE,FALSE,TRUE
2020,4396971,Naz Reid,1,38,30,8,0,0,8,496,16.533333333333335,13,5,15,FALSE,FALSE,TRUE,FALSE,FALSE
2020,4396991,Talen Horton-Tucker,1,11,6,5,0,0,5,80,13.333333333333334,1,2,3,FALSE,FALSE,TRUE,FALSE,FALSE
2020,4397008,Romeo Langford,1,46,31,15,1,0,13,369,11.903225806451612,7,4,9,FALSE,FALSE,TRUE,FALSE,FALSE
2020,4397020,Luguentz Dort,1,38,36,2,0,0,2,821,22.805555555555557,27,4,29,FALSE,FALSE,TRUE,FALSE,FALSE
2020,4397077,Jaxson Hayes,1,72,64,8,0,0,8,1080,16.875,26,12,28,FALSE,FALSE,TRUE,FALSE,FALSE
2020,4397102,Bol Bol,1,8,6,2,0,0,1,87,14.5,2,1,3,FALSE,FALSE,TRUE,FALSE,FALSE
2020,4397103,Louis King,1,19,10,9,0,0,9,62,6.2,0,0,0,FALSE,FALSE,TRUE,FALSE,FALSE
2020,4397126,Moses Brown,1,14,7,7,0,0,5,32,4.571428571428571,0,0,0,FALSE,FALSE,TRUE,FALSE,FALSE
2020,4397140,Kevin Porter Jr.,1,50,50,0,0,0,0,1162,23.24,36,9,38,FALSE,FALSE,TRUE,FALSE,FALSE
2020,4397205,Ignas Brazdeikis,1,28,9,19,0,0,19,53,5.888888888888889,0,1,1,FALSE,FALSE,TRUE,FALSE,FALSE
2020,4401415,Alen Smailagic,1,19,14,5,0,0,5,139,9.928571428571429,1,1,2,FALSE,FALSE,TRUE,FALSE,FALSE
2020,4401416,Juan Toscano-Anderson,1,13,13,0,0,0,0,273,21,9,1,10,FALSE,FALSE,TRUE,FALSE,FALSE
2020,4423309,Luka Samanic,1,14,3,11,0,0,11,48,16,1,0,1,FALSE,FALSE,TRUE,FALSE,FALSE
2020,4423314,Sekou Doumbouya,1,41,38,3,0,0,3,757,19.92105263157895,21,6,23,FALSE,FALSE,TRUE,FALSE,FALSE
2020,4423545,Darius Bazley,1,61,61,0,0,0,0,1131,18.540983606557376,21,25,23,FALSE,FALSE,TRUE,FALSE,FALSE
2020,4423887,Jalen Lecque,1,12,5,7,0,0,7,32,6.4,0,0,0,FALSE,FALSE,TRUE,FALSE,FALSE
2020,4610145,Daryl Macon,1,4,3,1,0,0,0,9,3,0,0,0,FALSE,FALSE,TRUE,FALSE,FALSE
2020,6426,Davis Bertans,1,55,54,1,0,0,0,1582,29.296296296296298,54,0,54,FALSE,FALSE,TRUE,FALSE,TRUE
2020,6427,Bismack Biyombo,1,65,53,12,0,0,12,1032,19.471698113207548,25,13,27,FALSE,FALSE,TRUE,FALSE,FALSE
2020,6429,Alec Burks,2,68,66,2,0,0,2,1755,26.59090909090909,55,8,57,FALSE,FALSE,TRUE,FALSE,FALSE
2020,6430,Jimmy Butler III,2,67,59,8,0,0,0,1970,33.389830508474574,57,1,58,TRUE,FALSE,TRUE,FALSE,FALSE
2020,6440,Tobias Harris,1,73,72,1,0,0,0,2469,34.291666666666664,72,0,72,FALSE,FALSE,TRUE,FALSE,TRUE
2020,6442,Kyrie Irving,1,22,20,2,0,0,0,659,32.95,20,0,20,TRUE,TRUE,TRUE,FALSE,FALSE
2020,6443,Reggie Jackson,2,34,31,3,1,0,0,741,23.903225806451612,20,10,22,FALSE,FALSE,TRUE,FALSE,FALSE
2020,6446,Cory Joseph,1,72,72,0,0,0,0,1756,24.38888888888889,49,16,51,FALSE,FALSE,TRUE,FALSE,FALSE
2020,6447,Enes Freedom,1,61,58,3,0,0,2,984,16.96551724137931,20,21,22,FALSE,FALSE,TRUE,FALSE,FALSE
2020,6448,Brandon Knight,2,54,25,29,0,0,28,460,18.4,13,2,15,FALSE,FALSE,TRUE,FALSE,FALSE
2020,6450,Kawhi Leonard,2,63,58,5,1,0,1,1873,32.293103448275865,58,0,58,TRUE,TRUE,TRUE,FALSE,FALSE
2020,6460,E'Twaun Moore,1,72,56,16,0,0,16,1020,18.214285714285715,23,15,25,FALSE,FALSE,TRUE,FALSE,FALSE
2020,6461,Markieff Morris,2,66,58,8,0,0,3,1190,20.517241379310345,28,20,30,FALSE,FALSE,TRUE,FALSE,FALSE
2020,6462,Marcus Morris Sr.,2,65,62,3,2,0,1,1937,31.241935483870968,61,1,62,FALSE,FALSE,TRUE,FALSE,TRUE
2020,6466,Chandler Parsons,1,22,5,17,1,0,16,53,10.6,0,2,2,FALSE,FALSE,TRUE,FALSE,FALSE
2020,6468,Iman Shumpert,1,15,14,1,0,0,1,244,17.428571428571427,3,8,5,FALSE,FALSE,TRUE,FALSE,FALSE
2020,6472,Isaiah Thomas,1,46,40,6,0,0,0,924,23.1,32,7,34,TRUE,FALSE,TRUE,FALSE,FALSE
2020,6474,Tristan Thompson,1,58,57,1,0,0,0,1724,30.24561403508772,55,1,56,FALSE,FALSE,TRUE,FALSE,TRUE
2020,6477,Jonas Valanciunas,1,71,70,1,1,0,0,1843,26.32857142857143,66,3,68,FALSE,FALSE,TRUE,FALSE,FALSE
2020,6478,Nikola Vucevic,1,62,62,0,0,0,0,2001,32.274193548387096,61,0,61,TRUE,FALSE,TRUE,FALSE,FALSE
2020,6479,Kemba Walker,2,57,57,0,0,0,0,1772,31.087719298245613,54,2,56,TRUE,TRUE,TRUE,FALSE,FALSE
2020,6485,Lance Thomas,1,8,7,1,0,0,1,98,14,2,2,4,FALSE,FALSE,TRUE,FALSE,FALSE
2020,6497,Jeremy Pargo,1,3,3,0,0,0,0,44,14.666666666666666,1,0,1,FALSE,FALSE,TRUE,FALSE,FALSE
2020,6507,Brad Wanamaker,1,72,71,1,0,0,1,1371,19.309859154929576,38,22,40,FALSE,FALSE,TRUE,FALSE,FALSE
2020,6578,Harrison Barnes,1,72,72,0,0,0,0,2483,34.486111111111114,72,0,72,FALSE,FALSE,TRUE,FALSE,TRUE
2020,6579,Will Barton,1,60,58,2,0,0,0,1919,33.08620689655172,58,0,58,FALSE,FALSE,TRUE,FALSE,TRUE
2020,6580,Bradley Beal,1,61,57,4,0,0,0,2053,36.01754385964912,57,0,57,TRUE,FALSE,TRUE,FALSE,FALSE
2020,6581,Jae Crowder,2,70,65,5,1,0,1,1878,28.892307692307693,61,2,63,FALSE,FALSE,TRUE,FALSE,TRUE
2020,6583,Anthony Davis,2,68,63,5,2,0,0,2151,34.142857142857146,63,0,63,TRUE,FALSE,TRUE,FALSE,FALSE
2020,6585,Andre Drummond,2,64,57,7,0,0,0,1882,33.01754385964912,56,1,57,TRUE,FALSE,TRUE,FALSE,FALSE
2020,6588,Evan Fournier,1,67,66,1,0,0,0,2079,31.5,66,0,66,FALSE,FALSE,TRUE,FALSE,TRUE
2020,6589,Draymond Green,1,58,43,15,1,0,1,1218,28.325581395348838,40,2,42,TRUE,TRUE,TRUE,FALSE,FALSE
2020,6591,Maurice Harkless,2,63,62,1,0,0,1,1426,23,43,15,45,FALSE,FALSE,TRUE,FALSE,FALSE
2020,6592,John Henson,2,44,40,4,0,0,3,603,15.075,6,15,8,FALSE,FALSE,TRUE,FALSE,FALSE
2020,6601,Michael Kidd-Gilchrist,2,66,25,41,0,0,39,281,11.24,5,4,7,FALSE,FALSE,TRUE,FALSE,FALSE
2020,6603,Jeremy Lamb,1,46,46,0,0,0,0,1291,28.065217391304348,43,2,45,FALSE,FALSE,TRUE,FALSE,TRUE
2020,6605,Meyers Leonard,1,57,51,6,0,0,6,1036,20.313725490196077,24,17,26,FALSE,FALSE,TRUE,FALSE,FALSE
2020,6606,Damian Lillard,2,73,66,7,0,0,0,2473,37.46969696969697,66,0,66,TRUE,TRUE,TRUE,FALSE,FALSE
2020,6609,Khris Middleton,2,64,63,1,0,0,1,1878,29.80952380952381,60,3,62,TRUE,FALSE,TRUE,FALSE,FALSE
2020,6615,Kyle O'Quinn,1,64,29,35,0,0,34,312,10.758620689655173,3,4,5,FALSE,FALSE,TRUE,FALSE,FALSE
2020,6617,Austin Rivers,1,69,68,1,1,0,0,1594,23.441176470588236,46,16,48,FALSE,FALSE,TRUE,FALSE,FALSE
2020,6619,Terrence Ross,1,69,69,0,0,0,0,1890,27.391304347826086,66,3,68,FALSE,FALSE,TRUE,FALSE,FALSE
2020,6621,Tomas Satoransky,1,65,65,0,0,0,0,1879,28.907692307692308,64,1,65,FALSE,FALSE,TRUE,FALSE,TRUE
2020,6622,Mike Scott,1,70,68,2,0,0,2,1205,17.720588235294116,24,26,26,FALSE,FALSE,TRUE,FALSE,FALSE
2020,6628,Dion Waiters,2,31,10,21,2,0,19,208,20.8,6,3,8,FALSE,FALSE,TRUE,FALSE,FALSE
2020,6631,Tyler Zeller,1,4,1,3,0,0,2,4,4,0,0,0,FALSE,FALSE,TRUE,FALSE,FALSE
2020,6637,Kent Bazemore,2,70,68,2,0,0,0,1689,24.83823529411765,53,11,55,FALSE,FALSE,TRUE,FALSE,FALSE
2020,984,Tyson Chandler,1,68,25,43,2,0,40,221,8.84,1,4,3,FALSE,FALSE,TRUE,FALSE,FALSE
2020,996,Pau Gasol,1,3,0,3,0,0,0,0,0,0,0,0,FALSE,FALSE,TRUE,FALSE,FALSE
2021,1966,LeBron James,2,46,46,0,0,0,0,1515,32.93478260869565,44,0,44,TRUE,TRUE,TRUE,FALSE,FALSE
2021,1975,Carmelo Anthony,1,69,69,0,0,0,0,1690,24.492753623188406,57,12,59,FALSE,FALSE,TRUE,FALSE,FALSE
2021,2184,Udonis Haslem,1,63,1,62,0,0,61,3,3,0,0,0,FALSE,FALSE,TRUE,FALSE,FALSE
2021,2284101,Justin Holiday,1,72,72,0,0,0,0,2181,30.291666666666668,70,2,72,FALSE,FALSE,TRUE,FALSE,TRUE
2021,2326307,Seth Curry,1,59,57,2,1,0,0,1639,28.75438596491228,56,0,56,FALSE,FALSE,TRUE,FALSE,TRUE
2021,2326411,James Nunnally,1,18,9,9,0,0,9,48,5.333333333333333,0,0,0,FALSE,FALSE,TRUE,FALSE,FALSE
2021,2327577,JaMychal Green,1,63,58,5,0,0,2,1120,19.310344827586206,30,17,32,FALSE,FALSE,TRUE,FALSE,FALSE
2021,2384,Dwight Howard,1,71,69,2,0,0,0,1190,17.246376811594203,20,23,22,FALSE,FALSE,TRUE,FALSE,FALSE
2021,2386,Andre Iguodala,1,72,63,9,5,1,0,1337,21.22222222222222,46,13,48,FALSE,FALSE,TRUE,FALSE,FALSE
2021,2419,Anderson Varejao,1,8,5,3,0,0,3,36,7.2,0,1,1,FALSE,FALSE,TRUE,FALSE,FALSE
2021,2426,Trevor Ariza,1,31,30,1,0,1,0,841,28.033333333333335,28,1,29,FALSE,FALSE,TRUE,FALSE,FALSE
2021,2451037,Daniel Theis,2,65,65,0,0,0,0,1598,24.584615384615386,56,2,58,FALSE,FALSE,TRUE,FALSE,FALSE
2021,2488653,Mason Plumlee,1,56,56,0,0,0,0,1498,26.75,50,6,52,FALSE,FALSE,TRUE,FALSE,FALSE
2021,2488826,Rodney McGruder,1,45,16,29,0,0,24,194,12.125,3,4,5,FALSE,FALSE,TRUE,FALSE,FALSE
2021,2488945,Tim Frazier,1,18,5,13,0,0,13,62,12.4,1,0,1,FALSE,FALSE,TRUE,FALSE,FALSE
2021,2488958,Solomon Hill,1,72,71,1,0,0,1,1514,21.323943661971832,40,19,42,FALSE,FALSE,TRUE,FALSE,FALSE
2021,2489663,Kelly Olynyk,2,73,70,3,0,0,1,1999,28.557142857142857,66,3,68,FALSE,FALSE,TRUE,FALSE,TRUE
2021,2489716,Matthew Dellavedova,1,13,13,0,0,0,0,225,17.307692307692307,2,7,4,FALSE,FALSE,TRUE,FALSE,FALSE
2021,2490089,Mike Muscala,1,59,35,24,0,0,8,648,18.514285714285716,13,16,15,FALSE,FALSE,TRUE,FALSE,FALSE
2021,2490149,CJ McCollum,1,71,47,24,0,0,0,1602,34.08510638297872,46,1,47,FALSE,FALSE,TRUE,FALSE,TRUE
2021,2490620,Robert Covington,1,71,70,1,0,0,0,2241,32.01428571428571,70,0,70,FALSE,FALSE,TRUE,FALSE,TRUE
2021,2527963,Victor Oladipo,3,43,33,10,1,0,0,1078,32.666666666666664,33,0,33,TRUE,FALSE,TRUE,FALSE,FALSE
2021,2528096,Mike James,1,13,13,0,0,0,0,236,18.153846153846153,7,2,9,FALSE,FALSE,TRUE,FALSE,FALSE
2021,2528210,Tim Hardaway Jr.,1,71,70,1,0,0,0,1984,28.34285714285714,68,2,70,FALSE,FALSE,TRUE,FALSE,TRUE
2021,2528353,Tony Snell,1,50,47,3,0,0,3,992,21.106382978723403,27,12,29,FALSE,FALSE,TRUE,FALSE,FALSE
2021,2528426,Jordan Clarkson,1,68,68,0,0,0,0,1817,26.720588235294116,65,3,67,FALSE,FALSE,TRUE,FALSE,FALSE
2021,2528588,Doug McDermott,1,67,66,1,0,0,0,1617,24.5,52,12,54,FALSE,FALSE,TRUE,FALSE,FALSE
2021,2528693,Torrey Craig,2,64,50,14,0,0,14,803,16.06,13,16,15,FALSE,FALSE,TRUE,FALSE,FALSE
2021,2528779,Reggie Bullock Jr.,1,65,65,0,0,0,0,1951,30.015384615384615,61,4,63,FALSE,FALSE,TRUE,FALSE,TRUE
2021,2528794,Joe Harris,1,69,69,0,0,0,0,2141,31.028985507246375,68,0,68,FALSE,FALSE,TRUE,FALSE,TRUE
2021,2530276,Tyler Johnson,1,61,39,22,0,0,16,686,17.58974358974359,20,6,22,FALSE,FALSE,TRUE,FALSE,FALSE
2021,2530530,T.J. McConnell,1,72,69,3,0,0,0,1796,26.028985507246375,61,5,63,FALSE,FALSE,TRUE,FALSE,FALSE
2021,2530572,Langston Galloway,1,70,40,30,0,0,30,436,10.9,5,6,7,FALSE,FALSE,TRUE,FALSE,FALSE
2021,2530596,Andre Roberson,1,7,5,2,0,0,2,63,12.6,1,2,3,FALSE,FALSE,TRUE,FALSE,FALSE
2021,2530923,Alfonzo McKinnie,1,71,39,32,0,0,32,258,6.615384615384615,1,4,3,FALSE,FALSE,TRUE,FALSE,FALSE
2021,2531367,Dwight Powell,1,63,58,5,0,0,5,966,16.655172413793103,17,18,19,FALSE,FALSE,TRUE,FALSE,FALSE
2021,2534781,Gorgui Dieng,2,63,38,25,0,0,25,554,14.578947368421053,13,4,15,FALSE,FALSE,TRUE,FALSE,FALSE
2021,2566745,Quinn Cook,2,43,23,20,0,0,20,156,6.782608695652174,0,4,2,FALSE,FALSE,TRUE,FALSE,FALSE
2021,2566769,Malcolm Brogdon,1,61,56,5,0,0,0,1933,34.517857142857146,55,0,55,FALSE,FALSE,TRUE,FALSE,TRUE
2021,2578185,Dorian Finney-Smith,1,61,60,1,0,0,0,1921,32.016666666666666,59,1,60,FALSE,FALSE,TRUE,FALSE,TRUE
2021,2578213,Ben McLemore,2,65,53,12,1,0,9,904,17.056603773584907,22,12,24,FALSE,FALSE,TRUE,FALSE,FALSE
2021,2578239,Pat Connaughton,1,69,69,0,0,0,0,1578,22.869565217391305,46,18,48,FALSE,FALSE,TRUE,FALSE,FALSE
2021,2578240,Khem Birch,2,70,67,3,2,0,1,1531,22.850746268656717,42,12,44,FALSE,FALSE,TRUE,FALSE,FALSE
2021,2579258,Cody Zeller,1,57,48,9,3,0,5,1004,20.916666666666668,26,14,28,FALSE,FALSE,TRUE,FALSE,FALSE
2021,2579260,Trey Burke,1,70,62,8,0,0,6,918,14.806451612903226,18,11,20,FALSE,FALSE,TRUE,FALSE,FALSE
2021,2579294,Frank Kaminsky,1,67,47,20,0,0,20,717,15.25531914893617,10,14,12,FALSE,FALSE,TRUE,FALSE,FALSE
2021,2579321,James Ennis III,1,51,41,10,0,0,0,986,24.048780487804876,27,12,29,FALSE,FALSE,TRUE,FALSE,FALSE
2021,2580365,Larry Nance Jr.,1,44,35,9,1,0,0,1095,31.285714285714285,34,0,34,FALSE,FALSE,TRUE,FALSE,FALSE
2021,2580782,Spencer Dinwiddie,1,4,3,1,0,0,0,64,21.333333333333332,2,1,3,FALSE,FALSE,TRUE,FALSE,FALSE
2021,2580898,Chasson Randle,1,43,41,2,0,0,2,841,20.51219512195122,22,12,24,FALSE,FALSE,TRUE,FALSE,FALSE
2021,2580913,Dewayne Dedmon,1,21,16,5,0,0,5,210,13.125,0,6,2,FALSE,FALSE,TRUE,FALSE,FALSE
2021,2581018,Kentavious Caldwell-Pope,1,68,67,1,0,0,0,1901,28.37313432835821,65,2,67,FALSE,FALSE,TRUE,FALSE,TRUE
2021,2581177,Rodney Hood,2,65,54,11,1,0,2,942,17.444444444444443,18,18,20,FALSE,FALSE,TRUE,FALSE,FALSE
2021,2581184,Anthony Gill,1,71,26,45,0,0,45,218,8.384615384615385,3,2,5,FALSE,FALSE,TRUE,FALSE,FALSE
2021,2581190,Josh Richardson,1,60,59,1,0,0,0,1787,30.28813559322034,58,0,58,FALSE,FALSE,TRUE,FALSE,TRUE
2021,2583632,Royce O'Neale,1,71,71,0,0,0,0,2243,31.591549295774648,71,0,71,FALSE,FALSE,TRUE,FALSE,TRUE
2021,2583639,Elfrid Payton,1,64,63,1,0,0,0,1487,23.603174603174605,43,14,45,FALSE,FALSE,TRUE,FALSE,FALSE
2021,2594920,Greg Whittington,1,11,4,7,0,0,7,11,2.75,0,0,0,FALSE,FALSE,TRUE,FALSE,FALSE
2021,2594922,Otto Porter Jr.,2,30,28,2,0,0,0,605,21.607142857142858,19,7,21,FALSE,FALSE,TRUE,FALSE,FALSE
2021,2595209,Damion Lee,1,60,57,3,0,0,1,1081,18.964912280701753,26,23,28,FALSE,FALSE,TRUE,FALSE,FALSE
2021,2595435,Abdel Nader,1,37,24,13,0,0,6,353,14.708333333333334,7,6,9,FALSE,FALSE,TRUE,FALSE,FALSE
2021,2595516,Norman Powell,2,70,69,1,1,0,0,2206,31.971014492753625,65,4,67,FALSE,FALSE,TRUE,FALSE,TRUE
2021,2596107,Alex Len,2,71,64,7,0,0,7,980,15.3125,20,15,22,FALSE,FALSE,TRUE,FALSE,FALSE
2021,2596108,Michael Carter-Williams,1,43,31,12,4,0,0,801,25.838709677419356,27,3,29,FALSE,FALSE,TRUE,FALSE,FALSE
2021,2596112,Javonte Green,2,68,41,27,0,0,27,472,11.512195121951219,8,6,10,FALSE,FALSE,TRUE,FALSE,FALSE
2021,2608891,JaKarr Sampson,1,63,29,34,0,0,32,316,10.89655172413793,6,3,8,FALSE,FALSE,TRUE,FALSE,FALSE
2021,2608892,Norvel Pelle,3,36,13,23,0,0,23,85,6.538461538461538,0,2,2,FALSE,FALSE,TRUE,FALSE,FALSE
2021,2767,Ersan Ilyasova,1,35,17,18,0,0,18,145,8.529411764705882,1,0,1,FALSE,FALSE,TRUE,FALSE,FALSE
2021,2779,Chris Paul,2,73,71,2,0,1,0,2231,31.422535211267604,71,0,71,TRUE,TRUE,TRUE,FALSE,FALSE
2021,2799,Lou Williams,2,69,66,3,1,1,0,1420,21.515151515151516,46,11,48,FALSE,FALSE,TRUE,FALSE,FALSE
2021,2960236,Maxi Kleber,1,60,50,10,7,0,0,1339,26.78,42,4,44,FALSE,FALSE,TRUE,FALSE,FALSE
2021,2968334,Facundo Campazzo,1,67,65,2,0,0,2,1424,21.907692307692308,41,5,43,FALSE,FALSE,TRUE,FALSE,FALSE
2021,2968361,Raul Neto,1,66,64,2,0,0,0,1403,21.921875,46,10,48,FALSE,FALSE,TRUE,FALSE,FALSE
2021,2968436,Joe Ingles,1,67,67,0,0,0,0,1867,27.865671641791046,64,3,66,FALSE,FALSE,TRUE,FALSE,FALSE
2021,2968439,Aron Baynes,1,72,53,19,0,0,16,979,18.471698113207548,24,15,26,FALSE,FALSE,TRUE,FALSE,FALSE
2021,2982268,Jake Layman,1,71,45,26,0,0,26,626,13.911111111111111,10,10,12,FALSE,FALSE,TRUE,FALSE,FALSE
2021,2982334,T.J. Warren,1,4,4,0,0,0,0,118,29.5,4,0,4,FALSE,FALSE,TRUE,FALSE,FALSE
2021,2983,LaMarcus Aldridge,2,28,26,2,2,0,0,673,25.884615384615383,23,3,25,TRUE,FALSE,TRUE,FALSE,FALSE
2021,2990962,Taurean Prince,2,48,41,7,0,0,0,906,22.097560975609756,27,10,29,FALSE,FALSE,TRUE,FALSE,FALSE
2021,2990969,Georges Niang,1,72,72,0,0,0,0,1154,16.02777777777778,18,25,20,FALSE,FALSE,TRUE,FALSE,FALSE
2021,2990984,Buddy Hield,1,71,71,0,0,0,0,2439,34.352112676056336,71,0,71,FALSE,FALSE,TRUE,FALSE,TRUE
2021,2990992,Marcus Smart,1,50,48,2,1,0,0,1580,32.916666666666664,47,1,48,FALSE,TRUE,TRUE,FALSE,TRUE
2021,2991018,Yogi Ferrell,2,15,10,5,0,0,5,138,13.8,4,1,5,FALSE,FALSE,TRUE,FALSE,FALSE
2021,2991039,Glenn Robinson III,1,28,23,5,0,0,5,372,16.17391304347826,9,6,11,FALSE,FALSE,TRUE,FALSE,FALSE
2021,2991043,Caris LeVert,2,48,47,1,0,0,0,1489,31.680851063829788,46,1,47,FALSE,FALSE,TRUE,FALSE,TRUE
2021,2991047,Ryan Arcidiacono,1,65,44,21,0,0,21,452,10.272727272727273,1,14,3,FALSE,FALSE,TRUE,FALSE,FALSE
2021,2991055,Montrezl Harrell,1,72,69,3,0,0,3,1581,22.91304347826087,50,13,52,FALSE,FALSE,TRUE,FALSE,FALSE
2021,2991070,Jerami Grant,1,59,54,5,0,0,0,1830,33.888888888888886,53,1,54,FALSE,FALSE,TRUE,FALSE,TRUE
2021,2991139,Kris Dunn,1,11,4,7,1,0,6,46,11.5,0,1,1,FALSE,FALSE,TRUE,FALSE,FALSE
2021,2991149,Damyean Dotson,1,66,46,20,0,0,19,910,19.782608695652176,21,12,23,FALSE,FALSE,TRUE,FALSE,FALSE
2021,2991155,Danuel House Jr.,1,56,36,20,0,0,2,933,25.916666666666668,29,3,31,FALSE,FALSE,TRUE,FALSE,FALSE
2021,2991230,Fred VanVleet,1,53,52,1,0,0,0,1902,36.57692307692308,51,1,52,FALSE,FALSE,TRUE,FALSE,TRUE
2021,2991235,Steven Adams,1,61,58,3,0,0,0,1608,27.724137931034484,55,1,56,FALSE,FALSE,TRUE,FALSE,FALSE
2021,2991274,Shaquille Harrison,2,48,34,14,0,0,14,331,9.735294117647058,3,9,5,FALSE,FALSE,TRUE,FALSE,FALSE
2021,2991280,Nerlens Noel,1,68,64,4,0,0,0,1544,24.125,45,13,47,FALSE,FALSE,TRUE,FALSE,FALSE
2021,2991282,Willie Cauley-Stein,1,60,53,7,0,0,7,904,17.056603773584907,18,13,20,FALSE,FALSE,TRUE,FALSE,FALSE
2021,2991350,Alex Caruso,1,64,58,6,0,0,3,1219,21.017241379310345,35,17,37,FALSE,FALSE,TRUE,FALSE,FALSE
2021,2993370,Richaun Holmes,1,65,61,4,0,0,0,1781,29.19672131147541,58,2,60,FALSE,FALSE,TRUE,FALSE,TRUE
2021,2993874,Kyle Anderson,1,71,69,2,0,1,0,1892,27.420289855072465,67,2,69,FALSE,FALSE,TRUE,FALSE,FALSE
2021,2994526,Bryn Forbes,1,71,70,1,0,0,0,1358,19.4,29,25,31,FALSE,FALSE,TRUE,FALSE,FALSE
2021,2999409,Willy Hernangomez,1,72,47,25,0,0,25,845,17.97872340425532,22,13,24,FALSE,FALSE,TRUE,FALSE,FALSE
2021,2999547,Gary Harris,2,40,39,1,0,0,0,1082,27.743589743589745,34,2,36,FALSE,FALSE,TRUE,FALSE,FALSE
2021,2999549,Denzel Valentine,1,72,62,10,0,0,10,1039,16.758064516129032,24,19,26,FALSE,FALSE,TRUE,FALSE,FALSE
2021,3005,Rudy Gay,1,65,63,2,1,0,0,1356,21.523809523809526,44,17,46,FALSE,FALSE,TRUE,FALSE,FALSE
2021,3012,Kyle Lowry,1,49,46,3,0,0,0,1604,34.869565217391305,45,0,45,TRUE,FALSE,TRUE,FALSE,FALSE
2021,3015,Paul Millsap,1,61,56,5,0,0,5,1167,20.839285714285715,32,16,34,FALSE,FALSE,TRUE,FALSE,FALSE
2021,3024,JJ Redick,2,52,44,8,0,0,4,723,16.431818181818183,12,16,14,FALSE,FALSE,TRUE,FALSE,FALSE
2021,3026,Rajon Rondo,2,52,45,7,1,0,3,769,17.08888888888889,13,18,15,FALSE,FALSE,TRUE,FALSE,FALSE
2021,3032976,Rudy Gobert,2,72,72,0,0,0,0,2199,30.541666666666668,71,0,71,TRUE,TRUE,TRUE,FALSE,FALSE
2021,3032977,Giannis Antetokounmpo,2,64,62,2,0,0,0,2030,32.74193548387097,60,1,61,TRUE,TRUE,TRUE,FALSE,FALSE
2021,3032978,Dario Saric,1,65,50,15,0,0,3,868,17.36,14,20,16,FALSE,FALSE,TRUE,FALSE,FALSE
2021,3032979,Dennis Schroder,1,61,61,0,0,0,0,1958,32.09836065573771,61,0,61,FALSE,FALSE,TRUE,FALSE,TRUE
2021,3033,P.J. Tucker,2,56,52,4,0,0,2,1356,26.076923076923077,44,5,46,FALSE,FALSE,TRUE,FALSE,FALSE
2021,3037789,Bogdan Bogdanovic,1,46,44,2,0,0,0,1306,29.681818181818183,39,4,41,FALSE,FALSE,TRUE,FALSE,TRUE
2021,3037805,Axel Toupane,1,12,8,4,0,0,4,61,7.625,1,1,2,FALSE,FALSE,TRUE,FALSE,FALSE
2021,3056247,Kendrick Nunn,1,70,56,14,0,0,10,1651,29.482142857142858,49,3,51,FALSE,FALSE,TRUE,FALSE,TRUE
2021,3056600,Jabari Parker,2,54,13,41,0,0,37,166,12.76923076923077,1,5,3,FALSE,FALSE,TRUE,FALSE,FALSE
2021,3056602,Semi Ojeleye,1,66,56,10,0,0,10,949,16.946428571428573,20,15,22,FALSE,FALSE,TRUE,FALSE,FALSE
2021,3057187,Sterling Brown,1,53,51,2,0,0,0,1227,24.058823529411764,36,10,38,FALSE,FALSE,TRUE,FALSE,FALSE
2021,3057198,Brandon Goodwin,1,70,46,24,0,0,23,620,13.478260869565217,9,10,11,FALSE,FALSE,TRUE,FALSE,FALSE
2021,3057240,Cameron Reynolds,2,7,5,2,0,0,2,40,8,1,0,1,FALSE,FALSE,TRUE,FALSE,FALSE
2021,3058030,Paul Watson,1,53,26,27,0,0,20,294,11.307692307692308,8,3,10,FALSE,FALSE,TRUE,FALSE,FALSE
2021,3058254,Christian Wood,1,54,41,13,0,0,0,1326,32.34146341463415,41,0,41,FALSE,FALSE,TRUE,FALSE,TRUE
2021,3059310,Monte Morris,1,48,47,1,0,0,0,1197,25.46808510638298,36,10,38,FALSE,FALSE,TRUE,FALSE,FALSE
2021,3059311,Matt Thomas,2,72,44,28,0,0,27,324,7.363636363636363,3,3,5,FALSE,FALSE,TRUE,FALSE,FALSE
2021,3059315,Frank Mason III,1,4,4,0,0,0,0,79,19.75,2,1,3,FALSE,FALSE,TRUE,FALSE,FALSE
2021,3059318,Joel Embiid,1,55,51,4,0,0,0,1590,31.176470588235293,51,0,51,TRUE,FALSE,TRUE,FALSE,FALSE
2021,3059319,Andrew Wiggins,1,72,71,1,0,0,0,2366,33.32394366197183,71,0,71,FALSE,FALSE,TRUE,FALSE,TRUE
2021,3062667,DeAndre' Bembry,1,65,51,14,0,0,14,976,19.137254901960784,29,8,31,FALSE,FALSE,TRUE,FALSE,FALSE
2021,3062679,Josh Hart,1,47,47,0,0,0,0,1353,28.78723404255319,46,1,47,FALSE,FALSE,TRUE,FALSE,TRUE
2021,3062744,David Nwaba,1,37,30,7,2,0,2,678,22.6,20,6,22,FALSE,FALSE,TRUE,FALSE,FALSE
2021,3064230,Cameron Payne,1,69,60,9,0,0,0,1078,17.966666666666665,22,29,24,FALSE,FALSE,TRUE,FALSE,FALSE
2021,3064290,Aaron Gordon,2,55,50,5,0,0,1,1387,27.74,48,0,48,FALSE,FALSE,TRUE,FALSE,FALSE
2021,3064291,Rondae Hollis Jefferson,1,21,11,10,0,0,10,108,9.818181818181818,2,1,3,FALSE,FALSE,TRUE,FALSE,FALSE
2021,3064427,Jordan Bell,2,11,6,5,0,0,5,82,13.666666666666666,1,3,3,FALSE,FALSE,TRUE,FALSE,FALSE
2021,3064440,Zach LaVine,2,59,59,0,0,0,0,2064,34.983050847457626,59,0,59,FALSE,FALSE,TRUE,FALSE,TRUE
2021,3064447,Delon Wright,2,63,63,0,0,0,0,1751,27.793650793650794,56,5,58,FALSE,FALSE,TRUE,FALSE,FALSE
2021,3064482,Bobby Portis,1,68,66,2,1,0,0,1370,20.757575757575758,38,22,40,FALSE,FALSE,TRUE,FALSE,FALSE
2021,3064514,Julius Randle,2,72,72,0,0,0,0,2679,37.208333333333336,71,0,71,FALSE,FALSE,TRUE,FALSE,TRUE
2021,3064539,Sindarius Thornwell,2,45,21,24,0,0,24,217,10.333333333333334,4,3,6,FALSE,FALSE,TRUE,FALSE,FALSE
2021,3064559,Damian Jones,3,56,39,17,0,0,17,543,13.923076923076923,10,12,12,FALSE,FALSE,TRUE,FALSE,FALSE
2021,3064560,Luke Kornet,2,68,31,37,0,0,37,345,11.129032258064516,3,6,5,FALSE,FALSE,TRUE,FALSE,FALSE
2021,3074748,Amida Brimah,1,14,5,9,0,0,9,30,6,0,0,0,FALSE,FALSE,TRUE,FALSE,FALSE
2021,3074752,Terry Rozier,1,71,69,2,0,0,0,2383,34.53623188405797,68,1,69,FALSE,FALSE,TRUE,FALSE,TRUE
2021,3074797,Wes Iwundu,2,70,40,30,0,0,27,541,13.525,13,5,15,FALSE,FALSE,TRUE,FALSE,FALSE
2021,3078284,Noah Vonleh,1,8,4,4,0,0,4,11,2.75,0,0,0,FALSE,FALSE,TRUE,FALSE,FALSE
2021,3078576,Derrick White,1,39,36,3,0,0,0,1064,29.555555555555557,34,2,36,FALSE,FALSE,TRUE,FALSE,FALSE
2021,3102528,Dante Exum,2,8,6,2,0,0,0,116,19.333333333333332,3,1,4,FALSE,FALSE,TRUE,FALSE,FALSE
2021,3102529,Clint Capela,1,65,63,2,0,0,0,1901,30.174603174603174,62,1,63,FALSE,FALSE,TRUE,FALSE,TRUE
2021,3102530,Jusuf Nurkic,1,70,37,33,9,0,0,881,23.81081081081081,32,4,34,FALSE,FALSE,TRUE,FALSE,FALSE
2021,3102531,Kristaps Porzingis,1,51,43,8,3,0,0,1325,30.813953488372093,42,1,43,FALSE,FALSE,TRUE,FALSE,TRUE
2021,3102533,Thanasis Antetokounmpo,1,72,55,17,0,0,15,553,10.054545454545455,6,8,8,FALSE,FALSE,TRUE,FALSE,FALSE
2021,3112335,Nikola Jokic,2,73,73,0,0,0,0,2507,34.342465753424655,71,2,73,TRUE,TRUE,TRUE,FALSE,FALSE
2021,3113297,Bruno Caboclo,1,9,6,3,0,0,3,37,6.166666666666667,1,0,1,FALSE,FALSE,TRUE,FALSE,FALSE
2021,3113587,Cristiano Felicio,1,70,18,52,0,0,52,85,4.722222222222222,0,1,1,FALSE,FALSE,TRUE,FALSE,FALSE
2021,3129951,Elijah Bryant,1,1,1,0,0,0,0,32,32,1,0,1,FALSE,FALSE,TRUE,FALSE,FALSE
2021,3132042,Gary Clark,3,52,39,13,0,0,13,654,16.76923076923077,16,8,18,FALSE,FALSE,TRUE,FALSE,FALSE
2021,3133596,Kelan Martin,1,72,34,38,0,0,37,325,9.558823529411764,3,7,5,FALSE,FALSE,TRUE,FALSE,FALSE
2021,3133601,Devonte' Graham,1,66,55,11,0,0,0,1659,30.163636363636364,49,5,51,FALSE,FALSE,TRUE,FALSE,TRUE
2021,3133602,Svi Mykhailiuk,2,70,65,5,0,0,4,1325,20.384615384615383,33,20,35,FALSE,FALSE,TRUE,FALSE,FALSE
2021,3133603,Kelly Oubre Jr.,1,68,55,13,1,0,1,1690,30.727272727272727,54,1,55,FALSE,FALSE,TRUE,FALSE,TRUE
2021,3133626,Kenrich Williams,1,72,66,6,0,0,6,1428,21.636363636363637,43,11,45,FALSE,FALSE,TRUE,FALSE,FALSE
2021,3133628,Myles Turner,1,47,47,0,0,0,0,1456,30.97872340425532,47,0,47,FALSE,FALSE,TRUE,FALSE,TRUE
2021,3133635,Jevon Carter,1,72,60,12,0,0,12,716,11.933333333333334,8,15,10,FALSE,FALSE,TRUE,FALSE,FALSE
2021,3133817,Eric Paschall,1,58,40,18,3,0,3,697,17.425,10,19,12,FALSE,FALSE,TRUE,FALSE,FALSE
2021,3133838,Yuta Watanabe,1,68,50,18,0,0,15,722,14.44,11,14,13,FALSE,FALSE,TRUE,FALSE,FALSE
2021,3133874,Jaylen Adams,1,13,7,6,0,0,6,19,2.7142857142857144,0,0,0,FALSE,FALSE,TRUE,FALSE,FALSE
2021,3134881,Stanley Johnson,1,72,61,11,0,0,11,1006,16.491803278688526,20,8,22,FALSE,FALSE,TRUE,FALSE,FALSE
2021,3134903,Gary Payton II,1,12,6,6,0,0,2,39,6.5,0,0,0,FALSE,FALSE,TRUE,FALSE,FALSE
2021,3134907,Kyle Kuzma,1,70,68,2,0,0,0,1953,28.720588235294116,64,4,66,FALSE,FALSE,TRUE,FALSE,TRUE
2021,3134908,Jakob Poeltl,1,72,69,3,0,3,0,1848,26.782608695652176,57,10,59,FALSE,FALSE,TRUE,FALSE,FALSE
2021,3134916,Jordan McLaughlin,1,54,51,3,0,0,3,942,18.470588235294116,25,14,27,FALSE,FALSE,TRUE,FALSE,FALSE
2021,3134932,John Konchar,1,72,43,29,0,0,25,579,13.465116279069768,9,12,11,FALSE,FALSE,TRUE,FALSE,FALSE
2021,3135045,Grayson Allen,1,55,50,5,0,1,2,1257,25.14,42,5,44,FALSE,FALSE,TRUE,FALSE,FALSE
2021,3135046,Tyus Jones,1,72,70,2,0,0,2,1226,17.514285714285716,21,26,23,FALSE,FALSE,TRUE,FALSE,FALSE
2021,3135047,Justise Winslow,1,33,26,7,0,0,7,511,19.653846153846153,14,8,16,FALSE,FALSE,TRUE,FALSE,FALSE
2021,3135048,Jahlil Okafor,1,43,27,16,0,0,9,345,12.777777777777779,4,9,6,FALSE,FALSE,TRUE,FALSE,FALSE
2021,3136193,Devin Booker,1,72,67,5,0,1,0,2271,33.8955223880597,67,0,67,TRUE,FALSE,TRUE,FALSE,FALSE
2021,3136195,Karl-Anthony Towns,1,50,50,0,0,0,0,1689,33.78,50,0,50,TRUE,FALSE,TRUE,FALSE,FALSE
2021,3136196,Trey Lyles,1,45,23,22,0,0,21,357,15.521739130434783,7,2,9,FALSE,FALSE,TRUE,FALSE,FALSE
2021,3136485,Edmond Sumner,1,66,52,14,0,0,11,859,16.51923076923077,19,14,21,FALSE,FALSE,TRUE,FALSE,FALSE
2021,3136491,D.J. Wilson,2,68,35,33,0,0,31,436,12.457142857142857,3,8,5,FALSE,FALSE,TRUE,FALSE,FALSE
2021,3136776,D'Angelo Russell,1,43,42,1,0,0,0,1197,28.5,41,0,41,TRUE,FALSE,TRUE,FALSE,FALSE
2021,3136777,Jae'Sean Tate,1,72,70,2,0,0,0,2039,29.12857142857143,68,2,70,FALSE,FALSE,TRUE,FALSE,TRUE
2021,3136779,Keita Bates-Diop,1,48,30,18,0,0,18,245,8.166666666666666,3,5,5,FALSE,FALSE,TRUE,FALSE,FALSE
2021,3136991,Dakota Mathias,1,14,8,6,0,0,6,124,15.5,2,0,2,FALSE,FALSE,TRUE,FALSE,FALSE
2021,3137259,Gabe Vincent,1,66,49,17,0,0,16,659,13.448979591836734,11,9,13,FALSE,FALSE,TRUE,FALSE,FALSE
2021,3137730,Patrick McCaw,1,19,5,14,0,0,5,33,6.6,0,0,0,FALSE,FALSE,TRUE,FALSE,FALSE
2021,3137795,Chris Chiozza,1,46,22,24,0,0,22,233,10.590909090909092,3,4,5,FALSE,FALSE,TRUE,FALSE,FALSE
2021,3138154,Theo Pinson,1,72,17,55,0,0,55,36,2.1176470588235294,0,0,0,FALSE,FALSE,TRUE,FALSE,FALSE
2021,3138156,Justin Jackson,2,58,34,24,0,0,24,577,16.970588235294116,11,7,13,FALSE,FALSE,TRUE,FALSE,FALSE
2021,3138160,Caleb Martin,1,72,53,19,0,0,13,820,15.471698113207546,16,14,18,FALSE,FALSE,TRUE,FALSE,FALSE
2021,3138161,Cody Martin,1,64,51,13,0,0,10,850,16.666666666666668,18,12,20,FALSE,FALSE,TRUE,FALSE,FALSE
2021,3138196,Cameron Johnson,1,60,60,0,0,0,0,1437,23.95,43,16,45,FALSE,FALSE,TRUE,FALSE,FALSE
2021,3147657,Mikal Bridges,1,72,72,0,0,0,0,2353,32.68055555555556,71,0,71,FALSE,FALSE,TRUE,FALSE,TRUE
2021,3149010,Chandler Hutchison,2,51,24,27,0,0,24,347,14.458333333333334,6,6,8,FALSE,FALSE,TRUE,FALSE,FALSE
2021,3149673,Pascal Siakam,1,58,56,2,0,1,1,2006,35.82142857142857,56,0,56,TRUE,TRUE,TRUE,FALSE,FALSE
2021,3150844,Moritz Wagner,3,65,45,20,0,0,17,723,16.066666666666666,17,8,19,FALSE,FALSE,TRUE,FALSE,FALSE
2021,3152335,Keljin Blevins,1,47,17,30,0,0,30,75,4.411764705882353,0,0,0,FALSE,FALSE,TRUE,FALSE,FALSE
2021,3155526,Dillon Brooks,1,68,67,1,0,0,0,1997,29.80597014925373,67,0,67,FALSE,FALSE,TRUE,FALSE,TRUE
2021,3155535,Kevon Looney,1,71,61,10,0,0,0,1163,19.065573770491802,27,15,29,FALSE,FALSE,TRUE,FALSE,FALSE
2021,3155942,Domantas Sabonis,2,64,63,1,0,0,0,2249,35.698412698412696,61,1,62,TRUE,FALSE,TRUE,FALSE,FALSE
2021,3157465,Duncan Robinson,1,72,72,0,0,0,0,2262,31.416666666666668,70,2,72,FALSE,FALSE,TRUE,FALSE,TRUE
2021,3195,Mike Conley,2,52,52,0,0,0,0,1509,29.01923076923077,50,1,51,FALSE,FALSE,TRUE,FALSE,TRUE
2021,3201,Jared Dudley,1,23,12,11,0,0,10,79,6.583333333333333,0,0,0,FALSE,FALSE,TRUE,FALSE,FALSE
2021,3202,Kevin Durant,1,42,35,7,1,0,0,1157,33.05714285714286,32,2,34,TRUE,FALSE,TRUE,FALSE,FALSE
2021,3206,Marc Gasol,1,64,52,12,0,0,12,993,19.096153846153847,25,20,27,FALSE,FALSE,TRUE,FALSE,FALSE
2021,3209,Jeff Green,1,70,68,2,0,0,0,1839,27.044117647058822,57,8,59,FALSE,FALSE,TRUE,FALSE,FALSE
2021,3213,Al Horford,1,33,28,5,0,5,0,782,27.928571428571427,28,0,28,TRUE,FALSE,TRUE,FALSE,FALSE
2021,3244,Thaddeus Young,1,69,68,1,1,0,0,1654,24.323529411764707,59,7,61,FALSE,FALSE,TRUE,FALSE,FALSE
2021,3276,Anthony Tolliver,1,18,11,7,0,0,7,99,9,1,1,2,FALSE,FALSE,TRUE,FALSE,FALSE
2021,3415,D.J. Augustin,2,67,57,10,0,0,2,1129,19.80701754385965,29,20,31,FALSE,FALSE,TRUE,FALSE,FALSE
2021,3416,Nicolas Batum,1,69,67,2,0,0,1,1834,27.37313432835821,62,4,64,FALSE,FALSE,TRUE,FALSE,FALSE
2021,3423,Goran Dragic,1,69,50,19,5,0,0,1337,26.74,47,2,49,TRUE,FALSE,TRUE,FALSE,FALSE
2021,3428,Danilo Gallinari,1,59,51,8,1,0,1,1218,23.88235294117647,41,7,43,FALSE,FALSE,TRUE,FALSE,FALSE
2021,3431,Eric Gordon,1,36,27,9,1,1,0,790,29.25925925925926,26,1,27,FALSE,FALSE,TRUE,FALSE,FALSE
2021,3438,George Hill,2,47,30,17,12,0,0,671,22.366666666666667,20,8,22,FALSE,FALSE,TRUE,FALSE,FALSE
2021,3439,Serge Ibaka,1,42,41,1,0,0,0,955,23.29268292682927,36,4,38,FALSE,FALSE,TRUE,FALSE,FALSE
2021,3442,DeAndre Jordan,1,71,57,14,0,0,14,1245,21.842105263157894,36,14,38,FALSE,FALSE,TRUE,FALSE,FALSE
2021,3447,Robin Lopez,1,71,71,0,0,0,0,1356,19.098591549295776,35,18,37,FALSE,FALSE,TRUE,FALSE,FALSE
2021,3448,Brook Lopez,1,72,70,2,0,0,0,1903,27.185714285714287,64,6,66,FALSE,TRUE,TRUE,FALSE,FALSE
2021,3449,Kevin Love,1,29,25,4,0,0,0,624,24.96,22,0,22,FALSE,FALSE,TRUE,FALSE,FALSE
2021,3452,JaVale McGee,2,70,46,24,0,0,24,678,14.73913043478261,4,18,6,FALSE,FALSE,TRUE,FALSE,FALSE
2021,3456,Derrick Rose,2,51,50,1,0,0,1,1279,25.58,44,5,46,FALSE,FALSE,TRUE,FALSE,FALSE
2021,3468,Russell Westbrook,1,67,65,2,0,1,0,2370,36.46153846153846,65,0,65,TRUE,TRUE,TRUE,FALSE,FALSE
2021,3593,Bojan Bogdanovic,1,72,72,0,0,0,0,2220,30.833333333333332,72,0,72,FALSE,FALSE,TRUE,FALSE,TRUE
2021,3893016,Cedi Osman,1,72,59,13,0,0,9,1511,25.610169491525422,43,12,45,FALSE,FALSE,TRUE,FALSE,FALSE
2021,3893019,Timothe Luwawu-Cabarrot,1,69,58,11,0,0,9,1052,18.137931034482758,29,9,31,FALSE,FALSE,TRUE,FALSE,FALSE
2021,3893059,Anzejs Pasecniks,1,7,1,6,0,0,6,6,6,0,0,0,FALSE,FALSE,TRUE,FALSE,FALSE
2021,3904625,Tacko Fall,1,60,18,42,0,0,41,135,7.5,0,2,2,FALSE,FALSE,TRUE,FALSE,FALSE
2021,3906522,Henry Ellenson,1,4,2,2,0,0,2,38,19,1,1,2,FALSE,FALSE,TRUE,FALSE,FALSE
2021,3906603,Chris Clemons,1,1,0,1,1,0,0,0,0,0,0,0,FALSE,FALSE,TRUE,FALSE,FALSE
2021,3906665,Brandon Clarke,1,66,59,7,2,0,2,1413,23.949152542372882,47,11,49,FALSE,FALSE,TRUE,FALSE,FALSE
2021,3906786,Dylan Windler,1,36,31,5,0,0,2,515,16.612903225806452,12,8,14,FALSE,FALSE,TRUE,FALSE,FALSE
2021,3906977,Devin Cannady,1,9,8,1,0,0,1,74,9.25,1,2,3,FALSE,FALSE,TRUE,FALSE,FALSE
2021,3907358,Quinndary Weatherspoon,1,39,20,19,0,0,19,121,6.05,1,0,1,FALSE,FALSE,TRUE,FALSE,FALSE
2021,3907387,Ben Simmons,1,59,58,1,0,0,0,1878,32.37931034482759,57,1,58,TRUE,TRUE,TRUE,FALSE,FALSE
2021,3907408,Donta Hall,2,17,13,4,0,0,4,179,13.76923076923077,3,5,5,FALSE,FALSE,TRUE,FALSE,FALSE
2021,3907487,Marquese Chriss,1,2,2,0,0,0,0,26,13,0,0,0,FALSE,FALSE,TRUE,FALSE,FALSE
2021,3907497,Dejounte Murray,1,70,67,3,0,1,0,2142,31.970149253731343,65,1,66,FALSE,FALSE,TRUE,FALSE,TRUE
2021,3907498,Matisse Thybulle,1,68,64,4,0,0,0,1297,20.265625,35,24,37,FALSE,FALSE,TRUE,FALSE,FALSE
2021,3907788,Jeremiah Martin,1,11,9,2,0,0,2,75,8.333333333333334,0,1,1,FALSE,FALSE,TRUE,FALSE,FALSE
2021,3907821,Dwayne Bacon,1,72,72,0,0,0,0,1855,25.76388888888889,55,16,57,FALSE,FALSE,TRUE,FALSE,FALSE
2021,3907822,Malik Beasley,1,48,37,11,0,0,1,1213,32.78378378378378,37,0,37,FALSE,FALSE,TRUE,FALSE,FALSE
2021,3907823,Terance Mann,1,71,65,6,0,0,4,1266,19.476923076923075,35,8,37,FALSE,FALSE,TRUE,FALSE,FALSE
2021,3908806,Ray Spalding,1,2,2,0,0,0,0,19,9.5,0,0,0,FALSE,FALSE,TRUE,FALSE,FALSE
2021,3908809,Donovan Mitchell,2,54,54,0,0,0,0,1799,33.31481481481482,54,0,54,TRUE,FALSE,TRUE,FALSE,FALSE
2021,3908819,Rayjon Tucker,1,24,12,12,0,0,10,67,5.583333333333333,0,1,1,FALSE,FALSE,TRUE,FALSE,FALSE
2021,3908845,John Collins,1,63,63,0,0,0,0,1845,29.285714285714285,58,4,60,FALSE,FALSE,TRUE,FALSE,TRUE
2021,3908903,Sean McDermott,1,40,18,22,0,0,22,158,8.777777777777779,2,4,4,FALSE,FALSE,TRUE,FALSE,FALSE
2021,3912292,Jarrell Brantley,1,54,28,26,0,0,26,139,4.964285714285714,1,0,1,FALSE,FALSE,TRUE,FALSE,FALSE
2021,3912295,Grant Riller,1,30,7,23,0,0,23,26,3.7142857142857144,0,0,0,FALSE,FALSE,TRUE,FALSE,FALSE
2021,3912332,Justin Patton,1,20,13,7,0,0,7,246,18.923076923076923,7,1,8,FALSE,FALSE,TRUE,FALSE,FALSE
2021,3912334,Khyri Thomas,1,5,5,0,0,0,0,153,30.6,5,0,5,FALSE,FALSE,TRUE,FALSE,FALSE
2021,3912848,Dean Wade,1,72,63,9,0,0,9,1214,19.26984126984127,29,11,31,FALSE,FALSE,TRUE,FALSE,FALSE
2021,3913174,Luke Kennard,1,71,63,8,0,0,7,1230,19.523809523809526,30,17,32,FALSE,FALSE,TRUE,FALSE,FALSE
2021,3913176,Brandon Ingram,1,62,61,1,1,0,0,2089,34.24590163934426,61,0,61,TRUE,FALSE,TRUE,FALSE,FALSE
2021,3913180,Garrison Mathews,1,69,63,6,0,0,5,1037,16.46031746031746,23,13,25,FALSE,FALSE,TRUE,FALSE,FALSE
2021,3913220,DaQuan Jeffries,2,44,31,13,0,0,13,491,15.838709677419354,8,7,10,FALSE,FALSE,TRUE,FALSE,FALSE
2021,3914044,Landry Shamet,1,66,61,5,0,0,4,1396,22.885245901639344,40,15,42,FALSE,FALSE,TRUE,FALSE,FALSE
2021,3914058,Justin James,1,72,36,36,0,0,35,313,8.694444444444445,3,5,5,FALSE,FALSE,TRUE,FALSE,FALSE
2021,3914283,Chimezie Metu,1,46,35,11,0,0,10,490,14,6,6,8,FALSE,FALSE,TRUE,FALSE,FALSE
2021,3914285,Drew Eubanks,1,62,54,8,0,0,7,757,14.018518518518519,11,11,13,FALSE,FALSE,TRUE,FALSE,FALSE
2021,3915195,Shake Milton,1,66,63,3,1,0,0,1465,23.253968253968253,49,13,51,FALSE,FALSE,TRUE,FALSE,FALSE
2021,3917376,Jaylen Brown,2,59,59,0,0,0,0,2027,34.355932203389834,58,1,59,FALSE,FALSE,TRUE,FALSE,TRUE
2021,3919454,Terence Davis,2,71,61,10,0,0,10,1078,17.672131147540984,22,20,24,FALSE,FALSE,TRUE,FALSE,FALSE
2021,3922230,Aaron Holiday,1,71,66,5,0,0,2,1176,17.818181818181817,26,24,28,FALSE,FALSE,TRUE,FALSE,FALSE
2021,3922235,Robert Franks,1,8,7,1,0,0,1,101,14.428571428571429,0,6,2,FALSE,FALSE,TRUE,FALSE,FALSE
2021,3923250,PJ Dozier,1,50,50,0,0,0,0,1089,21.78,31,15,33,FALSE,FALSE,TRUE,FALSE,FALSE
2021,3923253,Chris Silva,2,46,13,33,1,0,27,92,7.076923076923077,1,1,2,FALSE,FALSE,TRUE,FALSE,FALSE
2021,3928275,Cameron Oliver,1,4,4,0,0,0,0,88,22,2,2,4,FALSE,FALSE,TRUE,FALSE,FALSE
2021,3929321,Gabriel Deck,1,10,10,0,0,0,0,212,21.2,5,5,7,FALSE,FALSE,TRUE,FALSE,FALSE
2021,3929325,Furkan Korkmaz,1,61,55,6,0,0,0,1062,19.30909090909091,25,18,27,FALSE,FALSE,TRUE,FALSE,FALSE
2021,3934672,Jalen Brunson,1,68,68,0,0,0,0,1698,24.970588235294116,50,15,52,FALSE,FALSE,TRUE,FALSE,FALSE
2021,3934673,Donte DiVincenzo,1,69,66,3,0,0,0,1814,27.484848484848484,63,3,65,FALSE,FALSE,TRUE,FALSE,FALSE
2021,3934719,OG Anunoby,1,45,43,2,0,0,0,1435,33.372093023255815,42,0,42,FALSE,FALSE,TRUE,FALSE,TRUE
2021,3934721,Juwan Morgan,1,53,29,24,1,0,23,148,5.103448275862069,2,0,2,FALSE,FALSE,TRUE,FALSE,FALSE
2021,3934723,Thomas Bryant,1,10,10,0,0,0,0,272,27.2,9,0,9,FALSE,FALSE,TRUE,FALSE,FALSE
2021,3936099,Derrick Jones Jr.,1,68,58,10,0,0,8,1319,22.74137931034483,38,12,40,FALSE,FALSE,TRUE,FALSE,FALSE
2021,3936298,Mychal Mulder,1,72,57,15,0,0,12,765,13.421052631578947,10,12,12,FALSE,FALSE,TRUE,FALSE,FALSE
2021,3936299,Jamal Murray,1,49,48,1,0,0,0,1704,35.5,48,0,48,FALSE,FALSE,TRUE,FALSE,TRUE
2021,3943606,Jerome Robinson,1,50,17,33,0,0,33,304,17.88235294117647,9,2,11,FALSE,FALSE,TRUE,FALSE,FALSE
2021,3945274,Luka Doncic,2,69,67,2,1,0,0,2293,34.223880597014926,67,0,67,TRUE,TRUE,TRUE,FALSE,FALSE
2021,3945566,Justin Robinson,1,11,9,2,0,0,2,88,9.777777777777779,1,1,2,FALSE,FALSE,TRUE,FALSE,FALSE
2021,3946974,Devontae Cacok,1,48,20,28,0,0,28,98,4.9,0,1,1,FALSE,FALSE,TRUE,FALSE,FALSE
2021,3947156,Mamadi Diakite,1,37,14,23,0,0,23,139,9.928571428571429,3,0,3,FALSE,FALSE,TRUE,FALSE,FALSE
2021,3948153,Chris Boucher,1,63,60,3,0,0,3,1455,24.25,45,9,47,FALSE,FALSE,TRUE,FALSE,FALSE
2021,3964,Patrick Beverley,1,42,37,5,0,0,0,833,22.513513513513512,27,7,29,FALSE,TRUE,TRUE,FALSE,FALSE
2021,3975,Stephen Curry,2,71,64,7,1,0,1,2174,33.96875,64,0,64,TRUE,FALSE,TRUE,FALSE,FALSE
2021,3978,DeMar DeRozan,1,68,61,7,0,3,0,2056,33.704918032786885,60,1,61,TRUE,FALSE,TRUE,FALSE,FALSE
2021,3981,Wayne Ellington,1,62,45,17,2,3,6,1014,22.533333333333335,32,8,34,FALSE,FALSE,TRUE,FALSE,FALSE
2021,3986,Taj Gibson,1,58,45,13,0,0,13,937,20.822222222222223,26,13,28,FALSE,FALSE,TRUE,FALSE,FALSE
2021,3988,Danny Green,1,70,69,1,1,0,0,1936,28.057971014492754,64,5,66,FALSE,FALSE,TRUE,FALSE,TRUE
2021,3989,Blake Griffin,2,49,46,3,0,0,1,1186,25.782608695652176,37,7,39,TRUE,FALSE,TRUE,FALSE,FALSE
2021,3992,James Harden,3,49,45,4,1,0,0,1640,36.44444444444444,44,0,44,TRUE,TRUE,TRUE,FALSE,FALSE
2021,3995,Jrue Holiday,1,63,59,4,0,0,0,1907,32.32203389830509,57,2,59,FALSE,FALSE,TRUE,FALSE,TRUE
2021,3999,James Johnson,2,62,51,11,0,0,8,1043,20.45098039215686,31,8,33,FALSE,FALSE,TRUE,FALSE,FALSE
2021,4004,Patty Mills,1,71,68,3,0,3,0,1684,24.764705882352942,62,4,64,FALSE,FALSE,TRUE,FALSE,FALSE
2021,4011,Ricky Rubio,1,70,68,2,0,0,0,1770,26.029411764705884,59,9,61,FALSE,FALSE,TRUE,FALSE,FALSE
2021,4015,Jeff Teague,2,66,55,11,0,0,11,951,17.29090909090909,18,18,20,FALSE,FALSE,TRUE,FALSE,FALSE
2021,4017837,Ivica Zubac,1,72,71,1,0,0,0,1609,22.661971830985916,48,19,50,FALSE,FALSE,TRUE,FALSE,FALSE
2021,4017839,Juancho Hernangomez,1,64,52,12,0,0,11,901,17.326923076923077,20,13,22,FALSE,FALSE,TRUE,FALSE,FALSE
2021,4017843,Thon Maker,1,12,8,4,0,0,4,76,9.5,0,1,1,FALSE,FALSE,TRUE,FALSE,FALSE
2021,4023,Garrett Temple,1,58,56,2,0,0,2,1528,27.285714285714285,53,1,54,FALSE,FALSE,TRUE,FALSE,FALSE
2021,4032,Wesley Matthews,1,70,58,12,3,0,9,1134,19.551724137931036,28,17,30,FALSE,FALSE,TRUE,FALSE,FALSE
2021,4065648,Jayson Tatum,2,67,65,2,2,0,0,2307,35.49230769230769,64,1,65,TRUE,TRUE,TRUE,FALSE,FALSE
2021,4065649,Harry Giles III,1,59,38,21,0,0,21,346,9.105263157894736,1,6,3,FALSE,FALSE,TRUE,FALSE,FALSE
2021,4065651,Frank Jackson,1,49,40,9,0,0,9,740,18.5,18,8,20,FALSE,FALSE,TRUE,FALSE,FALSE
2021,4065652,Marques Bolden,1,14,5,9,0,0,8,29,5.8,0,0,0,FALSE,FALSE,TRUE,FALSE,FALSE
2021,4065654,Jonathan Isaac,1,1,0,1,0,0,1,0,0,0,0,0,FALSE,FALSE,TRUE,FALSE,FALSE
2021,4065656,Trent Forrest,1,53,30,23,1,0,22,301,10.033333333333333,6,4,8,FALSE,FALSE,TRUE,FALSE,FALSE
2021,4065660,Mfiondu Kabengele,3,65,39,26,0,0,26,281,7.205128205128205,3,5,5,FALSE,FALSE,TRUE,FALSE,FALSE
2021,4065663,Josh Okogie,1,62,59,3,0,0,1,1197,20.28813559322034,35,13,37,FALSE,FALSE,TRUE,FALSE,FALSE
2021,4065670,Bruce Brown,1,69,65,4,0,0,4,1454,22.369230769230768,48,7,50,FALSE,FALSE,TRUE,FALSE,FALSE
2021,4065673,Tony Bradley,2,71,42,29,0,0,28,686,16.333333333333332,17,10,19,FALSE,FALSE,TRUE,FALSE,FALSE
2021,4065697,Dennis Smith Jr.,2,42,23,19,0,0,16,421,18.304347826086957,8,9,10,FALSE,FALSE,TRUE,FALSE,FALSE
2021,4065730,Kyle Guy,1,57,30,27,0,0,25,235,7.833333333333333,1,4,3,FALSE,FALSE,TRUE,FALSE,FALSE
2021,4065732,De'Andre Hunter,1,24,23,1,0,0,0,678,29.47826086956522,20,1,21,FALSE,FALSE,TRUE,FALSE,FALSE
2021,4065733,Ty Jerome,1,37,33,4,0,0,3,788,23.87878787878788,26,7,28,FALSE,FALSE,TRUE,FALSE,FALSE
2021,4065778,Max Strus,1,65,39,26,0,0,26,508,13.025641025641026,11,5,13,FALSE,FALSE,TRUE,FALSE,FALSE
2021,4065805,Markus Howard,1,65,35,30,0,0,28,205,5.857142857142857,2,1,3,FALSE,FALSE,TRUE,FALSE,FALSE
2021,4065836,Omari Rasulala Spellman,1,1,0,1,0,0,1,0,0,0,0,0,FALSE,FALSE,TRUE,FALSE,FALSE
2021,4066211,Robert Williams III,1,54,52,2,1,0,1,987,18.98076923076923,25,13,27,FALSE,FALSE,TRUE,FALSE,FALSE
2021,4066212,Jordan Bone,1,22,14,8,0,0,8,197,14.071428571428571,4,2,6,FALSE,FALSE,TRUE,FALSE,FALSE
2021,4066218,Grant Williams,1,71,63,8,0,0,8,1138,18.063492063492063,29,17,31,FALSE,FALSE,TRUE,FALSE,FALSE
2021,4066248,Jared Harper,1,52,8,44,0,0,44,15,1.875,0,0,0,FALSE,FALSE,TRUE,FALSE,FALSE
2021,4066259,De'Aaron Fox,1,59,58,1,0,0,0,2038,35.13793103448276,57,0,57,FALSE,FALSE,TRUE,FALSE,TRUE
2021,4066261,Bam Adebayo,1,72,64,8,0,1,0,2141,33.453125,64,0,64,TRUE,TRUE,TRUE,FALSE,FALSE
2021,4066262,Malik Monk,1,57,42,15,0,0,14,880,20.952380952380953,25,7,27,FALSE,FALSE,TRUE,FALSE,FALSE
2021,4066264,Wenyen Gabriel,1,64,21,43,0,0,43,242,11.523809523809524,5,4,7,FALSE,FALSE,TRUE,FALSE,FALSE
2021,4066269,Skylar Mays,1,64,31,33,0,0,31,271,8.741935483870968,2,2,4,FALSE,FALSE,TRUE,FALSE,FALSE
2021,4066297,Josh Jackson,1,65,62,3,2,0,1,1563,25.20967741935484,55,5,57,FALSE,FALSE,TRUE,FALSE,FALSE
2021,4066299,Udoka Azubuike,1,25,15,10,0,0,10,60,4,0,0,0,FALSE,FALSE,TRUE,FALSE,FALSE
2021,4066320,Desmond Bane,1,69,68,1,0,0,0,1520,22.352941176470587,50,16,52,FALSE,FALSE,TRUE,FALSE,FALSE
2021,4066328,Jarrett Allen,2,63,63,0,0,0,0,1865,29.603174603174605,61,2,63,FALSE,TRUE,TRUE,FALSE,TRUE
2021,4066336,Lauri Markkanen,1,52,51,1,0,0,0,1318,25.84313725490196,40,10,42,FALSE,FALSE,TRUE,FALSE,FALSE
2021,4066354,Payton Pritchard,1,66,66,0,0,0,0,1265,19.166666666666668,31,20,33,FALSE,FALSE,TRUE,FALSE,FALSE
2021,4066367,Tyler Cook,2,36,31,5,0,0,4,436,14.064516129032258,10,5,12,FALSE,FALSE,TRUE,FALSE,FALSE
2021,4066372,Kevin Huerter,1,70,69,1,0,0,0,2127,30.82608695652174,68,1,69,FALSE,FALSE,TRUE,FALSE,TRUE
2021,4066382,Cassius Winston,1,45,21,24,0,0,23,98,4.666666666666667,1,1,2,FALSE,FALSE,TRUE,FALSE,FALSE
2021,4066383,Miles Bridges,1,66,66,0,0,0,0,1935,29.318181818181817,63,3,65,FALSE,FALSE,TRUE,FALSE,TRUE
2021,4066387,Amir Coffey,1,51,36,15,0,0,6,394,10.944444444444445,8,2,10,FALSE,FALSE,TRUE,FALSE,FALSE
2021,4066392,Isaiah Roby,1,69,61,8,1,0,3,1428,23.40983606557377,47,7,49,FALSE,FALSE,TRUE,FALSE,FALSE
2021,4066405,Lamar Stevens,1,57,40,17,0,0,17,502,12.55,7,10,9,FALSE,FALSE,TRUE,FALSE,FALSE
2021,4066407,Carsen Edwards,1,68,31,37,0,0,37,275,8.870967741935484,2,3,4,FALSE,FALSE,TRUE,FALSE,FALSE
2021,4066421,Lonzo Ball,1,62,55,7,4,0,0,1746,31.745454545454546,54,1,55,FALSE,FALSE,TRUE,FALSE,TRUE
2021,4066425,T.J. Leaf,1,11,7,4,0,0,4,34,4.857142857142857,0,0,0,FALSE,FALSE,TRUE,FALSE,FALSE
2021,4066436,De'Anthony Melton,1,60,52,8,0,0,2,1043,20.057692307692307,27,18,29,FALSE,FALSE,TRUE,FALSE,FALSE
2021,4066446,Elijah Hughes,1,43,18,25,0,0,25,65,3.611111111111111,0,0,0,FALSE,FALSE,TRUE,FALSE,FALSE
2021,4066450,Armoni Brooks,1,21,20,1,0,0,1,520,26,15,1,16,FALSE,FALSE,TRUE,FALSE,FALSE
2021,4066467,Malik Fitts,1,6,3,3,0,0,3,11,3.6666666666666665,0,0,0,FALSE,FALSE,TRUE,FALSE,FALSE
2021,4066490,Kostas Antetokounmpo,1,31,15,16,0,0,16,56,3.7333333333333334,0,0,0,FALSE,FALSE,TRUE,FALSE,FALSE
2021,4066508,Charlie Brown Jr.,1,12,9,3,0,0,3,151,16.77777777777778,3,2,5,FALSE,FALSE,TRUE,FALSE,FALSE
2021,4066636,Markelle Fultz,1,9,8,1,0,0,1,215,26.875,7,0,7,FALSE,FALSE,TRUE,FALSE,FALSE
2021,4066648,Rui Hachimura,1,57,57,0,0,0,0,1792,31.43859649122807,56,1,57,FALSE,FALSE,TRUE,FALSE,TRUE
2021,4066650,Zach Collins,1,46,0,46,6,0,3,0,0,0,0,0,FALSE,FALSE,TRUE,FALSE,FALSE
2021,4066651,Killian Tillie,1,45,18,27,0,0,27,183,10.166666666666666,2,2,4,FALSE,FALSE,TRUE,FALSE,FALSE
2021,4066668,Malachi Flynn,1,61,47,14,0,0,13,927,19.72340425531915,21,7,23,FALSE,FALSE,TRUE,FALSE,FALSE
2021,4066731,Jalen McDaniels,1,62,47,15,0,0,15,905,19.25531914893617,20,12,22,FALSE,FALSE,TRUE,FALSE,FALSE
2021,4066757,Sam Merrill,1,61,30,31,0,0,31,233,7.766666666666667,4,0,4,FALSE,FALSE,TRUE,FALSE,FALSE
2021,4066790,Anthony Lamb,1,38,23,15,0,0,14,414,18,10,1,11,FALSE,FALSE,TRUE,FALSE,FALSE
2021,4066851,Miye Oni,1,72,54,18,0,0,18,521,9.648148148148149,1,10,3,FALSE,FALSE,TRUE,FALSE,FALSE
2021,4066998,Jalen Harris,1,34,13,21,0,0,12,170,13.076923076923077,4,0,4,FALSE,FALSE,TRUE,FALSE,FALSE
2021,4067045,Alize Johnson,1,25,18,7,0,0,7,186,10.333333333333334,3,2,5,FALSE,FALSE,TRUE,FALSE,FALSE
2021,4067069,Nate Darling,1,28,7,21,0,0,19,26,3.7142857142857144,0,0,0,FALSE,FALSE,TRUE,FALSE,FALSE
2021,4067325,Nathan Knight,1,62,33,29,0,0,29,280,8.484848484848484,3,3,5,FALSE,FALSE,TRUE,FALSE,FALSE
2021,4080610,Hamidou Diallo,2,57,52,5,0,0,2,1226,23.576923076923077,35,15,37,FALSE,FALSE,TRUE,FALSE,FALSE
2021,4222252,Isaiah Hartenstein,2,68,46,22,0,0,14,563,12.23913043478261,7,5,9,FALSE,FALSE,TRUE,FALSE,FALSE
2021,4230546,Terrance Ferguson,1,35,12,23,0,0,21,50,4.166666666666667,0,0,0,FALSE,FALSE,TRUE,FALSE,FALSE
2021,4230547,Frank Ntilikina,1,55,27,28,0,0,22,320,11.851851851851851,4,8,6,FALSE,FALSE,TRUE,FALSE,FALSE
2021,4230548,Rodions Kurucs,3,54,21,33,0,0,30,125,5.9523809523809526,1,1,2,FALSE,FALSE,TRUE,FALSE,FALSE
2021,4230557,Vlatko Cancar,1,72,41,31,0,0,31,282,6.878048780487805,3,4,5,FALSE,FALSE,TRUE,FALSE,FALSE
2021,4237,John Wall,1,53,40,13,2,0,0,1288,32.2,40,0,40,FALSE,FALSE,TRUE,FALSE,TRUE
2021,4237215,Vincent Poirier,1,33,10,23,0,0,21,39,3.9,0,0,0,FALSE,FALSE,TRUE,FALSE,FALSE
2021,4238,Eric Bledsoe,1,71,71,0,0,0,0,2110,29.718309859154928,68,3,70,FALSE,FALSE,TRUE,FALSE,TRUE
2021,4240,Avery Bradley,2,47,27,20,1,0,1,603,22.333333333333332,19,6,21,FALSE,FALSE,TRUE,FALSE,FALSE
2021,4248,Al-Farouq Aminu,2,49,23,26,1,0,23,433,18.82608695652174,13,3,15,FALSE,FALSE,TRUE,FALSE,FALSE
2021,4249,Gordon Hayward,1,48,44,4,0,0,0,1497,34.02272727272727,42,2,44,FALSE,FALSE,TRUE,FALSE,TRUE
2021,4251,Paul George,2,61,55,6,0,1,1,1851,33.654545454545456,55,0,55,TRUE,FALSE,TRUE,FALSE,FALSE
2021,4257,Derrick Favors,1,68,68,0,0,0,0,1037,15.25,4,36,6,FALSE,FALSE,TRUE,FALSE,FALSE
2021,4258,DeMarcus Cousins,2,48,41,7,0,0,4,713,17.390243902439025,14,11,16,FALSE,FALSE,TRUE,FALSE,FALSE
2021,4259,Ed Davis,1,72,22,50,0,0,49,298,13.545454545454545,4,4,6,FALSE,FALSE,TRUE,FALSE,FALSE
2021,4262,Hassan Whiteside,1,54,36,18,0,0,15,549,15.25,8,14,10,FALSE,TRUE,TRUE,FALSE,FALSE
2021,4264,Patrick Patterson,1,67,38,29,0,0,29,583,15.342105263157896,7,11,9,FALSE,FALSE,TRUE,FALSE,FALSE
2021,4269,Nemanja Bjelica,2,68,37,31,0,0,29,600,16.216216216216218,10,10,12,FALSE,FALSE,TRUE,FALSE,FALSE
2021,4277811,Collin Sexton,1,68,60,8,1,0,0,2115,35.25,59,1,60,FALSE,FALSE,TRUE,FALSE,TRUE
2021,4277843,Gary Trent Jr.,2,61,58,3,0,0,3,1805,31.120689655172413,54,2,56,FALSE,FALSE,TRUE,FALSE,TRUE
2021,4277847,Wendell Carter Jr.,2,59,54,5,1,0,0,1375,25.462962962962962,47,6,49,FALSE,FALSE,TRUE,FALSE,FALSE
2021,4277848,Marvin Bagley III,1,45,43,2,0,0,0,1111,25.837209302325583,38,5,40,FALSE,FALSE,TRUE,FALSE,FALSE
2021,4277882,Brian Bowen II,1,27,6,21,0,0,21,15,2.5,0,0,0,FALSE,FALSE,TRUE,FALSE,FALSE
2021,4277883,Jordan Nwora,1,55,30,25,0,0,25,275,9.166666666666666,4,1,5,FALSE,FALSE,TRUE,FALSE,FALSE
2021,4277886,Freddie Gillespie,1,20,20,0,0,0,0,394,19.7,8,5,10,FALSE,FALSE,TRUE,FALSE,FALSE
2021,4277890,Lonnie Walker IV,1,64,60,4,0,0,1,1521,25.35,48,10,50,FALSE,FALSE,TRUE,FALSE,FALSE
2021,4277905,Trae Young,1,66,63,3,0,0,0,2124,33.714285714285715,62,1,63,TRUE,FALSE,TRUE,FALSE,FALSE
2021,4277919,Mo Bamba,1,69,46,23,3,0,16,723,15.717391304347826,15,8,17,FALSE,FALSE,TRUE,FALSE,FALSE
2021,4277928,Jarrett Culver,1,47,34,13,0,0,8,501,14.735294117647058,11,7,13,FALSE,FALSE,TRUE,FALSE,FALSE
2021,4277952,Bruno Fernando,1,72,33,39,0,0,39,228,6.909090909090909,2,2,4,FALSE,FALSE,TRUE,FALSE,FALSE
2021,4277956,Jordan Poole,1,57,51,6,0,0,6,987,19.352941176470587,26,12,28,FALSE,FALSE,TRUE,FALSE,FALSE
2021,4277961,Jaren Jackson Jr.,1,11,11,0,0,0,0,258,23.454545454545453,10,1,11,FALSE,FALSE,TRUE,FALSE,FALSE
2021,4277964,Xavier Tillman,1,70,59,11,0,0,8,1086,18.406779661016948,25,21,27,FALSE,FALSE,TRUE,FALSE,FALSE
2021,4278031,Oshae Brissett,1,26,21,5,0,0,5,521,24.80952380952381,16,0,16,FALSE,FALSE,TRUE,FALSE,FALSE
2021,4278039,Nickeil Alexander-Walker,1,55,46,9,0,0,8,1009,21.934782608695652,28,7,30,FALSE,FALSE,TRUE,FALSE,FALSE
2021,4278049,Daniel Gafford,2,66,54,12,0,0,12,798,14.777777777777779,9,23,11,FALSE,FALSE,TRUE,FALSE,FALSE
2021,4278052,Chuma Okeke,1,50,45,5,0,0,0,1134,25.2,35,10,37,FALSE,FALSE,TRUE,FALSE,FALSE
2021,4278067,Nic Claxton,1,44,32,12,8,0,2,597,18.65625,15,11,17,FALSE,FALSE,TRUE,FALSE,FALSE
2021,4278073,Shai Gilgeous-Alexander,1,42,35,7,0,0,0,1180,33.714285714285715,35,0,35,FALSE,FALSE,TRUE,FALSE,FALSE
2021,4278075,Kevin Knox II,1,72,42,30,0,0,30,465,11.071428571428571,6,10,8,FALSE,FALSE,TRUE,FALSE,FALSE
2021,4278076,Nick Richards,1,62,17,45,0,0,44,60,3.5294117647058822,0,0,0,FALSE,FALSE,TRUE,FALSE,FALSE
2021,4278077,Jarred Vanderbilt,1,72,64,8,0,0,8,1141,17.828125,25,24,27,FALSE,FALSE,TRUE,FALSE,FALSE
2021,4278078,P.J. Washington,1,69,64,5,0,0,0,1955,30.546875,62,1,63,FALSE,FALSE,TRUE,FALSE,TRUE
2021,4278080,Tremont Waters,1,69,25,44,0,0,43,238,9.52,6,0,6,FALSE,FALSE,TRUE,FALSE,FALSE
2021,4278103,Jontay Porter,1,42,11,31,0,0,27,54,4.909090909090909,1,0,1,FALSE,FALSE,TRUE,FALSE,FALSE
2021,4278104,Michael Porter Jr.,1,61,61,0,0,0,0,1918,31.442622950819672,58,3,60,FALSE,FALSE,TRUE,FALSE,TRUE
2021,4278124,Saben Lee,1,59,48,11,0,0,11,780,16.25,17,12,19,FALSE,FALSE,TRUE,FALSE,FALSE
2021,4278129,Deandre Ayton,1,69,69,0,0,0,0,2116,30.666666666666668,68,1,69,FALSE,FALSE,TRUE,FALSE,TRUE
2021,4278355,Obi Toppin,1,62,62,0,0,0,0,685,11.048387096774194,2,12,4,FALSE,FALSE,TRUE,FALSE,FALSE
2021,4278502,Tyler Bey,1,45,18,27,0,0,27,70,3.888888888888889,0,0,0,FALSE,FALSE,TRUE,FALSE,FALSE
2021,4278508,Troy Brown Jr.,2,52,34,18,0,0,18,523,15.382352941176471,9,12,11,FALSE,FALSE,TRUE,FALSE,FALSE
2021,4278521,KZ Okpala,1,61,36,25,0,0,23,443,12.305555555555555,12,3,14,FALSE,FALSE,TRUE,FALSE,FALSE
2021,4278541,Jaylen Nowell,1,59,42,17,0,0,17,760,18.095238095238095,20,10,22,FALSE,FALSE,TRUE,FALSE,FALSE
2021,4278555,Ty-Shon Alexander,1,50,14,36,0,0,35,45,3.2142857142857144,0,0,0,FALSE,FALSE,TRUE,FALSE,FALSE
2021,4278562,Paul Reed,1,46,26,20,0,0,20,179,6.884615384615385,3,0,3,FALSE,FALSE,TRUE,FALSE,FALSE
2021,4278594,Naji Marshall,1,52,32,20,0,0,20,698,21.8125,22,3,24,FALSE,FALSE,TRUE,FALSE,FALSE
2021,4278783,Will Magnay,1,21,1,20,0,0,20,3,3,0,0,0,FALSE,FALSE,TRUE,FALSE,FALSE
2021,4279888,Ja Morant,1,63,63,0,0,0,0,2055,32.61904761904762,62,0,62,FALSE,FALSE,TRUE,FALSE,TRUE
2021,4305,Ish Smith,1,44,44,0,0,0,0,921,20.931818181818183,27,12,29,FALSE,FALSE,TRUE,FALSE,FALSE
2021,4341,Nicolo Melli,2,72,45,27,0,0,27,565,12.555555555555555,9,9,11,FALSE,FALSE,TRUE,FALSE,FALSE
2021,4348697,Isaac Bonga,1,72,38,34,0,0,32,428,11.263157894736842,5,8,7,FALSE,FALSE,TRUE,FALSE,FALSE
2021,4348700,Goga Bitadze,1,54,44,10,0,0,8,563,12.795454545454545,5,11,7,FALSE,FALSE,TRUE,FALSE,FALSE
2021,4349241,Adam Mokoka,1,37,13,24,0,0,23,56,4.3076923076923075,0,1,1,FALSE,FALSE,TRUE,FALSE,FALSE
2021,4351851,Anfernee Simons,1,70,64,6,0,0,6,1102,17.21875,27,12,29,FALSE,FALSE,TRUE,FALSE,FALSE
2021,4351852,Mitchell Robinson,1,31,31,0,0,0,0,852,27.483870967741936,29,1,30,FALSE,FALSE,TRUE,FALSE,FALSE
2021,4376,Boban Marjanovic,1,72,33,39,0,0,39,271,8.212121212121213,2,4,4,FALSE,FALSE,TRUE,FALSE,FALSE
2021,4395625,RJ Barrett,1,72,72,0,0,0,0,2511,34.875,71,1,72,FALSE,FALSE,TRUE,FALSE,TRUE
2021,4395626,Tre Jones,1,65,37,28,0,0,28,269,7.27027027027027,3,3,5,FALSE,FALSE,TRUE,FALSE,FALSE
2021,4395627,Cam Reddish,1,30,26,4,1,0,0,749,28.807692307692307,26,0,26,FALSE,FALSE,TRUE,FALSE,FALSE
2021,4395628,Zion Williamson,2,63,62,1,0,0,0,2040,32.903225806451616,59,2,61,FALSE,FALSE,TRUE,FALSE,TRUE
2021,4395630,Devin Vassell,1,66,61,5,0,0,4,1059,17.360655737704917,27,14,29,FALSE,FALSE,TRUE,FALSE,FALSE
2021,4395651,Coby White,1,69,69,0,0,0,0,2158,31.27536231884058,67,1,68,FALSE,FALSE,TRUE,FALSE,TRUE
2021,4395652,Nassir Little,1,58,48,10,0,0,10,644,13.416666666666666,10,9,12,FALSE,FALSE,TRUE,FALSE,FALSE
2021,4395688,Jaylen Hoard,1,23,19,4,0,0,4,318,16.736842105263158,7,6,9,FALSE,FALSE,TRUE,FALSE,FALSE
2021,4395698,Kira Lewis Jr.,1,69,54,15,0,0,15,907,16.796296296296298,18,22,20,FALSE,FALSE,TRUE,FALSE,FALSE
2021,4395702,Isaiah Joe,1,68,40,28,0,0,27,384,9.6,4,2,6,FALSE,FALSE,TRUE,FALSE,FALSE
2021,4395704,Mason Jones,2,46,32,14,0,0,12,335,10.46875,2,4,4,FALSE,FALSE,TRUE,FALSE,FALSE
2021,4395722,Ashton Hagans,1,5,2,3,0,0,3,4,2,0,0,0,FALSE,FALSE,TRUE,FALSE,FALSE
2021,4395723,Keldon Johnson,1,69,69,0,0,0,0,1971,28.565217391304348,68,0,68,FALSE,FALSE,TRUE,FALSE,TRUE
2021,4395724,Immanuel Quickley,1,64,64,0,0,0,0,1243,19.421875,33,13,35,FALSE,FALSE,TRUE,FALSE,FALSE
2021,4395725,Tyler Herro,1,69,54,15,0,0,0,1631,30.203703703703702,50,3,52,FALSE,FALSE,TRUE,FALSE,TRUE
2021,4396629,Nate Hinton,1,46,20,26,0,0,25,93,4.65,0,0,0,FALSE,FALSE,TRUE,FALSE,FALSE
2021,4396907,Darius Garland,1,62,54,8,0,0,0,1788,33.111111111111114,52,1,53,FALSE,FALSE,TRUE,FALSE,TRUE
2021,4396909,Aaron Nesmith,1,71,46,25,0,0,25,665,14.456521739130435,13,10,15,FALSE,FALSE,TRUE,FALSE,FALSE
2021,4396959,Reggie Perry,1,56,26,30,0,0,30,209,8.038461538461538,2,2,4,FALSE,FALSE,TRUE,FALSE,FALSE
2021,4396961,Robert Woodard II,1,39,13,26,0,0,24,46,3.5384615384615383,0,0,0,FALSE,FALSE,TRUE,FALSE,FALSE
2021,4396971,Naz Reid,1,72,70,2,0,0,0,1349,19.271428571428572,29,26,31,FALSE,FALSE,TRUE,FALSE,FALSE
2021,4396991,Talen Horton-Tucker,1,70,65,5,0,0,4,1301,20.015384615384615,35,17,37,FALSE,FALSE,TRUE,FALSE,FALSE
2021,4396993,Tyrese Haliburton,1,58,58,0,0,0,0,1747,30.120689655172413,56,2,58,FALSE,FALSE,TRUE,FALSE,TRUE
2021,4397008,Romeo Langford,1,22,18,4,0,0,4,285,15.833333333333334,6,3,8,FALSE,FALSE,TRUE,FALSE,FALSE
2021,4397016,Devon Dotson,1,31,11,20,0,0,20,50,4.545454545454546,1,0,1,FALSE,FALSE,TRUE,FALSE,FALSE
2021,4397020,Luguentz Dort,1,56,52,4,0,0,0,1548,29.76923076923077,49,2,51,FALSE,FALSE,TRUE,FALSE,TRUE
2021,4397077,Jaxson Hayes,1,71,60,11,0,0,11,962,16.033333333333335,17,19,19,FALSE,FALSE,TRUE,FALSE,FALSE
2021,4397102,Bol Bol,1,72,32,40,0,0,40,161,5.03125,0,1,1,FALSE,FALSE,TRUE,FALSE,FALSE
2021,4397103,Louis King,1,7,6,1,0,0,1,85,14.166666666666666,2,0,2,FALSE,FALSE,TRUE,FALSE,FALSE
2021,4397126,Moses Brown,1,55,43,12,0,0,12,921,21.41860465116279,28,5,30,FALSE,FALSE,TRUE,FALSE,FALSE
2021,4397136,Saddiq Bey,1,72,70,2,0,0,2,1912,27.314285714285713,58,6,60,FALSE,FALSE,TRUE,FALSE,FALSE
2021,4397140,Kevin Porter Jr.,1,35,26,9,0,0,1,838,32.23076923076923,25,0,25,FALSE,FALSE,TRUE,FALSE,FALSE
2021,4397166,CJ Elleby,1,71,30,41,0,0,39,191,6.366666666666666,1,1,2,FALSE,FALSE,TRUE,FALSE,FALSE
2021,4397189,Jalen Smith,1,58,26,32,0,0,29,154,5.923076923076923,1,1,2,FALSE,FALSE,TRUE,FALSE,FALSE
2021,4397205,Ignas Brazdeikis,3,38,13,25,0,0,25,249,19.153846153846153,8,0,8,FALSE,FALSE,TRUE,FALSE,FALSE
2021,4397215,Daniel Oturu,1,54,28,26,0,0,24,161,5.75,1,0,1,FALSE,FALSE,TRUE,FALSE,FALSE
2021,4401415,Alen Smailagic,1,34,14,20,0,0,19,83,5.928571428571429,1,0,1,FALSE,FALSE,TRUE,FALSE,FALSE
2021,4401416,Juan Toscano-Anderson,1,60,52,8,0,0,5,1109,21.326923076923077,31,7,33,FALSE,FALSE,TRUE,FALSE,FALSE
2021,4407254,Brodric Thomas,2,47,32,15,0,0,15,400,12.5,9,2,11,FALSE,FALSE,TRUE,FALSE,FALSE
2021,4423309,Luka Samanic,1,59,33,26,0,0,23,311,9.424242424242424,3,8,5,FALSE,FALSE,TRUE,FALSE,FALSE
2021,4423314,Sekou Doumbouya,1,65,56,9,0,0,9,867,15.482142857142858,16,12,18,FALSE,FALSE,TRUE,FALSE,FALSE
2021,4423545,Darius Bazley,1,61,55,6,0,0,1,1716,31.2,55,0,55,FALSE,FALSE,TRUE,FALSE,TRUE
2021,4423883,Deividas Sirvydis,1,68,20,48,0,0,48,133,6.65,2,2,4,FALSE,FALSE,TRUE,FALSE,FALSE
2021,4423885,Didi Louzada,1,6,3,3,0,0,3,57,19,1,2,3,FALSE,FALSE,TRUE,FALSE,FALSE
2021,4423887,Jalen Lecque,1,19,4,15,0,0,14,12,3,0,0,0,FALSE,FALSE,TRUE,FALSE,FALSE
2021,4431669,Vernon Carey Jr.,1,54,19,35,0,0,34,116,6.105263157894737,1,1,2,FALSE,FALSE,TRUE,FALSE,FALSE
2021,4431671,Jaden McDaniels,1,70,63,7,0,0,6,1512,24,46,9,48,FALSE,FALSE,TRUE,FALSE,FALSE
2021,4431672,Nico Mannion,1,45,29,16,0,0,15,360,12.413793103448276,6,3,8,FALSE,FALSE,TRUE,FALSE,FALSE
2021,4431678,Tyrese Maxey,1,72,60,12,0,0,10,940,15.666666666666666,20,12,22,FALSE,FALSE,TRUE,FALSE,FALSE
2021,4431679,Precious Achiuwa,1,72,61,11,0,0,11,737,12.081967213114755,7,6,9,FALSE,FALSE,TRUE,FALSE,FALSE
2021,4431680,Onyeka Okongwu,1,58,50,8,1,0,7,599,11.98,5,8,7,FALSE,FALSE,TRUE,FALSE,FALSE
2021,4431686,Cassius Stanley,1,54,24,30,0,0,30,94,3.9166666666666665,0,0,0,FALSE,FALSE,TRUE,FALSE,FALSE
2021,4431687,Patrick Williams,1,71,71,0,0,0,0,1982,27.91549295774648,65,5,67,FALSE,FALSE,TRUE,FALSE,FALSE
2021,4431688,Jahmi'us Ramsey,1,39,13,26,0,0,25,94,7.230769230769231,2,0,2,FALSE,FALSE,TRUE,FALSE,FALSE
2021,4431690,Zeke Nnaji,1,68,41,27,1,0,25,398,9.707317073170731,5,7,7,FALSE,FALSE,TRUE,FALSE,FALSE
2021,4431747,Tyrell Terry,1,24,10,14,0,0,13,57,5.7,0,1,1,FALSE,FALSE,TRUE,FALSE,FALSE
2021,4431828,KJ Martin,1,50,45,5,0,0,5,1067,23.711111111111112,31,7,33,FALSE,FALSE,TRUE,FALSE,FALSE
2021,4432528,Karim Mane,1,31,10,21,0,0,17,89,8.9,1,2,3,FALSE,FALSE,TRUE,FALSE,FALSE
2021,4432808,James Wiseman,1,50,39,11,0,0,0,837,21.46153846153846,23,12,25,FALSE,FALSE,TRUE,FALSE,FALSE
2021,4432809,Cole Anthony,1,51,47,4,0,0,1,1270,27.02127659574468,41,5,43,FALSE,FALSE,TRUE,FALSE,FALSE
2021,4432810,Isaiah Stewart,1,71,68,3,0,0,2,1457,21.426470588235293,44,16,46,FALSE,FALSE,TRUE,FALSE,FALSE
2021,4432811,Josh Green,1,66,38,28,0,0,27,447,11.763157894736842,7,8,9,FALSE,FALSE,TRUE,FALSE,FALSE
2021,4432816,LaMelo Ball,1,51,51,0,0,0,0,1467,28.764705882352942,48,3,50,FALSE,FALSE,TRUE,FALSE,TRUE
2021,4432822,Isaac Okoro,1,67,67,0,0,0,0,2173,32.43283582089552,67,0,67,FALSE,FALSE,TRUE,FALSE,TRUE
2021,4433157,Josh Hall,1,32,21,11,0,0,9,336,16,9,2,11,FALSE,FALSE,TRUE,FALSE,FALSE
2021,4590530,R.J. Hampton,2,64,48,16,0,0,13,891,18.5625,24,8,26,FALSE,FALSE,TRUE,FALSE,FALSE
2021,4594268,Anthony Edwards,1,72,72,0,0,0,0,2311,32.09722222222222,70,2,72,FALSE,FALSE,TRUE,FALSE,TRUE
2021,4683018,Aleksej Pokusevski,1,45,45,0,0,0,0,1087,24.155555555555555,31,6,33,FALSE,FALSE,TRUE,FALSE,FALSE
2021,4683021,Deni Avdija,1,54,54,0,0,0,0,1260,23.333333333333332,39,7,41,FALSE,FALSE,TRUE,FALSE,FALSE
2021,4683023,Jay Scrubb,1,5,4,1,0,0,1,84,21,2,0,2,FALSE,FALSE,TRUE,FALSE,FALSE
2021,4683024,Killian Hayes,1,26,26,0,0,0,0,670,25.76923076923077,22,3,24,FALSE,FALSE,TRUE,FALSE,FALSE
2021,4683027,Theo Maledon,1,71,65,6,0,0,0,1774,27.29230769230769,56,8,58,FALSE,FALSE,TRUE,FALSE,FALSE
2021,6426,Davis Bertans,1,59,57,2,0,0,1,1461,25.63157894736842,51,4,53,FALSE,FALSE,TRUE,FALSE,FALSE
2021,6427,Bismack Biyombo,1,72,65,7,0,0,6,1349,20.753846153846155,42,6,44,FALSE,FALSE,TRUE,FALSE,FALSE
2021,6429,Alec Burks,1,51,49,2,0,0,0,1254,25.591836734693878,42,7,44,FALSE,FALSE,TRUE,FALSE,FALSE
2021,6430,Jimmy Butler III,1,63,52,11,0,0,0,1745,33.55769230769231,50,2,52,TRUE,TRUE,TRUE,FALSE,FALSE
2021,6440,Tobias Harris,1,63,62,1,0,0,0,2018,32.54838709677419,61,1,62,FALSE,FALSE,TRUE,FALSE,TRUE
2021,6442,Kyrie Irving,2,56,55,1,0,0,0,1919,34.89090909090909,55,0,55,TRUE,FALSE,TRUE,FALSE,FALSE
2021,6443,Reggie Jackson,1,71,67,4,0,1,3,1545,23.059701492537314,48,8,50,FALSE,FALSE,TRUE,FALSE,FALSE
2021,6446,Cory Joseph,2,70,63,7,0,0,1,1445,22.936507936507937,40,18,42,FALSE,FALSE,TRUE,FALSE,FALSE
2021,6447,Enes Freedom,1,72,72,0,0,0,0,1760,24.444444444444443,48,18,50,FALSE,FALSE,TRUE,FALSE,FALSE
2021,6450,Kawhi Leonard,2,59,53,6,1,0,1,1791,33.79245283018868,53,0,53,TRUE,TRUE,TRUE,FALSE,FALSE
2021,6460,E'Twaun Moore,1,72,27,45,0,0,45,390,14.444444444444445,5,9,7,FALSE,FALSE,TRUE,FALSE,FALSE
2021,6461,Markieff Morris,1,71,61,10,0,0,9,1201,19.688524590163933,29,16,31,FALSE,FALSE,TRUE,FALSE,FALSE
2021,6462,Marcus Morris Sr.,1,65,57,8,0,2,1,1503,26.36842105263158,53,3,55,FALSE,FALSE,TRUE,FALSE,FALSE
2021,6468,Iman Shumpert,1,6,2,4,0,0,4,11,5.5,0,0,0,FALSE,FALSE,TRUE,FALSE,FALSE
2021,6472,Isaiah Thomas,1,5,3,2,0,0,2,48,16,1,1,2,FALSE,FALSE,TRUE,FALSE,FALSE
2021,6474,Tristan Thompson,1,54,54,0,0,0,0,1288,23.85185185185185,43,11,45,FALSE,FALSE,TRUE,FALSE,FALSE
2021,6477,Jonas Valanciunas,1,67,62,5,0,0,0,1758,28.35483870967742,60,0,60,FALSE,FALSE,TRUE,FALSE,TRUE
2021,6478,Nikola Vucevic,3,72,71,1,0,0,0,2360,33.23943661971831,70,0,70,TRUE,FALSE,TRUE,FALSE,FALSE
2021,6479,Kemba Walker,1,43,43,0,0,0,0,1369,31.837209302325583,43,0,43,TRUE,FALSE,TRUE,FALSE,FALSE
2021,6507,Brad Wanamaker,2,73,61,12,0,0,12,1054,17.278688524590162,19,21,21,FALSE,FALSE,TRUE,FALSE,FALSE
2021,6578,Harrison Barnes,1,59,58,1,0,0,0,2102,36.241379310344826,58,0,58,FALSE,FALSE,TRUE,FALSE,TRUE
2021,6579,Will Barton,1,56,56,0,0,0,0,1737,31.017857142857142,55,0,55,FALSE,FALSE,TRUE,FALSE,TRUE
2021,6580,Bradley Beal,2,66,61,5,0,1,0,2175,35.65573770491803,61,0,61,TRUE,FALSE,TRUE,FALSE,FALSE
2021,6581,Jae Crowder,1,72,60,12,1,0,0,1652,27.533333333333335,53,5,55,FALSE,FALSE,TRUE,FALSE,FALSE
2021,6583,Anthony Davis,1,36,36,0,0,0,0,1161,32.25,33,1,34,TRUE,TRUE,TRUE,FALSE,FALSE
2021,6585,Andre Drummond,2,50,46,4,1,2,0,1241,26.97826086956522,42,3,44,TRUE,TRUE,TRUE,FALSE,FALSE
2021,6588,Evan Fournier,2,57,42,15,2,0,1,1260,30,41,0,41,FALSE,FALSE,TRUE,FALSE,TRUE
2021,6589,Draymond Green,1,67,63,4,1,0,0,1982,31.46031746031746,60,2,62,TRUE,FALSE,TRUE,FALSE,FALSE
2021,6591,Maurice Harkless,2,69,36,33,0,0,21,773,21.47222222222222,22,1,23,FALSE,FALSE,TRUE,FALSE,FALSE
2021,6603,Jeremy Lamb,1,38,36,2,0,0,0,763,21.194444444444443,18,13,20,FALSE,FALSE,TRUE,FALSE,FALSE
2021,6605,Meyers Leonard,1,16,3,13,0,0,5,30,10,1,0,1,FALSE,FALSE,TRUE,FALSE,FALSE
2021,6606,Damian Lillard,2,71,68,3,0,0,0,2418,35.55882352941177,68,0,68,TRUE,TRUE,TRUE,FALSE,FALSE
2021,6609,Khris Middleton,1,70,68,2,1,0,0,2266,33.3235294117647,68,0,68,TRUE,FALSE,TRUE,FALSE,FALSE
2021,6610,Darius Miller,1,51,17,34,0,0,31,198,11.647058823529411,1,2,3,FALSE,FALSE,TRUE,FALSE,FALSE
2021,6617,Austin Rivers,2,45,36,9,0,0,9,842,23.38888888888889,24,8,26,FALSE,FALSE,TRUE,FALSE,FALSE
2021,6619,Terrence Ross,1,68,46,22,1,0,2,1345,29.23913043478261,45,1,46,FALSE,FALSE,TRUE,FALSE,TRUE
2021,6621,Tomas Satoransky,1,59,58,1,0,0,1,1310,22.586206896551722,42,8,44,FALSE,FALSE,TRUE,FALSE,FALSE
2021,6622,Mike Scott,1,58,50,8,3,0,4,841,16.82,15,18,17,FALSE,FALSE,TRUE,FALSE,FALSE
2021,6637,Kent Bazemore,1,69,67,2,0,0,2,1334,19.91044776119403,29,18,31,FALSE,FALSE,TRUE,FALSE,FALSE
2022,1007,Joe Johnson,1,5,1,4,0,0,4,2,2,0,0,0,FALSE,FALSE,FALSE,FALSE,FALSE
2022,1966,LeBron James,2,61,57,4,0,0,0,2121,37.21052631578947,57,0,57,TRUE,TRUE,FALSE,FALSE,FALSE
2022,1975,Carmelo Anthony,1,70,69,1,1,0,0,1800,26.08695652173913,60,7,62,FALSE,FALSE,FALSE,FALSE,FALSE
2022,2184,Udonis Haslem,1,76,13,63,0,0,61,83,6.384615384615385,1,0,1,FALSE,FALSE,FALSE,FALSE,FALSE
2022,2284101,Justin Holiday,2,74,74,0,0,0,0,2054,27.756756756756758,68,3,70,FALSE,FALSE,FALSE,FALSE,FALSE
2022,2326307,Seth Curry,2,76,64,12,1,0,0,2134,33.34375,63,0,63,FALSE,FALSE,FALSE,FALSE,TRUE
2022,2327577,JaMychal Green,1,71,67,4,0,0,4,1087,16.223880597014926,16,25,18,FALSE,FALSE,FALSE,FALSE,FALSE
2022,2328418,Scotty Hopson,1,4,1,3,0,0,3,18,18,0,1,1,FALSE,FALSE,FALSE,FALSE,FALSE
2022,2384,Dwight Howard,1,77,60,17,1,0,13,969,16.15,19,13,21,FALSE,FALSE,FALSE,FALSE,FALSE
2022,2386,Andre Iguodala,1,40,31,9,2,0,0,602,19.419354838709676,16,10,18,FALSE,FALSE,FALSE,FALSE,FALSE
2022,2426,Trevor Ariza,1,46,24,22,0,0,22,461,19.208333333333332,11,9,13,FALSE,FALSE,FALSE,FALSE,FALSE
2022,2451037,Daniel Theis,2,75,47,28,0,0,28,978,20.80851063829787,27,12,29,FALSE,FALSE,FALSE,FALSE,FALSE
2022,2488653,Mason Plumlee,1,73,73,0,0,0,0,1790,24.52054794520548,59,13,61,FALSE,FALSE,FALSE,FALSE,FALSE
2022,2488826,Rodney McGruder,1,74,51,23,0,0,20,752,14.745098039215685,17,10,19,FALSE,FALSE,FALSE,FALSE,FALSE
2022,2488945,Tim Frazier,2,15,12,3,0,0,3,207,17.25,4,4,6,FALSE,FALSE,FALSE,FALSE,FALSE
2022,2488958,Solomon Hill,1,24,13,11,0,0,11,139,10.692307692307692,1,1,2,FALSE,FALSE,FALSE,FALSE,FALSE
2022,2489663,Kelly Olynyk,1,49,40,9,0,1,3,763,19.075,15,20,17,FALSE,FALSE,FALSE,FALSE,FALSE
2022,2490089,Mike Muscala,1,47,43,4,0,0,3,591,13.744186046511627,4,13,6,FALSE,FALSE,FALSE,FALSE,FALSE
2022,2490149,CJ McCollum,2,62,62,0,0,0,0,2143,34.564516129032256,61,0,61,FALSE,FALSE,FALSE,FALSE,TRUE
2022,2490620,Robert Covington,2,71,71,0,0,0,0,1937,27.281690140845072,61,6,63,FALSE,FALSE,FALSE,FALSE,FALSE
2022,2527963,Victor Oladipo,1,13,8,5,0,0,5,174,21.75,4,4,6,FALSE,FALSE,FALSE,FALSE,FALSE
2022,2528210,Tim Hardaway Jr.,1,42,42,0,0,0,0,1245,29.642857142857142,41,0,41,FALSE,FALSE,FALSE,FALSE,TRUE
2022,2528353,Tony Snell,2,75,53,22,0,0,22,826,15.584905660377359,15,10,17,FALSE,FALSE,FALSE,FALSE,FALSE
2022,2528426,Jordan Clarkson,1,81,79,2,0,0,0,2145,27.151898734177216,77,2,79,FALSE,FALSE,FALSE,FALSE,FALSE
2022,2528588,Doug McDermott,1,51,51,0,0,0,0,1222,23.96078431372549,43,6,45,FALSE,FALSE,FALSE,FALSE,FALSE
2022,2528693,Torrey Craig,2,81,78,3,1,0,2,1598,20.487179487179485,45,13,47,FALSE,FALSE,FALSE,FALSE,FALSE
2022,2528779,Reggie Bullock Jr.,1,68,68,0,0,0,0,1901,27.955882352941178,59,8,61,FALSE,FALSE,FALSE,FALSE,FALSE
2022,2528794,Joe Harris,1,14,14,0,0,0,0,423,30.214285714285715,13,0,13,FALSE,FALSE,FALSE,FALSE,FALSE
2022,2530276,Tyler Johnson,2,9,6,3,0,0,3,91,15.166666666666666,1,2,3,FALSE,FALSE,FALSE,FALSE,FALSE
2022,2530530,T.J. McConnell,1,28,27,1,1,0,0,651,24.11111111111111,21,5,23,FALSE,FALSE,FALSE,FALSE,FALSE
2022,2530572,Langston Galloway,2,8,7,1,0,0,1,108,15.428571428571429,2,1,3,FALSE,FALSE,FALSE,FALSE,FALSE
2022,2530923,Alfonzo McKinnie,1,28,17,11,0,0,11,204,12,4,3,6,FALSE,FALSE,FALSE,FALSE,FALSE
2022,2531367,Dwight Powell,1,82,82,0,0,0,0,1800,21.951219512195124,61,10,63,FALSE,FALSE,FALSE,FALSE,FALSE
2022,2534781,Gorgui Dieng,1,75,44,31,0,0,31,374,8.5,4,4,6,FALSE,FALSE,FALSE,FALSE,FALSE
2022,2566769,Malcolm Brogdon,1,46,36,10,2,4,1,1204,33.44444444444444,34,1,35,FALSE,FALSE,FALSE,FALSE,FALSE
2022,2578185,Dorian Finney-Smith,1,81,80,1,0,0,0,2644,33.05,79,1,80,FALSE,FALSE,FALSE,FALSE,TRUE
2022,2578213,Ben McLemore,1,80,64,16,0,0,16,1285,20.078125,36,15,38,FALSE,FALSE,FALSE,FALSE,FALSE
2022,2578239,Pat Connaughton,1,66,65,1,0,0,1,1691,26.015384615384615,58,7,60,FALSE,FALSE,FALSE,FALSE,FALSE
2022,2578240,Khem Birch,1,57,55,2,0,0,0,991,18.01818181818182,24,16,26,FALSE,FALSE,FALSE,FALSE,FALSE
2022,2579258,Cody Zeller,1,29,27,2,1,0,1,356,13.185185185185185,2,7,4,FALSE,FALSE,FALSE,FALSE,FALSE
2022,2579260,Trey Burke,1,65,42,23,1,0,20,443,10.547619047619047,6,8,8,FALSE,FALSE,FALSE,FALSE,FALSE
2022,2579294,Frank Kaminsky,1,13,9,4,0,0,4,182,20.22222222222222,6,0,6,FALSE,FALSE,FALSE,FALSE,FALSE
2022,2579321,James Ennis III,3,12,7,5,0,0,5,55,7.857142857142857,0,1,1,FALSE,FALSE,FALSE,FALSE,FALSE
2022,2580365,Larry Nance Jr.,2,47,46,1,0,0,0,1040,22.608695652173914,30,15,32,FALSE,FALSE,FALSE,FALSE,FALSE
2022,2580782,Spencer Dinwiddie,2,67,67,0,0,0,0,1977,29.507462686567163,65,2,67,FALSE,FALSE,FALSE,FALSE,TRUE
2022,2580913,Dewayne Dedmon,1,69,67,2,0,0,2,1065,15.895522388059701,12,25,14,FALSE,FALSE,FALSE,FALSE,FALSE
2022,2581018,Kentavious Caldwell-Pope,1,77,77,0,0,0,0,2329,30.246753246753247,77,0,77,FALSE,TRUE,FALSE,FALSE,TRUE
2022,2581177,Rodney Hood,2,77,52,25,0,0,24,710,13.653846153846153,11,10,13,FALSE,FALSE,FALSE,FALSE,FALSE
2022,2581184,Anthony Gill,1,70,44,26,0,0,25,463,10.522727272727273,6,8,8,FALSE,FALSE,FALSE,FALSE,FALSE
2022,2581190,Josh Richardson,2,67,65,2,0,0,2,1599,24.6,48,13,50,FALSE,FALSE,FALSE,FALSE,FALSE
2022,2583632,Royce O'Neale,1,79,77,2,0,0,0,2402,31.194805194805195,77,0,77,FALSE,FALSE,FALSE,FALSE,TRUE
2022,2583639,Elfrid Payton,1,82,50,32,0,0,31,554,11.08,4,7,6,FALSE,FALSE,FALSE,FALSE,FALSE
2022,2583962,Kevin Pangos,1,55,24,31,0,0,31,167,6.958333333333333,3,1,4,FALSE,FALSE,FALSE,FALSE,FALSE
2022,2594922,Otto Porter Jr.,1,69,63,6,2,0,0,1396,22.158730158730158,41,20,43,FALSE,FALSE,FALSE,FALSE,FALSE
2022,2595209,Damion Lee,1,72,63,9,0,0,9,1257,19.952380952380953,32,15,34,FALSE,FALSE,FALSE,FALSE,FALSE
2022,2595435,Abdel Nader,1,24,14,10,8,0,1,146,10.428571428571429,0,2,2,FALSE,FALSE,FALSE,FALSE,FALSE
2022,2595516,Norman Powell,2,46,45,1,0,0,0,1458,32.4,44,0,44,FALSE,FALSE,FALSE,FALSE,TRUE
2022,2596107,Alex Len,1,73,39,34,1,0,32,623,15.974358974358974,11,13,13,FALSE,FALSE,FALSE,FALSE,FALSE
2022,2596112,Javonte Green,1,65,65,0,0,0,0,1520,23.384615384615383,46,13,48,FALSE,FALSE,FALSE,FALSE,FALSE
2022,2596247,Keifer Sykes,1,46,30,16,0,0,14,568,18.933333333333334,13,6,15,FALSE,FALSE,FALSE,FALSE,FALSE
2022,2608892,Norvel Pelle,2,9,3,6,0,0,6,19,6.333333333333333,0,0,0,FALSE,FALSE,FALSE,FALSE,FALSE
2022,2767,Ersan Ilyasova,1,2,0,2,0,0,2,0,0,0,0,0,FALSE,FALSE,FALSE,FALSE,FALSE
2022,2778,CJ Miles,1,2,1,1,0,0,1,2,2,0,0,0,FALSE,FALSE,FALSE,FALSE,FALSE
2022,2779,Chris Paul,2,68,66,2,2,0,0,2142,32.45454545454545,64,1,65,TRUE,TRUE,FALSE,FALSE,FALSE
2022,2799,Lou Williams,1,64,56,8,0,0,7,804,14.357142857142858,1,24,3,FALSE,FALSE,FALSE,FALSE,FALSE
2022,2960236,Maxi Kleber,1,62,59,3,0,0,0,1449,24.559322033898304,45,10,47,FALSE,FALSE,FALSE,FALSE,FALSE
2022,2968334,Facundo Campazzo,1,81,64,17,0,0,16,1186,18.53125,32,14,34,FALSE,FALSE,FALSE,FALSE,FALSE
2022,2968361,Raul Neto,1,76,70,6,0,0,6,1369,19.557142857142857,38,18,40,FALSE,FALSE,FALSE,FALSE,FALSE
2022,2968436,Joe Ingles,1,46,45,1,0,0,0,1121,24.91111111111111,42,0,42,FALSE,FALSE,FALSE,FALSE,FALSE
2022,2982268,Jake Layman,1,82,34,48,0,0,48,230,6.764705882352941,2,2,4,FALSE,FALSE,FALSE,FALSE,FALSE
2022,2982340,Justin Anderson,2,17,16,1,0,0,1,316,19.75,7,2,9,FALSE,FALSE,FALSE,FALSE,FALSE
2022,2983,LaMarcus Aldridge,1,53,47,6,0,0,6,1050,22.340425531914892,33,10,35,TRUE,FALSE,FALSE,FALSE,FALSE
2022,2990962,Taurean Prince,1,76,69,7,0,0,7,1175,17.028985507246375,31,15,33,FALSE,FALSE,FALSE,FALSE,FALSE
2022,2990969,Georges Niang,1,77,76,1,1,0,0,1734,22.81578947368421,46,27,48,FALSE,FALSE,FALSE,FALSE,FALSE
2022,2990984,Buddy Hield,2,81,81,0,0,0,0,2496,30.814814814814813,79,2,81,FALSE,FALSE,FALSE,FALSE,TRUE
2022,2990992,Marcus Smart,1,71,71,0,0,0,0,2295,32.32394366197183,70,0,70,FALSE,FALSE,FALSE,FALSE,TRUE
2022,2991011,Gabe York,1,2,2,0,0,0,0,21,10.5,0,1,1,FALSE,FALSE,FALSE,FALSE,FALSE
2022,2991042,Nik Stauskas,2,14,8,6,0,0,6,39,4.875,0,0,0,FALSE,FALSE,FALSE,FALSE,FALSE
2022,2991043,Caris LeVert,2,58,58,0,0,0,0,1782,30.724137931034484,54,4,56,FALSE,FALSE,FALSE,FALSE,TRUE
2022,2991047,Ryan Arcidiacono,1,25,10,15,0,0,15,76,7.6,2,0,2,FALSE,FALSE,FALSE,FALSE,FALSE
2022,2991055,Montrezl Harrell,2,72,71,1,0,0,1,1638,23.070422535211268,55,13,57,FALSE,FALSE,FALSE,FALSE,FALSE
2022,2991070,Jerami Grant,1,50,47,3,0,0,0,1499,31.893617021276597,46,0,46,FALSE,FALSE,FALSE,FALSE,TRUE
2022,2991139,Kris Dunn,1,15,14,1,0,0,0,338,24.142857142857142,13,1,14,FALSE,FALSE,FALSE,FALSE,FALSE
2022,2991149,Damyean Dotson,1,8,2,6,0,0,6,20,10,0,1,1,FALSE,FALSE,FALSE,FALSE,FALSE
2022,2991155,Danuel House Jr.,3,49,42,7,0,0,4,730,17.38095238095238,14,15,16,FALSE,FALSE,FALSE,FALSE,FALSE
2022,2991184,Sam Dekker,1,10,1,9,0,0,9,1,1,0,0,0,FALSE,FALSE,FALSE,FALSE,FALSE
2022,2991230,Fred VanVleet,2,68,66,2,0,0,0,2471,37.43939393939394,64,1,65,FALSE,FALSE,FALSE,FALSE,TRUE
2022,2991235,Steven Adams,1,76,76,0,0,0,0,1997,26.276315789473685,70,6,72,FALSE,FALSE,FALSE,FALSE,FALSE
2022,2991274,Shaquille Harrison,2,8,2,6,0,0,6,22,11,1,0,1,FALSE,FALSE,FALSE,FALSE,FALSE
2022,2991280,Nerlens Noel,1,31,25,6,0,0,5,559,22.36,16,6,18,FALSE,FALSE,FALSE,FALSE,FALSE
2022,2991282,Willie Cauley-Stein,2,22,20,2,0,0,1,183,9.15,0,2,2,FALSE,FALSE,FALSE,FALSE,FALSE
2022,2991312,Craig Sword,1,5,3,2,0,0,2,19,6.333333333333333,0,0,0,FALSE,FALSE,FALSE,FALSE,FALSE
2022,2991350,Alex Caruso,1,42,41,1,0,0,0,1147,27.975609756097562,39,0,39,FALSE,FALSE,FALSE,FALSE,FALSE
2022,2993370,Richaun Holmes,1,51,45,6,1,0,0,1077,23.933333333333334,32,7,34,FALSE,FALSE,FALSE,FALSE,FALSE
2022,2993874,Kyle Anderson,1,69,69,0,0,0,0,1482,21.47826086956522,44,21,46,FALSE,FALSE,FALSE,FALSE,FALSE
2022,2994526,Bryn Forbes,2,83,75,8,0,0,8,1284,17.12,28,21,30,FALSE,FALSE,FALSE,FALSE,FALSE
2022,2999409,Willy Hernangomez,1,78,49,29,0,0,28,842,17.183673469387756,18,13,20,FALSE,FALSE,FALSE,FALSE,FALSE
2022,2999547,Gary Harris,1,79,61,18,0,0,12,1733,28.40983606557377,52,7,54,FALSE,FALSE,FALSE,FALSE,TRUE
2022,2999549,Denzel Valentine,2,39,24,15,0,0,15,224,9.333333333333334,5,1,6,FALSE,FALSE,FALSE,FALSE,FALSE
2022,3002137,Tyrone Wallace,1,9,6,3,0,0,3,75,12.5,1,2,3,FALSE,FALSE,FALSE,FALSE,FALSE
2022,3005,Rudy Gay,1,59,55,4,0,0,3,1037,18.854545454545455,19,27,21,FALSE,FALSE,FALSE,FALSE,FALSE
2022,3012,Kyle Lowry,1,64,63,1,0,0,0,2130,33.80952380952381,62,1,63,TRUE,FALSE,FALSE,FALSE,FALSE
2022,3015,Paul Millsap,2,57,33,24,0,0,24,375,11.363636363636363,1,8,3,FALSE,FALSE,FALSE,FALSE,FALSE
2022,3026,Rajon Rondo,2,55,39,16,0,0,15,699,17.923076923076923,15,11,17,FALSE,FALSE,FALSE,FALSE,FALSE
2022,3032976,Rudy Gobert,2,69,67,2,0,0,0,2132,31.82089552238806,66,0,66,TRUE,TRUE,FALSE,FALSE,FALSE
2022,3032977,Giannis Antetokounmpo,2,69,68,1,0,0,0,2234,32.85294117647059,68,0,68,TRUE,TRUE,FALSE,FALSE,FALSE
2022,3032979,Dennis Schroder,2,65,64,1,0,0,0,1836,28.6875,56,8,58,FALSE,FALSE,FALSE,FALSE,TRUE
2022,3033,P.J. Tucker,1,75,71,4,3,0,0,1985,27.95774647887324,66,4,68,FALSE,FALSE,FALSE,FALSE,FALSE
2022,3037789,Bogdan Bogdanovic,1,65,63,2,0,0,0,1850,29.365079365079364,62,0,62,FALSE,FALSE,FALSE,FALSE,TRUE
2022,3056245,Malcolm Hill,2,36,19,17,0,0,17,214,11.263157894736842,3,5,5,FALSE,FALSE,FALSE,FALSE,FALSE
2022,3056247,Kendrick Nunn,1,5,0,5,1,0,0,0,0,0,0,0,FALSE,FALSE,FALSE,FALSE,FALSE
2022,3056273,Derrick Walton Jr.,1,3,3,0,0,0,0,108,36,3,0,3,FALSE,FALSE,FALSE,FALSE,FALSE
2022,3056600,Jabari Parker,1,33,12,21,0,0,21,111,9.25,0,2,2,FALSE,FALSE,FALSE,FALSE,FALSE
2022,3056602,Semi Ojeleye,2,51,29,22,0,0,21,407,14.03448275862069,7,5,9,FALSE,FALSE,FALSE,FALSE,FALSE
2022,3057187,Sterling Brown,1,55,49,6,0,0,6,630,12.857142857142858,6,13,8,FALSE,FALSE,FALSE,FALSE,FALSE
2022,3057198,Brandon Goodwin,1,46,36,10,0,0,10,501,13.916666666666666,8,3,10,FALSE,FALSE,FALSE,FALSE,FALSE
2022,3058030,Paul Watson,1,30,9,21,0,0,20,156,17.333333333333332,4,1,5,FALSE,FALSE,FALSE,FALSE,FALSE
2022,3058254,Christian Wood,1,69,68,1,1,0,0,2093,30.779411764705884,66,0,66,FALSE,FALSE,FALSE,FALSE,TRUE
2022,3059262,Davon Reed,1,59,45,14,0,0,11,668,14.844444444444445,14,8,16,FALSE,FALSE,FALSE,FALSE,FALSE
2022,3059266,Cat Barber,1,4,3,1,0,0,1,13,4.333333333333333,0,0,0,FALSE,FALSE,FALSE,FALSE,FALSE
2022,3059280,BJ Johnson,1,4,4,0,0,0,0,64,16,2,1,3,FALSE,FALSE,FALSE,FALSE,FALSE
2022,3059307,Ish Wainright,1,73,44,29,0,0,27,360,8.181818181818182,3,3,5,FALSE,FALSE,FALSE,FALSE,FALSE
2022,3059310,Monte Morris,1,75,75,0,0,0,0,2237,29.826666666666668,75,0,75,FALSE,FALSE,FALSE,FALSE,TRUE
2022,3059311,Matt Thomas,1,75,39,36,0,0,33,455,11.666666666666666,6,8,8,FALSE,FALSE,FALSE,FALSE,FALSE
2022,3059318,Joel Embiid,2,71,69,2,0,0,0,2328,33.73913043478261,69,0,69,TRUE,TRUE,FALSE,FALSE,FALSE
2022,3059319,Andrew Wiggins,2,75,74,1,0,0,0,2349,31.743243243243242,73,1,74,FALSE,FALSE,FALSE,FALSE,TRUE
2022,3062667,DeAndre' Bembry,2,62,55,7,0,0,1,1028,18.69090909090909,24,16,26,FALSE,FALSE,FALSE,FALSE,FALSE
2022,3062679,Josh Hart,2,58,54,4,0,1,0,1791,33.166666666666664,52,1,53,FALSE,FALSE,FALSE,FALSE,TRUE
2022,3062744,David Nwaba,1,82,46,36,0,0,36,607,13.195652173913043,9,10,11,FALSE,FALSE,FALSE,FALSE,FALSE
2022,3062842,Paris Bass,1,4,2,2,0,0,2,7,3.5,0,0,0,FALSE,FALSE,FALSE,FALSE,FALSE
2022,3064230,Cameron Payne,1,69,58,11,2,0,0,1277,22.017241379310345,36,16,38,FALSE,FALSE,FALSE,FALSE,FALSE
2022,3064290,Aaron Gordon,1,75,75,0,0,0,0,2372,31.626666666666665,75,0,75,FALSE,FALSE,FALSE,FALSE,TRUE
2022,3064320,George King,1,5,4,1,0,0,1,19,4.75,0,0,0,FALSE,FALSE,FALSE,FALSE,FALSE
2022,3064427,Jordan Bell,1,4,1,3,0,0,3,2,2,0,0,0,FALSE,FALSE,FALSE,FALSE,FALSE
2022,3064440,Zach LaVine,2,68,68,0,0,0,0,2338,34.38235294117647,66,0,66,TRUE,FALSE,FALSE,FALSE,FALSE
2022,3064447,Delon Wright,1,79,77,2,0,0,2,1457,18.92207792207792,27,30,29,FALSE,FALSE,FALSE,FALSE,FALSE
2022,3064482,Bobby Portis,1,73,72,1,0,0,0,2027,28.15277777777778,69,2,71,FALSE,FALSE,FALSE,FALSE,TRUE
2022,3064514,Julius Randle,1,73,72,1,0,0,0,2543,35.31944444444444,72,0,72,TRUE,TRUE,FALSE,FALSE,FALSE
2022,3064539,Sindarius Thornwell,1,1,0,1,0,0,1,0,0,0,0,0,FALSE,FALSE,FALSE,FALSE,FALSE
2022,3064559,Damian Jones,1,78,56,22,0,0,22,1016,18.142857142857142,24,13,26,FALSE,FALSE,FALSE,FALSE,FALSE
2022,3064560,Luke Kornet,3,32,15,17,0,0,17,103,6.866666666666666,0,2,2,FALSE,FALSE,FALSE,FALSE,FALSE
2022,3074213,Omer Yurtseven,1,78,55,23,0,0,22,706,12.836363636363636,16,5,18,FALSE,FALSE,FALSE,FALSE,FALSE
2022,3074752,Terry Rozier,1,75,73,2,0,0,0,2456,33.64383561643836,73,0,73,FALSE,FALSE,FALSE,FALSE,TRUE
2022,3074797,Wes Iwundu,1,3,3,0,0,0,0,82,27.333333333333332,2,1,3,FALSE,FALSE,FALSE,FALSE,FALSE
2022,3078576,Derrick White,2,75,75,0,0,0,0,2203,29.373333333333335,74,1,75,FALSE,FALSE,FALSE,FALSE,TRUE
2022,3102529,Clint Capela,1,74,74,0,0,0,0,2043,27.60810810810811,71,3,73,FALSE,TRUE,FALSE,FALSE,FALSE
2022,3102530,Jusuf Nurkic,1,57,56,1,0,0,0,1579,28.196428571428573,53,3,55,FALSE,FALSE,FALSE,FALSE,TRUE
2022,3102531,Kristaps Porzingis,2,53,51,2,0,0,0,1479,29,50,0,50,FALSE,FALSE,FALSE,FALSE,TRUE
2022,3102533,Thanasis Antetokounmpo,1,80,45,35,0,0,31,472,10.488888888888889,7,5,9,FALSE,FALSE,FALSE,FALSE,FALSE
2022,3112335,Nikola Jokic,2,76,75,1,0,0,0,2495,33.266666666666666,74,1,75,TRUE,TRUE,FALSE,FALSE,FALSE
2022,3132042,Gary Clark,1,58,38,20,0,0,20,380,10,3,6,5,FALSE,FALSE,FALSE,FALSE,FALSE
2022,3133596,Kelan Martin,2,37,30,7,0,0,7,448,14.933333333333334,10,7,12,FALSE,FALSE,FALSE,FALSE,FALSE
2022,3133601,Devonte' Graham,1,78,76,2,0,0,0,2164,28.473684210526315,68,7,70,FALSE,FALSE,FALSE,FALSE,TRUE
2022,3133602,Svi Mykhailiuk,1,80,56,24,0,0,24,719,12.839285714285714,10,14,12,FALSE,FALSE,FALSE,FALSE,FALSE
2022,3133603,Kelly Oubre Jr.,1,78,76,2,0,0,0,1998,26.289473684210527,60,12,62,FALSE,FALSE,FALSE,FALSE,FALSE
2022,3133626,Kenrich Williams,1,63,49,14,0,0,0,1074,21.918367346938776,32,15,34,FALSE,FALSE,FALSE,FALSE,FALSE
2022,3133628,Myles Turner,1,42,42,0,0,0,0,1240,29.523809523809526,38,3,40,FALSE,TRUE,FALSE,FALSE,TRUE
2022,3133635,Jevon Carter,2,80,65,15,0,0,12,903,13.892307692307693,17,8,19,FALSE,FALSE,FALSE,FALSE,FALSE
2022,3133637,Jaysean Paige,1,1,1,0,0,0,0,7,7,0,0,0,FALSE,FALSE,FALSE,FALSE,FALSE
2022,3133817,Eric Paschall,1,78,58,20,0,0,20,737,12.706896551724139,9,15,11,FALSE,FALSE,FALSE,FALSE,FALSE
2022,3133838,Yuta Watanabe,1,56,38,18,0,0,17,443,11.657894736842104,7,4,9,FALSE,FALSE,FALSE,FALSE,FALSE
2022,3134881,Stanley Johnson,1,48,48,0,0,0,0,1095,22.8125,33,8,35,FALSE,FALSE,FALSE,FALSE,FALSE
2022,3134903,Gary Payton II,1,73,69,4,0,0,0,1247,18.07246376811594,27,20,29,FALSE,FALSE,FALSE,FALSE,FALSE
2022,3134907,Kyle Kuzma,1,67,66,1,0,0,0,2208,33.45454545454545,66,0,66,FALSE,FALSE,FALSE,FALSE,TRUE
2022,3134908,Jakob Poeltl,1,69,68,1,0,0,0,1971,28.985294117647058,64,3,66,FALSE,FALSE,FALSE,FALSE,TRUE
2022,3134916,Jordan McLaughlin,1,78,62,16,0,0,15,902,14.548387096774194,15,19,17,FALSE,FALSE,FALSE,FALSE,FALSE
2022,3134932,John Konchar,1,75,72,3,0,0,3,1293,17.958333333333332,29,20,31,FALSE,FALSE,FALSE,FALSE,FALSE
2022,3135045,Grayson Allen,1,70,66,4,0,0,4,1806,27.363636363636363,62,4,64,FALSE,FALSE,FALSE,FALSE,FALSE
2022,3135046,Tyus Jones,1,74,73,1,0,0,0,1548,21.205479452054796,35,25,37,FALSE,FALSE,FALSE,FALSE,FALSE
2022,3135047,Justise Winslow,2,72,47,25,5,0,9,772,16.425531914893618,18,8,20,FALSE,FALSE,FALSE,FALSE,FALSE
2022,3136193,Devin Booker,2,79,69,10,0,2,0,2373,34.391304347826086,68,1,69,TRUE,FALSE,FALSE,FALSE,FALSE
2022,3136195,Karl-Anthony Towns,2,76,75,1,0,0,0,2488,33.17333333333333,74,0,74,TRUE,FALSE,FALSE,FALSE,FALSE
2022,3136196,Trey Lyles,2,76,75,1,0,0,1,1537,20.493333333333332,36,27,38,FALSE,FALSE,FALSE,FALSE,FALSE
2022,3136491,D.J. Wilson,1,5,4,1,0,0,1,54,13.5,1,0,1,FALSE,FALSE,FALSE,FALSE,FALSE
2022,3136776,D'Angelo Russell,1,65,65,0,0,0,0,2075,31.923076923076923,64,1,65,TRUE,FALSE,FALSE,FALSE,FALSE
2022,3136777,Jae'Sean Tate,1,78,78,0,0,0,0,2056,26.358974358974358,71,5,73,FALSE,FALSE,FALSE,FALSE,FALSE
2022,3136779,Keita Bates-Diop,1,67,59,8,1,0,6,959,16.25423728813559,16,20,18,FALSE,FALSE,FALSE,FALSE,FALSE
2022,3136991,Dakota Mathias,1,10,5,5,0,0,4,17,3.4,0,0,0,FALSE,FALSE,FALSE,FALSE,FALSE
2022,3137259,Gabe Vincent,1,72,68,4,0,0,4,1590,23.38235294117647,48,6,50,FALSE,FALSE,FALSE,FALSE,FALSE
2022,3137713,Zylan Cheatham,2,6,1,5,0,0,5,5,5,0,0,0,FALSE,FALSE,FALSE,FALSE,FALSE
2022,3137795,Chris Chiozza,1,50,34,16,0,0,16,370,10.882352941176471,5,5,7,FALSE,FALSE,FALSE,FALSE,FALSE
2022,3138154,Theo Pinson,1,30,18,12,0,0,10,147,8.166666666666666,3,0,3,FALSE,FALSE,FALSE,FALSE,FALSE
2022,3138156,Justin Jackson,2,12,7,5,0,0,4,36,5.142857142857143,0,0,0,FALSE,FALSE,FALSE,FALSE,FALSE
2022,3138160,Caleb Martin,1,64,60,4,1,0,3,1372,22.866666666666667,41,11,43,FALSE,FALSE,FALSE,FALSE,FALSE
2022,3138161,Cody Martin,1,73,71,2,2,0,0,1867,26.295774647887324,60,10,62,FALSE,FALSE,FALSE,FALSE,FALSE
2022,3138196,Cameron Johnson,1,69,66,3,0,0,0,1727,26.166666666666668,61,5,63,FALSE,FALSE,FALSE,FALSE,FALSE
2022,3138206,Justin Tillman,1,2,0,2,0,0,2,0,0,0,0,0,FALSE,FALSE,FALSE,FALSE,FALSE
2022,3146557,Jock Landale,1,69,53,16,0,0,15,589,11.11320754716981,6,12,8,FALSE,FALSE,FALSE,FALSE,FALSE
2022,3147657,Mikal Bridges,1,82,82,0,0,0,0,2855,34.81707317073171,81,0,81,FALSE,FALSE,FALSE,FALSE,TRUE
2022,3149010,Chandler Hutchison,1,28,6,22,0,0,22,22,3.6666666666666665,0,0,0,FALSE,FALSE,FALSE,FALSE,FALSE
2022,3149036,Matt Mooney,1,5,1,4,0,0,4,2,2,0,0,0,FALSE,FALSE,FALSE,FALSE,FALSE
2022,3149673,Pascal Siakam,1,68,68,0,0,0,0,2579,37.9264705882353,68,0,68,TRUE,FALSE,FALSE,FALSE,FALSE
2022,3150844,Moritz Wagner,1,66,62,4,0,0,3,959,15.46774193548387,17,17,19,FALSE,FALSE,FALSE,FALSE,FALSE
2022,3151568,Trayvon Palmer,1,2,1,1,0,0,1,17,17,0,1,1,FALSE,FALSE,FALSE,FALSE,FALSE
2022,3152335,Keljin Blevins,1,46,31,15,0,0,15,350,11.290322580645162,6,5,8,FALSE,FALSE,FALSE,FALSE,FALSE
2022,3155526,Dillon Brooks,1,32,32,0,0,0,0,886,27.6875,29,2,31,FALSE,FALSE,FALSE,FALSE,FALSE
2022,3155535,Kevon Looney,1,82,82,0,0,0,0,1730,21.097560975609756,48,24,50,FALSE,FALSE,FALSE,FALSE,FALSE
2022,3155942,Domantas Sabonis,2,63,62,1,0,0,0,2138,34.483870967741936,62,0,62,TRUE,FALSE,FALSE,FALSE,FALSE
2022,3157465,Duncan Robinson,1,79,79,0,0,0,0,2046,25.89873417721519,67,9,69,FALSE,FALSE,FALSE,FALSE,FALSE
2022,3195,Mike Conley,1,72,72,0,0,0,0,2054,28.52777777777778,72,0,72,TRUE,FALSE,FALSE,FALSE,FALSE
2022,3202,Kevin Durant,1,55,55,0,0,0,0,2047,37.21818181818182,54,0,54,TRUE,FALSE,FALSE,FALSE,FALSE
2022,3209,Jeff Green,1,75,75,0,0,0,0,1850,24.666666666666668,64,9,66,FALSE,FALSE,FALSE,FALSE,FALSE
2022,3213,Al Horford,1,70,69,1,0,0,1,2007,29.08695652173913,66,3,68,FALSE,FALSE,FALSE,FALSE,TRUE
2022,3244,Thaddeus Young,2,79,52,27,0,0,27,842,16.192307692307693,18,14,20,FALSE,FALSE,FALSE,FALSE,FALSE
2022,3415,D.J. Augustin,2,69,55,14,0,0,14,883,16.054545454545455,12,25,14,FALSE,FALSE,FALSE,FALSE,FALSE
2022,3416,Nicolas Batum,1,63,59,4,1,0,0,1465,24.83050847457627,47,9,49,FALSE,FALSE,FALSE,FALSE,FALSE
2022,3419,Mario Chalmers,1,3,0,3,0,0,3,0,0,0,0,0,FALSE,FALSE,FALSE,FALSE,FALSE
2022,3423,Goran Dragic,2,39,21,18,0,0,15,497,23.666666666666668,15,2,17,FALSE,FALSE,FALSE,FALSE,FALSE
2022,3428,Danilo Gallinari,1,67,66,1,0,0,0,1673,25.348484848484848,56,7,58,FALSE,FALSE,FALSE,FALSE,FALSE
2022,3431,Eric Gordon,1,63,57,6,1,0,1,1669,29.280701754385966,57,0,57,FALSE,FALSE,FALSE,FALSE,TRUE
2022,3438,George Hill,1,55,54,1,0,0,0,1251,23.166666666666668,39,10,41,FALSE,FALSE,FALSE,FALSE,FALSE
2022,3439,Serge Ibaka,2,63,54,9,0,0,9,881,16.314814814814813,18,16,20,FALSE,FALSE,FALSE,FALSE,FALSE
2022,3442,DeAndre Jordan,2,80,48,32,0,0,32,625,13.020833333333334,8,7,10,FALSE,FALSE,FALSE,FALSE,FALSE
2022,3447,Robin Lopez,1,76,36,40,0,0,40,610,16.944444444444443,11,11,13,FALSE,FALSE,FALSE,FALSE,FALSE
2022,3448,Brook Lopez,1,14,13,1,0,0,0,298,22.923076923076923,11,2,13,FALSE,FALSE,FALSE,FALSE,FALSE
2022,3449,Kevin Love,1,74,74,0,0,0,0,1667,22.527027027027028,51,20,53,FALSE,FALSE,FALSE,FALSE,FALSE
2022,3452,JaVale McGee,1,74,74,0,0,0,0,1171,15.824324324324325,13,32,15,FALSE,FALSE,FALSE,FALSE,FALSE
2022,3456,Derrick Rose,1,27,26,1,0,0,0,638,24.53846153846154,21,4,23,FALSE,TRUE,FALSE,FALSE,FALSE
2022,3468,Russell Westbrook,1,79,78,1,0,0,0,2680,34.35897435897436,78,0,78,TRUE,TRUE,FALSE,FALSE,FALSE
2022,3593,Bojan Bogdanovic,1,69,69,0,0,0,0,2132,30.89855072463768,69,0,69,FALSE,FALSE,FALSE,FALSE,TRUE
2022,3892818,Emmanuel Mudiay,1,2,2,0,0,0,0,11,5.5,0,0,0,FALSE,FALSE,FALSE,FALSE,FALSE
2022,3893016,Cedi Osman,1,71,66,5,0,0,5,1461,22.136363636363637,43,12,45,FALSE,FALSE,FALSE,FALSE,FALSE
2022,3893019,Timothe Luwawu-Cabarrot,1,76,49,27,0,0,24,681,13.89795918367347,17,6,19,FALSE,FALSE,FALSE,FALSE,FALSE
2022,3899009,Petr Cornelie,1,26,13,13,0,0,13,38,2.923076923076923,0,0,0,FALSE,FALSE,FALSE,FALSE,FALSE
2022,3904625,Tacko Fall,1,24,10,14,0,0,13,58,5.8,0,1,1,FALSE,FALSE,FALSE,FALSE,FALSE
2022,3906603,Chris Clemons,1,4,0,4,0,0,4,0,0,0,0,0,FALSE,FALSE,FALSE,FALSE,FALSE
2022,3906665,Brandon Clarke,1,68,64,4,0,0,4,1251,19.546875,35,17,37,FALSE,FALSE,FALSE,FALSE,FALSE
2022,3906786,Dylan Windler,1,65,50,15,0,0,14,463,9.26,2,12,4,FALSE,FALSE,FALSE,FALSE,FALSE
2022,3906977,Devin Cannady,1,5,5,0,0,0,0,144,28.8,5,0,5,FALSE,FALSE,FALSE,FALSE,FALSE
2022,3907358,Quinndary Weatherspoon,1,19,10,9,0,0,8,72,7.2,0,3,2,FALSE,FALSE,FALSE,FALSE,FALSE
2022,3907359,Malik Newman,1,3,1,2,0,0,2,8,8,0,0,0,FALSE,FALSE,FALSE,FALSE,FALSE
2022,3907360,Aric Holman,1,2,0,2,0,0,2,0,0,0,0,0,FALSE,FALSE,FALSE,FALSE,FALSE
2022,3907387,Ben Simmons,1,1,0,1,0,0,0,0,0,0,0,0,TRUE,TRUE,FALSE,FALSE,FALSE
2022,3907487,Marquese Chriss,1,40,34,6,0,0,5,345,10.147058823529411,1,8,3,FALSE,FALSE,FALSE,FALSE,FALSE
2022,3907497,Dejounte Murray,2,70,69,1,0,0,0,2395,34.710144927536234,69,0,69,FALSE,FALSE,FALSE,FALSE,TRUE
2022,3907498,Matisse Thybulle,1,67,66,1,0,0,0,1685,25.53030303030303,55,10,57,FALSE,TRUE,FALSE,FALSE,FALSE
2022,3907822,Malik Beasley,1,80,79,1,1,0,0,1973,24.974683544303797,65,11,67,FALSE,FALSE,FALSE,FALSE,FALSE
2022,3907823,Terance Mann,1,81,81,0,0,0,0,2316,28.59259259259259,74,6,76,FALSE,FALSE,FALSE,FALSE,TRUE
2022,3908336,Matt Ryan,1,4,1,3,0,0,3,5,5,0,0,0,FALSE,FALSE,FALSE,FALSE,FALSE
2022,3908809,Donovan Mitchell,1,67,67,0,0,0,0,2266,33.82089552238806,67,0,67,TRUE,FALSE,FALSE,FALSE,FALSE
2022,3908819,Rayjon Tucker,3,9,5,4,0,0,4,71,14.2,2,0,2,FALSE,FALSE,FALSE,FALSE,FALSE
2022,3908845,John Collins,1,54,54,0,0,0,0,1667,30.87037037037037,53,1,54,FALSE,FALSE,FALSE,FALSE,TRUE
2022,3912295,Grant Riller,1,1,0,1,0,0,0,0,0,0,0,0,FALSE,FALSE,FALSE,FALSE,FALSE
2022,3912848,Dean Wade,1,60,51,9,0,0,9,983,19.274509803921568,26,6,28,FALSE,FALSE,FALSE,FALSE,FALSE
2022,3913174,Luke Kennard,1,71,70,1,0,0,0,1916,27.37142857142857,65,5,67,FALSE,FALSE,FALSE,FALSE,FALSE
2022,3913176,Brandon Ingram,1,60,55,5,0,0,0,1868,33.96363636363636,54,0,54,TRUE,FALSE,FALSE,FALSE,FALSE
2022,3913180,Garrison Mathews,1,65,65,0,0,0,0,1711,26.323076923076922,55,9,57,FALSE,FALSE,FALSE,FALSE,FALSE
2022,3913220,DaQuan Jeffries,1,5,3,2,0,0,2,9,3,0,0,0,FALSE,FALSE,FALSE,FALSE,FALSE
2022,3913546,Melvin Frazier Jr.,1,3,3,0,0,0,0,120,40,3,0,3,FALSE,FALSE,FALSE,FALSE,FALSE
2022,3914044,Landry Shamet,1,70,69,1,0,0,0,1438,20.840579710144926,36,25,38,FALSE,FALSE,FALSE,FALSE,FALSE
2022,3914058,Justin James,1,4,0,4,0,0,4,0,0,0,0,0,FALSE,FALSE,FALSE,FALSE,FALSE
2022,3914075,Xavier Moon,1,20,10,10,0,0,8,139,13.9,2,3,4,FALSE,FALSE,FALSE,FALSE,FALSE
2022,3914283,Chimezie Metu,1,77,60,17,0,0,17,1280,21.333333333333332,38,14,40,FALSE,FALSE,FALSE,FALSE,FALSE
2022,3914285,Drew Eubanks,2,77,71,6,0,0,5,1247,17.56338028169014,30,10,32,FALSE,FALSE,FALSE,FALSE,FALSE
2022,3914639,Rob Edwards,1,4,2,2,0,0,2,11,5.5,0,0,0,FALSE,FALSE,FALSE,FALSE,FALSE
2022,3915195,Shake Milton,1,57,55,2,0,0,0,1179,21.436363636363637,34,10,36,FALSE,FALSE,FALSE,FALSE,FALSE
2022,3917376,Jaylen Brown,1,66,66,0,0,0,0,2220,33.63636363636363,65,0,65,TRUE,FALSE,FALSE,FALSE,FALSE
2022,3918423,Admiral Schofield,1,48,38,10,0,0,10,469,12.342105263157896,8,8,10,FALSE,FALSE,FALSE,FALSE,FALSE
2022,3919335,Cheick Diallo,1,4,3,1,0,0,1,31,10.333333333333334,0,1,1,FALSE,FALSE,FALSE,FALSE,FALSE
2022,3919454,Terence Davis,1,40,30,10,0,0,9,539,17.966666666666665,11,8,13,FALSE,FALSE,FALSE,FALSE,FALSE
2022,3922230,Aaron Holiday,2,73,63,10,0,0,10,1018,16.158730158730158,21,14,23,FALSE,FALSE,FALSE,FALSE,FALSE
2022,3923250,PJ Dozier,1,18,18,0,0,0,0,342,19,11,4,13,FALSE,FALSE,FALSE,FALSE,FALSE
2022,3923253,Chris Silva,2,16,9,7,0,0,6,91,10.11111111111111,0,2,2,FALSE,FALSE,FALSE,FALSE,FALSE
2022,3928275,Cameron Oliver,1,3,2,1,0,0,1,43,21.5,1,1,2,FALSE,FALSE,FALSE,FALSE,FALSE
2022,3929321,Gabriel Deck,1,35,7,28,0,0,27,55,7.857142857142857,1,0,1,FALSE,FALSE,FALSE,FALSE,FALSE
2022,3929325,Furkan Korkmaz,1,76,67,9,0,0,8,1416,21.134328358208954,34,17,36,FALSE,FALSE,FALSE,FALSE,FALSE
2022,3934672,Jalen Brunson,1,79,79,0,0,0,0,2523,31.936708860759495,77,1,78,FALSE,FALSE,FALSE,FALSE,TRUE
2022,3934673,Donte DiVincenzo,2,42,42,0,0,0,0,1009,24.023809523809526,31,10,33,FALSE,FALSE,FALSE,FALSE,FALSE
2022,3934695,Tyler Hall,1,4,1,3,0,0,3,2,2,0,0,0,FALSE,FALSE,FALSE,FALSE,FALSE
2022,3934719,OG Anunoby,1,48,48,0,0,0,0,1728,36,48,0,48,FALSE,FALSE,FALSE,FALSE,TRUE
2022,3934721,Juwan Morgan,2,7,2,5,0,0,5,31,15.5,1,0,1,FALSE,FALSE,FALSE,FALSE,FALSE
2022,3934723,Thomas Bryant,1,39,27,12,0,0,12,442,16.37037037037037,11,6,13,FALSE,FALSE,FALSE,FALSE,FALSE
2022,3936099,Derrick Jones Jr.,1,61,51,10,0,0,10,901,17.666666666666668,21,18,23,FALSE,FALSE,FALSE,FALSE,FALSE
2022,3936298,Mychal Mulder,2,33,17,16,0,0,16,240,14.117647058823529,5,1,6,FALSE,FALSE,FALSE,FALSE,FALSE
2022,3938916,Malik Ellison,1,2,0,2,0,0,2,0,0,0,0,0,FALSE,FALSE,FALSE,FALSE,FALSE
2022,3945274,Luka Doncic,2,66,66,0,0,0,0,2326,35.24242424242424,66,0,66,TRUE,TRUE,FALSE,FALSE,FALSE
2022,3945566,Justin Robinson,3,29,25,4,0,0,4,303,12.12,6,2,8,FALSE,FALSE,FALSE,FALSE,FALSE
2022,3946974,Devontae Cacok,1,21,15,6,0,0,3,121,8.066666666666666,2,1,3,FALSE,FALSE,FALSE,FALSE,FALSE
2022,3947156,Mamadi Diakite,1,14,13,1,0,0,1,189,14.538461538461538,2,3,4,FALSE,FALSE,FALSE,FALSE,FALSE
2022,3948144,Ahmad Caver,1,4,1,3,0,0,3,1,1,0,0,0,FALSE,FALSE,FALSE,FALSE,FALSE
2022,3948153,Chris Boucher,1,81,80,1,0,0,1,1694,21.175,46,18,48,FALSE,FALSE,FALSE,FALSE,FALSE
2022,3952343,Jaylen Morris,1,5,3,2,0,0,2,17,5.666666666666667,0,0,0,FALSE,FALSE,FALSE,FALSE,FALSE
2022,3964,Patrick Beverley,1,60,58,2,0,0,0,1474,25.413793103448278,51,3,53,FALSE,FALSE,FALSE,FALSE,FALSE
2022,3973,Darren Collison,1,3,3,0,0,0,0,37,12.333333333333334,0,0,0,FALSE,FALSE,FALSE,FALSE,FALSE
2022,3975,Stephen Curry,2,65,65,0,0,0,0,2247,34.56923076923077,64,0,64,TRUE,TRUE,FALSE,FALSE,FALSE
2022,3978,DeMar DeRozan,2,77,77,0,0,0,0,2773,36.01298701298701,77,0,77,FALSE,FALSE,FALSE,FALSE,TRUE
2022,3981,Wayne Ellington,1,76,43,33,0,0,28,816,18.976744186046513,19,10,21,FALSE,FALSE,FALSE,FALSE,FALSE
2022,3986,Taj Gibson,1,75,52,23,1,0,22,949,18.25,22,17,24,FALSE,FALSE,FALSE,FALSE,FALSE
2022,3988,Danny Green,1,65,62,3,0,0,0,1359,21.919354838709676,37,19,39,FALSE,FALSE,FALSE,FALSE,FALSE
2022,3989,Blake Griffin,1,81,55,26,0,0,25,959,17.436363636363637,22,13,24,TRUE,FALSE,FALSE,FALSE,FALSE
2022,3992,James Harden,2,70,65,5,0,0,1,2419,37.215384615384615,65,0,65,TRUE,TRUE,FALSE,FALSE,FALSE
2022,3995,Jrue Holiday,1,70,66,4,0,0,1,2206,33.42424242424242,65,1,66,FALSE,TRUE,FALSE,FALSE,TRUE
2022,3999,James Johnson,1,73,62,11,0,0,8,1193,19.241935483870968,35,7,37,FALSE,FALSE,FALSE,FALSE,FALSE
2022,4004,Patty Mills,1,81,81,0,0,0,0,2345,28.950617283950617,74,5,76,FALSE,FALSE,FALSE,FALSE,TRUE
2022,4011,Ricky Rubio,1,34,34,0,0,0,0,971,28.558823529411764,34,0,34,FALSE,FALSE,FALSE,FALSE,FALSE
2022,4017837,Ivica Zubac,1,76,76,0,0,0,0,1851,24.355263157894736,61,11,63,FALSE,FALSE,FALSE,FALSE,FALSE
2022,4017839,Juancho Hernangomez,3,77,40,37,0,0,37,448,11.2,8,7,10,FALSE,FALSE,FALSE,FALSE,FALSE
2022,4023,Garrett Temple,1,78,59,19,0,0,19,1100,18.64406779661017,21,18,23,FALSE,FALSE,FALSE,FALSE,FALSE
2022,4032,Wesley Matthews,1,52,49,3,0,0,2,1004,20.489795918367346,25,15,27,FALSE,FALSE,FALSE,FALSE,FALSE
2022,4065648,Jayson Tatum,2,77,77,0,0,0,0,2752,35.74025974025974,77,0,77,TRUE,FALSE,FALSE,FALSE,FALSE
2022,4065650,Javin DeLaurier,1,4,1,3,0,0,3,3,3,0,0,0,FALSE,FALSE,FALSE,FALSE,FALSE
2022,4065651,Frank Jackson,1,63,53,10,2,0,2,1162,21.92452830188679,32,13,34,FALSE,FALSE,FALSE,FALSE,FALSE
2022,4065656,Trent Forrest,1,70,60,10,0,0,10,766,12.766666666666667,12,8,14,FALSE,FALSE,FALSE,FALSE,FALSE
2022,4065663,Josh Okogie,1,71,48,23,0,0,22,510,10.625,5,8,7,FALSE,FALSE,FALSE,FALSE,FALSE
2022,4065670,Bruce Brown,1,79,72,7,0,0,4,1780,24.72222222222222,55,4,57,FALSE,FALSE,FALSE,FALSE,FALSE
2022,4065673,Tony Bradley,1,76,55,21,0,0,21,551,10.018181818181818,3,9,5,FALSE,FALSE,FALSE,FALSE,FALSE
2022,4065697,Dennis Smith Jr.,1,53,37,16,1,0,14,638,17.243243243243242,12,10,14,FALSE,FALSE,FALSE,FALSE,FALSE
2022,4065730,Kyle Guy,1,31,19,12,0,0,12,185,9.736842105263158,3,3,5,FALSE,FALSE,FALSE,FALSE,FALSE
2022,4065731,Jay Huff,1,7,4,3,0,0,3,20,5,0,0,0,FALSE,FALSE,FALSE,FALSE,FALSE
2022,4065732,De'Andre Hunter,1,55,53,2,0,0,0,1580,29.81132075471698,51,1,52,FALSE,FALSE,FALSE,FALSE,TRUE
2022,4065733,Ty Jerome,1,59,48,11,0,0,9,800,16.666666666666668,12,19,14,FALSE,FALSE,FALSE,FALSE,FALSE
2022,4065778,Max Strus,1,73,68,5,0,0,4,1588,23.352941176470587,46,14,48,FALSE,FALSE,FALSE,FALSE,FALSE
2022,4065804,Sam Hauser,1,43,26,17,0,0,17,161,6.1923076923076925,1,1,2,FALSE,FALSE,FALSE,FALSE,FALSE
2022,4065805,Markus Howard,1,68,29,39,0,0,37,176,6.068965517241379,2,1,3,FALSE,FALSE,FALSE,FALSE,FALSE
2022,4065816,Myles Powell,1,23,11,12,0,0,12,53,4.818181818181818,1,0,1,FALSE,FALSE,FALSE,FALSE,FALSE
2022,4066211,Robert Williams III,1,62,61,1,0,0,0,1804,29.57377049180328,58,2,60,FALSE,FALSE,FALSE,FALSE,TRUE
2022,4066218,Grant Williams,1,77,77,0,0,0,0,1881,24.428571428571427,59,9,61,FALSE,FALSE,FALSE,FALSE,FALSE
2022,4066221,Hassani Gravett,1,9,8,1,0,0,1,172,21.5,4,3,6,FALSE,FALSE,FALSE,FALSE,FALSE
2022,4066240,Braxton Key,2,12,11,1,0,0,1,196,17.818181818181817,5,3,7,FALSE,FALSE,FALSE,FALSE,FALSE
2022,4066248,Jared Harper,1,9,5,4,0,0,4,43,8.6,1,0,1,FALSE,FALSE,FALSE,FALSE,FALSE
2022,4066259,De'Aaron Fox,1,64,59,5,0,0,0,2080,35.25423728813559,59,0,59,FALSE,FALSE,FALSE,FALSE,TRUE
2022,4066261,Bam Adebayo,1,56,56,0,0,0,0,1826,32.607142857142854,56,0,56,TRUE,TRUE,FALSE,FALSE,FALSE
2022,4066262,Malik Monk,1,77,76,1,0,0,0,2140,28.157894736842106,65,7,67,FALSE,FALSE,FALSE,FALSE,TRUE
2022,4066264,Wenyen Gabriel,4,37,26,11,0,0,11,358,13.76923076923077,6,5,8,FALSE,FALSE,FALSE,FALSE,FALSE
2022,4066269,Skylar Mays,1,67,28,39,0,0,39,220,7.857142857142857,5,1,6,FALSE,FALSE,FALSE,FALSE,FALSE
2022,4066297,Josh Jackson,2,69,51,18,0,0,18,828,16.235294117647058,17,17,19,FALSE,FALSE,FALSE,FALSE,FALSE
2022,4066299,Udoka Azubuike,1,36,17,19,0,0,19,195,11.470588235294118,4,3,6,FALSE,FALSE,FALSE,FALSE,FALSE
2022,4066303,Xavier Sneed,2,18,9,9,0,0,9,38,4.222222222222222,0,0,0,FALSE,FALSE,FALSE,FALSE,FALSE
2022,4066315,Cameron McGriff,1,3,3,0,0,0,0,47,15.666666666666666,1,0,1,FALSE,FALSE,FALSE,FALSE,FALSE
2022,4066317,Lindy Waters III,1,28,25,3,0,0,3,468,18.72,14,3,16,FALSE,FALSE,FALSE,FALSE,FALSE
2022,4066320,Desmond Bane,1,78,76,2,1,0,1,2265,29.80263157894737,75,1,76,FALSE,FALSE,FALSE,FALSE,TRUE
2022,4066328,Jarrett Allen,2,58,57,1,1,0,0,1833,32.1578947368421,55,1,56,FALSE,FALSE,FALSE,FALSE,TRUE
2022,4066336,Lauri Markkanen,1,61,61,0,0,0,0,1880,30.81967213114754,58,2,60,FALSE,FALSE,FALSE,FALSE,TRUE
2022,4066354,Payton Pritchard,1,78,71,7,0,0,7,1001,14.098591549295774,13,16,15,FALSE,FALSE,FALSE,FALSE,FALSE
2022,4066367,Tyler Cook,1,44,20,24,0,0,24,200,10,2,2,4,FALSE,FALSE,FALSE,FALSE,FALSE
2022,4066372,Kevin Huerter,1,75,74,1,0,0,0,2191,29.60810810810811,67,5,69,FALSE,FALSE,FALSE,FALSE,TRUE
2022,4066377,Zavier Simpson,1,4,4,0,0,0,0,175,43.75,4,0,4,FALSE,FALSE,FALSE,FALSE,FALSE
2022,4066378,Jon Teske,1,5,3,2,0,0,2,8,2.6666666666666665,0,0,0,FALSE,FALSE,FALSE,FALSE,FALSE
2022,4066382,Cassius Winston,1,17,7,10,0,0,10,39,5.571428571428571,0,0,0,FALSE,FALSE,FALSE,FALSE,FALSE
2022,4066383,Miles Bridges,1,80,80,0,0,0,0,2835,35.4375,80,0,80,FALSE,FALSE,FALSE,FALSE,TRUE
2022,4066387,Amir Coffey,1,75,66,9,0,0,6,1568,23.757575757575758,47,4,49,FALSE,FALSE,FALSE,FALSE,FALSE
2022,4066392,Isaiah Roby,1,67,45,22,0,0,20,946,21.022222222222222,24,6,26,FALSE,FALSE,FALSE,FALSE,FALSE
2022,4066399,Micah Potter,1,5,3,2,0,0,2,31,10.333333333333334,0,1,1,FALSE,FALSE,FALSE,FALSE,FALSE
2022,4066405,Lamar Stevens,1,71,63,8,0,0,8,1013,16.07936507936508,23,14,25,FALSE,FALSE,FALSE,FALSE,FALSE
2022,4066407,Carsen Edwards,1,4,4,0,0,0,0,80,20,2,0,2,FALSE,FALSE,FALSE,FALSE,FALSE
2022,4066410,Eugene Omoruyi,1,10,4,6,0,0,6,18,4.5,0,0,0,FALSE,FALSE,FALSE,FALSE,FALSE
2022,4066414,Aleem Ford,1,5,5,0,0,0,0,75,15,2,1,3,FALSE,FALSE,FALSE,FALSE,FALSE
2022,4066421,Lonzo Ball,1,36,35,1,0,0,0,1213,34.65714285714286,35,0,35,FALSE,FALSE,FALSE,FALSE,FALSE
2022,4066436,De'Anthony Melton,1,73,73,0,0,0,0,1657,22.698630136986303,53,17,55,FALSE,FALSE,FALSE,FALSE,FALSE
2022,4066446,Elijah Hughes,2,61,36,25,0,0,25,436,12.11111111111111,7,6,9,FALSE,FALSE,FALSE,FALSE,FALSE
2022,4066450,Armoni Brooks,2,68,54,14,0,0,14,847,15.685185185185185,19,9,21,FALSE,FALSE,FALSE,FALSE,FALSE
2022,4066457,Austin Reaves,1,75,61,14,0,0,5,1419,23.262295081967213,46,9,48,FALSE,FALSE,FALSE,FALSE,FALSE
2022,4066467,Malik Fitts,2,36,15,21,0,0,21,63,4.2,1,0,1,FALSE,FALSE,FALSE,FALSE,FALSE
2022,4066486,Jarron Cumberland,1,3,3,0,0,0,0,12,4,0,0,0,FALSE,FALSE,FALSE,FALSE,FALSE
2022,4066496,JaQuori McLaughlin,1,7,4,3,0,0,3,12,3,0,0,0,FALSE,FALSE,FALSE,FALSE,FALSE
2022,4066508,Charlie Brown Jr.,2,41,18,23,0,0,19,176,9.777777777777779,4,2,6,FALSE,FALSE,FALSE,FALSE,FALSE
2022,4066636,Markelle Fultz,1,18,18,0,0,0,0,360,20,9,9,11,FALSE,FALSE,FALSE,FALSE,FALSE
2022,4066648,Rui Hachimura,1,45,42,3,0,0,2,945,22.5,29,9,31,FALSE,FALSE,FALSE,FALSE,FALSE
2022,4066650,Zach Collins,1,29,28,1,0,0,0,501,17.892857142857142,7,17,9,FALSE,FALSE,FALSE,FALSE,FALSE
2022,4066651,Killian Tillie,1,58,35,23,0,0,22,460,13.142857142857142,5,13,7,FALSE,FALSE,FALSE,FALSE,FALSE
2022,4066668,Malachi Flynn,1,67,44,23,0,0,23,540,12.272727272727273,10,3,12,FALSE,FALSE,FALSE,FALSE,FALSE
2022,4066731,Jalen McDaniels,1,63,55,8,0,0,2,895,16.272727272727273,19,16,21,FALSE,FALSE,FALSE,FALSE,FALSE
2022,4066757,Sam Merrill,1,15,6,9,0,0,9,57,9.5,0,1,1,FALSE,FALSE,FALSE,FALSE,FALSE
2022,4066786,Jeff Dowtin Jr.,3,18,9,9,0,0,9,110,12.222222222222221,2,2,4,FALSE,FALSE,FALSE,FALSE,FALSE
2022,4066790,Anthony Lamb,1,6,2,4,0,0,4,8,4,0,0,0,FALSE,FALSE,FALSE,FALSE,FALSE
2022,4066796,DeJon Jarreau,2,4,1,3,0,0,3,1,1,0,0,0,FALSE,FALSE,FALSE,FALSE,FALSE
2022,4066851,Miye Oni,2,37,16,21,0,0,21,44,2.75,0,0,0,FALSE,FALSE,FALSE,FALSE,FALSE
2022,4067045,Alize Johnson,3,39,22,17,0,0,16,167,7.590909090909091,1,1,2,FALSE,FALSE,FALSE,FALSE,FALSE
2022,4067325,Nathan Knight,1,77,36,41,0,0,40,269,7.472222222222222,2,3,4,FALSE,FALSE,FALSE,FALSE,FALSE
2022,4067469,Jemerrio Jones,1,5,2,3,0,0,3,15,7.5,0,0,0,FALSE,FALSE,FALSE,FALSE,FALSE
2022,4067603,Ade Murkey,1,1,1,0,0,0,0,1,1,0,0,0,FALSE,FALSE,FALSE,FALSE,FALSE
2022,4067735,Carlik Jones,2,7,5,2,0,0,2,23,4.6,0,0,0,FALSE,FALSE,FALSE,FALSE,FALSE
2022,4080610,Hamidou Diallo,1,69,58,11,1,0,7,1265,21.810344827586206,34,12,36,FALSE,FALSE,FALSE,FALSE,FALSE
2022,4222252,Isaiah Hartenstein,1,70,68,2,0,0,1,1219,17.926470588235293,27,21,29,FALSE,FALSE,FALSE,FALSE,FALSE
2022,4230547,Frank Ntilikina,1,73,58,15,0,0,11,683,11.775862068965518,8,14,10,FALSE,FALSE,FALSE,FALSE,FALSE
2022,4230551,Arnoldas Kulboka,1,15,2,13,0,0,13,6,3,0,0,0,FALSE,FALSE,FALSE,FALSE,FALSE
2022,4230557,Vlatko Cancar,1,19,15,4,1,0,3,176,11.733333333333333,1,7,3,FALSE,FALSE,FALSE,FALSE,FALSE
2022,4238,Eric Bledsoe,2,59,54,5,5,0,0,1361,25.203703703703702,41,12,43,FALSE,FALSE,FALSE,FALSE,FALSE
2022,4240,Avery Bradley,1,74,62,12,1,0,10,1413,22.79032258064516,45,10,47,FALSE,FALSE,FALSE,FALSE,FALSE
2022,4244,Lance Stephenson,2,51,46,5,0,0,0,813,17.67391304347826,15,12,17,FALSE,FALSE,FALSE,FALSE,FALSE
2022,4248,Al-Farouq Aminu,1,5,0,5,0,0,5,0,0,0,0,0,FALSE,FALSE,FALSE,FALSE,FALSE
2022,4249,Gordon Hayward,1,50,49,1,0,0,0,1564,31.918367346938776,47,1,48,FALSE,FALSE,FALSE,FALSE,TRUE
2022,4251,Paul George,1,32,31,1,0,0,0,1080,34.83870967741935,31,0,31,TRUE,TRUE,FALSE,FALSE,FALSE
2022,4257,Derrick Favors,1,65,39,26,0,0,9,655,16.794871794871796,10,15,12,FALSE,FALSE,FALSE,FALSE,FALSE
2022,4258,DeMarcus Cousins,2,53,48,5,0,0,3,718,14.958333333333334,7,15,9,FALSE,FALSE,FALSE,FALSE,FALSE
2022,4259,Ed Davis,1,79,31,48,0,0,48,201,6.483870967741935,2,2,4,FALSE,FALSE,FALSE,FALSE,FALSE
2022,4260,Greg Monroe,4,21,14,7,0,0,7,194,13.857142857142858,2,4,4,FALSE,FALSE,FALSE,FALSE,FALSE
2022,4262,Hassan Whiteside,1,67,65,2,1,0,0,1163,17.892307692307693,16,31,18,FALSE,FALSE,FALSE,FALSE,FALSE
2022,4269,Nemanja Bjelica,1,77,71,6,0,0,3,1139,16.04225352112676,17,26,19,FALSE,FALSE,FALSE,FALSE,FALSE
2022,4277811,Collin Sexton,1,11,11,0,0,0,0,320,29.09090909090909,9,1,10,FALSE,FALSE,FALSE,FALSE,FALSE
2022,4277813,Herbert Jones,1,80,78,2,1,0,0,2334,29.923076923076923,72,5,74,FALSE,FALSE,FALSE,FALSE,TRUE
2022,4277843,Gary Trent Jr.,1,71,70,1,0,0,0,2448,34.97142857142857,70,0,70,FALSE,FALSE,FALSE,FALSE,TRUE
2022,4277847,Wendell Carter Jr.,1,66,62,4,0,0,0,1854,29.903225806451612,56,4,58,FALSE,FALSE,FALSE,FALSE,TRUE
2022,4277848,Marvin Bagley III,2,62,48,14,0,0,13,1148,23.916666666666668,37,6,39,FALSE,FALSE,FALSE,FALSE,FALSE
2022,4277854,MJ Walker,1,3,2,1,0,0,1,9,4.5,0,0,0,FALSE,FALSE,FALSE,FALSE,FALSE
2022,4277869,Jose Alvarado,1,76,54,22,0,0,22,835,15.462962962962964,15,17,17,FALSE,FALSE,FALSE,FALSE,FALSE
2022,4277871,Moses Wright,2,11,4,7,0,0,6,14,3.5,0,0,0,FALSE,FALSE,FALSE,FALSE,FALSE
2022,4277883,Jordan Nwora,1,81,62,19,0,0,19,1184,19.096774193548388,30,9,32,FALSE,FALSE,FALSE,FALSE,FALSE
2022,4277886,Freddie Gillespie,1,10,9,1,0,0,1,120,13.333333333333334,0,2,2,FALSE,FALSE,FALSE,FALSE,FALSE
2022,4277887,Lindell Wigginton,1,25,15,10,0,0,6,199,13.266666666666667,3,3,5,FALSE,FALSE,FALSE,FALSE,FALSE
2022,4277890,Lonnie Walker IV,1,72,70,2,0,0,0,1612,23.02857142857143,54,12,56,FALSE,FALSE,FALSE,FALSE,FALSE
2022,4277892,Marcus Garrett,1,14,12,2,0,0,2,127,10.583333333333334,1,4,3,FALSE,FALSE,FALSE,FALSE,FALSE
2022,4277905,Trae Young,2,77,77,0,0,0,0,2667,34.63636363636363,76,1,77,TRUE,FALSE,FALSE,FALSE,FALSE
2022,4277916,RJ Nembhard Jr.,1,44,14,30,0,0,29,62,4.428571428571429,1,0,1,FALSE,FALSE,FALSE,FALSE,FALSE
2022,4277919,Mo Bamba,1,72,71,1,0,0,0,1825,25.704225352112676,61,6,63,FALSE,FALSE,FALSE,FALSE,FALSE
2022,4277922,Jericho Sims,1,70,41,29,0,0,29,557,13.585365853658537,11,7,13,FALSE,FALSE,FALSE,FALSE,FALSE
2022,4277928,Jarrett Culver,1,74,37,37,0,0,37,336,9.08108108108108,3,4,5,FALSE,FALSE,FALSE,FALSE,FALSE
2022,4277951,Luka Garza,1,55,32,23,0,0,23,388,12.125,5,5,7,FALSE,FALSE,FALSE,FALSE,FALSE
2022,4277952,Bruno Fernando,2,70,30,40,0,0,40,154,5.133333333333334,2,1,3,FALSE,FALSE,FALSE,FALSE,FALSE
2022,4277956,Jordan Poole,1,76,76,0,0,0,0,2285,30.06578947368421,74,2,76,FALSE,FALSE,FALSE,FALSE,TRUE
2022,4277957,Isaiah Livers,1,21,19,2,0,0,0,384,20.210526315789473,10,3,12,FALSE,FALSE,FALSE,FALSE,FALSE
2022,4277961,Jaren Jackson Jr.,1,78,78,0,0,0,0,2131,27.32051282051282,74,3,76,FALSE,FALSE,FALSE,FALSE,FALSE
2022,4277964,Xavier Tillman,1,73,53,20,0,0,19,700,13.20754716981132,12,12,14,FALSE,FALSE,FALSE,FALSE,FALSE
2022,4278031,Oshae Brissett,1,82,67,15,0,0,11,1564,23.34328358208955,47,10,49,FALSE,FALSE,FALSE,FALSE,FALSE
2022,4278039,Nickeil Alexander-Walker,2,77,65,12,0,0,12,1468,22.584615384615386,45,8,47,FALSE,FALSE,FALSE,FALSE,FALSE
2022,4278045,Chaundee Brown Jr.,2,9,5,4,0,0,4,103,20.6,3,1,4,FALSE,FALSE,FALSE,FALSE,FALSE
2022,4278046,Olivier Sarr,1,28,22,6,1,0,5,420,19.09090909090909,9,6,11,FALSE,FALSE,FALSE,FALSE,FALSE
2022,4278049,Daniel Gafford,1,74,72,2,0,0,1,1444,20.055555555555557,43,14,45,FALSE,FALSE,FALSE,FALSE,FALSE
2022,4278052,Chuma Okeke,1,70,70,0,0,0,0,1750,25,56,12,58,FALSE,FALSE,FALSE,FALSE,FALSE
2022,4278053,Davion Mitchell,1,75,75,0,0,0,0,2080,27.733333333333334,67,7,69,FALSE,FALSE,FALSE,FALSE,FALSE
2022,4278067,Nic Claxton,1,57,47,10,0,0,6,971,20.659574468085108,28,13,30,FALSE,FALSE,FALSE,FALSE,FALSE
2022,4278073,Shai Gilgeous-Alexander,1,56,56,0,0,0,0,1944,34.714285714285715,55,1,56,FALSE,FALSE,FALSE,FALSE,TRUE
2022,4278075,Kevin Knox II,2,78,30,48,0,0,48,222,7.4,2,4,4,FALSE,FALSE,FALSE,FALSE,FALSE
2022,4278076,Nick Richards,1,81,50,31,1,0,26,367,7.34,1,6,3,FALSE,FALSE,FALSE,FALSE,FALSE
2022,4278077,Jarred Vanderbilt,1,75,74,1,0,0,0,1883,25.445945945945947,59,10,61,FALSE,FALSE,FALSE,FALSE,FALSE
2022,4278078,P.J. Washington,1,68,65,3,1,0,0,1766,27.16923076923077,55,8,57,FALSE,FALSE,FALSE,FALSE,FALSE
2022,4278080,Tremont Waters,2,3,3,0,0,0,0,50,16.666666666666668,1,0,1,FALSE,FALSE,FALSE,FALSE,FALSE
2022,4278104,Michael Porter Jr.,1,9,9,0,0,0,0,265,29.444444444444443,8,0,8,FALSE,FALSE,FALSE,FALSE,FALSE
2022,4278116,Yves Pons,1,31,11,20,0,0,18,70,6.363636363636363,1,0,1,FALSE,FALSE,FALSE,FALSE,FALSE
2022,4278124,Saben Lee,1,52,37,15,0,0,15,605,16.35135135135135,12,11,14,FALSE,FALSE,FALSE,FALSE,FALSE
2022,4278129,Deandre Ayton,1,74,58,16,2,2,0,1714,29.551724137931036,57,0,57,FALSE,FALSE,FALSE,FALSE,TRUE
2022,4278355,Obi Toppin,1,74,72,2,0,0,0,1232,17.11111111111111,20,14,22,FALSE,FALSE,FALSE,FALSE,FALSE
2022,4278402,Jordan Goodwin,1,5,2,3,0,0,3,6,3,0,0,0,FALSE,FALSE,FALSE,FALSE,FALSE
2022,4278507,McKinley Wright IV,1,12,5,7,0,0,7,18,3.6,0,0,0,FALSE,FALSE,FALSE,FALSE,FALSE
2022,4278508,Troy Brown Jr.,1,80,66,14,0,0,14,1055,15.984848484848484,22,14,24,FALSE,FALSE,FALSE,FALSE,FALSE
2022,4278521,KZ Okpala,1,35,21,14,0,0,12,246,11.714285714285714,3,7,5,FALSE,FALSE,FALSE,FALSE,FALSE
2022,4278527,Chris Smith,1,1,0,1,0,0,1,0,0,0,0,0,FALSE,FALSE,FALSE,FALSE,FALSE
2022,4278541,Jaylen Nowell,1,80,62,18,0,0,17,974,15.709677419354838,21,12,23,FALSE,FALSE,FALSE,FALSE,FALSE
2022,4278562,Paul Reed,1,62,36,26,0,0,24,300,8.333333333333334,3,3,5,FALSE,FALSE,FALSE,FALSE,FALSE
2022,4278566,Jamorko Pickett,1,28,13,15,0,0,15,175,13.461538461538462,3,3,5,FALSE,FALSE,FALSE,FALSE,FALSE
2022,4278580,Sandro Mamukelashvili,1,59,40,19,0,0,18,406,10.15,7,3,9,FALSE,FALSE,FALSE,FALSE,FALSE
2022,4278594,Naji Marshall,1,79,53,26,0,0,23,733,13.830188679245284,13,8,15,FALSE,FALSE,FALSE,FALSE,FALSE
2022,4278707,Jordan Schakel,1,8,4,4,0,0,4,30,7.5,0,0,0,FALSE,FALSE,FALSE,FALSE,FALSE
2022,4279815,Terry Taylor,1,45,33,12,0,0,12,716,21.696969696969695,20,4,22,FALSE,FALSE,FALSE,FALSE,FALSE
2022,4279887,Shaq Buchanan,1,3,2,1,0,0,1,10,5,0,0,0,FALSE,FALSE,FALSE,FALSE,FALSE
2022,4279888,Ja Morant,2,58,58,0,0,0,0,1912,32.96551724137931,56,1,57,FALSE,FALSE,FALSE,FALSE,TRUE
2022,4280150,Joel Ayayi,1,24,7,17,0,0,17,20,2.857142857142857,0,0,0,FALSE,FALSE,FALSE,FALSE,FALSE
2022,4280151,Corey Kispert,1,82,77,5,0,0,5,1804,23.428571428571427,51,8,53,FALSE,FALSE,FALSE,FALSE,FALSE
2022,4291678,Haywood Highsmith,1,30,19,11,0,0,11,163,8.578947368421053,1,3,3,FALSE,FALSE,FALSE,FALSE,FALSE
2022,4305,Ish Smith,2,79,65,14,0,0,14,1128,17.353846153846153,28,14,30,FALSE,FALSE,FALSE,FALSE,FALSE
2022,4348697,Isaac Bonga,1,34,15,19,0,0,19,68,4.533333333333333,0,0,0,FALSE,FALSE,FALSE,FALSE,FALSE
2022,4348700,Goga Bitadze,1,70,50,20,0,0,14,730,14.6,17,8,19,FALSE,FALSE,FALSE,FALSE,FALSE
2022,4351851,Anfernee Simons,1,58,57,1,0,0,0,1681,29.49122807017544,50,6,52,FALSE,FALSE,FALSE,FALSE,TRUE
2022,4351852,Mitchell Robinson,1,76,72,4,3,0,0,1852,25.72222222222222,60,9,62,FALSE,FALSE,FALSE,FALSE,FALSE
2022,4355392,Emanuel Terry,1,4,3,1,0,0,1,18,6,0,0,0,FALSE,FALSE,FALSE,FALSE,FALSE
2022,4376,Boban Marjanovic,1,76,21,55,1,0,52,128,6.095238095238095,0,1,1,FALSE,FALSE,FALSE,FALSE,FALSE
2022,4395625,RJ Barrett,1,71,70,1,0,0,0,2419,34.55714285714286,68,1,69,FALSE,FALSE,FALSE,FALSE,TRUE
2022,4395626,Tre Jones,1,73,69,4,0,0,4,1150,16.666666666666668,23,13,25,FALSE,FALSE,FALSE,FALSE,FALSE
2022,4395627,Cam Reddish,2,54,49,5,0,0,4,1009,20.591836734693878,25,10,27,FALSE,FALSE,FALSE,FALSE,FALSE
2022,4395630,Devin Vassell,1,72,71,1,1,0,0,1936,27.267605633802816,65,5,67,FALSE,FALSE,FALSE,FALSE,FALSE
2022,4395651,Coby White,1,64,61,3,0,0,0,1676,27.475409836065573,56,1,57,FALSE,FALSE,FALSE,FALSE,FALSE
2022,4395652,Nassir Little,1,42,42,0,0,0,0,1089,25.928571428571427,34,5,36,FALSE,FALSE,FALSE,FALSE,FALSE
2022,4395688,Jaylen Hoard,1,8,7,1,0,0,1,240,34.285714285714285,6,0,6,FALSE,FALSE,FALSE,FALSE,FALSE
2022,4395695,Jared Butler,1,70,42,28,0,0,28,360,8.571428571428571,6,2,8,FALSE,FALSE,FALSE,FALSE,FALSE
2022,4395698,Kira Lewis Jr.,1,27,24,3,0,0,3,341,14.208333333333334,3,7,5,FALSE,FALSE,FALSE,FALSE,FALSE
2022,4395702,Isaiah Joe,1,77,53,24,0,0,21,612,11.547169811320755,10,7,12,FALSE,FALSE,FALSE,FALSE,FALSE
2022,4395704,Mason Jones,1,8,4,4,0,0,4,51,12.75,1,1,2,FALSE,FALSE,FALSE,FALSE,FALSE
2022,4395723,Keldon Johnson,1,75,75,0,0,0,0,2389,31.85333333333333,73,2,75,FALSE,FALSE,FALSE,FALSE,TRUE
2022,4395724,Immanuel Quickley,1,78,78,0,0,0,0,1800,23.076923076923077,57,10,59,FALSE,FALSE,FALSE,FALSE,FALSE
2022,4395725,Tyler Herro,1,71,66,5,0,0,0,2154,32.63636363636363,65,1,66,FALSE,FALSE,FALSE,FALSE,TRUE
2022,4396629,Nate Hinton,1,5,2,3,0,0,3,3,1.5,0,0,0,FALSE,FALSE,FALSE,FALSE,FALSE
2022,4396638,Feron Hunt,2,4,2,2,0,0,2,9,4.5,0,0,0,FALSE,FALSE,FALSE,FALSE,FALSE
2022,4396682,Jaime Echenique,1,4,1,3,0,0,3,3,3,0,0,0,FALSE,FALSE,FALSE,FALSE,FALSE
2022,4396907,Darius Garland,2,69,69,0,0,0,0,2453,35.55072463768116,69,0,69,FALSE,FALSE,FALSE,FALSE,TRUE
2022,4396909,Aaron Nesmith,1,68,52,16,0,0,16,574,11.038461538461538,7,6,9,FALSE,FALSE,FALSE,FALSE,FALSE
2022,4396959,Reggie Perry,2,12,10,2,0,0,2,186,18.6,3,4,5,FALSE,FALSE,FALSE,FALSE,FALSE
2022,4396960,DJ Stewart,1,1,0,1,0,0,1,0,0,0,0,0,FALSE,FALSE,FALSE,FALSE,FALSE
2022,4396961,Robert Woodard II,2,29,12,17,0,0,16,42,3.5,0,0,0,FALSE,FALSE,FALSE,FALSE,FALSE
2022,4396971,Naz Reid,1,79,77,2,0,0,0,1213,15.753246753246753,16,19,18,FALSE,FALSE,FALSE,FALSE,FALSE
2022,4396972,Javonte Smart,2,28,17,11,0,0,11,201,11.823529411764707,3,1,4,FALSE,FALSE,FALSE,FALSE,FALSE
2022,4396991,Talen Horton-Tucker,1,65,60,5,0,0,2,1513,25.216666666666665,46,11,48,FALSE,FALSE,FALSE,FALSE,FALSE
2022,4396993,Tyrese Haliburton,2,77,77,0,0,0,0,2696,35.01298701298701,77,0,77,FALSE,FALSE,FALSE,FALSE,TRUE
2022,4397002,Ayo Dosunmu,1,78,77,1,0,0,1,2110,27.4025974025974,61,8,63,FALSE,FALSE,FALSE,FALSE,FALSE
2022,4397008,Romeo Langford,2,60,48,12,1,0,11,774,16.125,15,14,17,FALSE,FALSE,FALSE,FALSE,FALSE
2022,4397014,Quentin Grimes,1,62,42,20,0,0,15,787,18.738095238095237,17,13,19,FALSE,FALSE,FALSE,FALSE,FALSE
2022,4397016,Devon Dotson,1,21,11,10,0,0,10,85,7.7272727272727275,0,2,2,FALSE,FALSE,FALSE,FALSE,FALSE
2022,4397020,Luguentz Dort,1,52,51,1,0,0,0,1667,32.68627450980392,50,1,51,FALSE,FALSE,FALSE,FALSE,TRUE
2022,4397033,Joe Wieskamp,1,50,29,21,1,0,19,205,7.068965517241379,3,0,3,FALSE,FALSE,FALSE,FALSE,FALSE
2022,4397040,Brandon Williams,1,25,24,1,0,0,0,640,26.666666666666668,20,2,22,FALSE,FALSE,FALSE,FALSE,FALSE
2022,4397071,Mac McClung,2,8,2,6,0,0,6,25,12.5,1,0,1,FALSE,FALSE,FALSE,FALSE,FALSE
2022,4397077,Jaxson Hayes,1,82,70,12,0,0,12,1397,19.957142857142856,31,20,33,FALSE,FALSE,FALSE,FALSE,FALSE
2022,4397102,Bol Bol,1,30,13,17,0,0,16,80,6.153846153846154,1,0,1,FALSE,FALSE,FALSE,FALSE,FALSE
2022,4397103,Louis King,1,23,10,13,0,0,13,105,10.5,1,2,3,FALSE,FALSE,FALSE,FALSE,FALSE
2022,4397107,David Duke Jr.,1,37,22,15,0,0,15,340,15.454545454545455,8,3,10,FALSE,FALSE,FALSE,FALSE,FALSE
2022,4397126,Moses Brown,2,72,40,32,0,0,32,347,8.675,6,0,6,FALSE,FALSE,FALSE,FALSE,FALSE
2022,4397136,Saddiq Bey,1,82,82,0,0,0,0,2704,32.97560975609756,80,0,80,FALSE,FALSE,FALSE,FALSE,TRUE
2022,4397140,Kevin Porter Jr.,1,62,61,1,0,0,1,1905,31.229508196721312,56,3,58,FALSE,FALSE,FALSE,FALSE,TRUE
2022,4397166,CJ Elleby,1,78,58,20,0,0,20,1172,20.20689655172414,33,8,35,FALSE,FALSE,FALSE,FALSE,FALSE
2022,4397183,Aaron Wiggins,1,62,49,13,2,0,7,1211,24.714285714285715,36,6,38,FALSE,FALSE,FALSE,FALSE,FALSE
2022,4397189,Jalen Smith,2,78,51,27,2,0,23,929,18.215686274509803,26,9,28,FALSE,FALSE,FALSE,FALSE,FALSE
2022,4397205,Ignas Brazdeikis,1,75,42,33,0,0,33,532,12.666666666666666,10,5,12,FALSE,FALSE,FALSE,FALSE,FALSE
2022,4397209,Aaron Henry,1,17,6,11,0,0,9,18,3,0,0,0,FALSE,FALSE,FALSE,FALSE,FALSE
2022,4397215,Daniel Oturu,1,4,3,1,0,0,1,28,9.333333333333334,1,0,1,FALSE,FALSE,FALSE,FALSE,FALSE
2022,4397235,Duane Washington Jr.,1,64,48,16,0,0,14,970,20.208333333333332,27,10,29,FALSE,FALSE,FALSE,FALSE,FALSE
2022,4397424,Neemias Queta,1,39,14,25,0,0,23,121,8.642857142857142,1,3,3,FALSE,FALSE,FALSE,FALSE,FALSE
2022,4397688,Trey Murphy III,1,76,62,14,0,0,14,866,13.96774193548387,15,20,17,FALSE,FALSE,FALSE,FALSE,FALSE
2022,4397693,Kessler Edwards,1,59,48,11,0,0,11,990,20.625,25,9,27,FALSE,FALSE,FALSE,FALSE,FALSE
2022,4397885,Dalano Banton,1,77,64,13,1,0,12,697,10.890625,6,11,8,FALSE,FALSE,FALSE,FALSE,FALSE
2022,4397886,Charles Bassey,1,64,23,41,0,0,39,167,7.260869565217392,1,2,3,FALSE,FALSE,FALSE,FALSE,FALSE
2022,4397916,Jason Preston,1,1,0,1,0,0,0,0,0,0,0,0,FALSE,FALSE,FALSE,FALSE,FALSE
2022,4401416,Juan Toscano-Anderson,1,81,70,11,0,0,8,997,14.242857142857142,19,15,21,FALSE,FALSE,FALSE,FALSE,FALSE
2022,4407254,Brodric Thomas,1,30,12,18,0,0,18,61,5.083333333333333,0,0,0,FALSE,FALSE,FALSE,FALSE,FALSE
2022,4409222,Trevelin Queen,1,16,10,6,0,0,6,75,7.5,1,1,2,FALSE,FALSE,FALSE,FALSE,FALSE
2022,4423314,Sekou Doumbouya,1,6,2,4,0,0,4,16,8,0,0,0,FALSE,FALSE,FALSE,FALSE,FALSE
2022,4423545,Darius Bazley,1,69,69,0,0,0,0,1928,27.942028985507246,62,6,64,FALSE,FALSE,FALSE,FALSE,FALSE
2022,4423883,Deividas Sirvydis,1,3,3,0,0,0,0,27,9,0,1,1,FALSE,FALSE,FALSE,FALSE,FALSE
2022,4423885,Didi Louzada,2,30,9,21,0,0,12,129,14.333333333333334,1,4,3,FALSE,FALSE,FALSE,FALSE,FALSE
2022,4423888,Daulton Hommes,1,3,0,3,0,0,3,0,0,0,0,0,FALSE,FALSE,FALSE,FALSE,FALSE
2022,4431669,Vernon Carey Jr.,2,34,7,27,0,0,27,44,6.285714285714286,0,1,1,FALSE,FALSE,FALSE,FALSE,FALSE
2022,4431671,Jaden McDaniels,1,70,70,0,0,0,0,1802,25.742857142857144,57,11,59,FALSE,FALSE,FALSE,FALSE,FALSE
2022,4431675,Trendon Watford,1,54,48,6,0,0,5,869,18.104166666666668,22,7,24,FALSE,FALSE,FALSE,FALSE,FALSE
2022,4431678,Tyrese Maxey,1,77,75,2,0,0,0,2653,35.373333333333335,75,0,75,FALSE,FALSE,FALSE,FALSE,TRUE
2022,4431679,Precious Achiuwa,1,74,73,1,0,0,1,1730,23.698630136986303,48,21,50,FALSE,FALSE,FALSE,FALSE,FALSE
2022,4431680,Onyeka Okongwu,1,48,48,0,0,0,0,991,20.645833333333332,22,24,24,FALSE,FALSE,FALSE,FALSE,FALSE
2022,4431686,Cassius Stanley,1,11,9,2,0,0,2,155,17.22222222222222,3,2,5,FALSE,FALSE,FALSE,FALSE,FALSE
2022,4431687,Patrick Williams,1,17,17,0,0,0,0,422,24.823529411764707,11,4,13,FALSE,FALSE,FALSE,FALSE,FALSE
2022,4431688,Jahmi'us Ramsey,1,45,19,26,0,0,26,134,7.052631578947368,2,1,3,FALSE,FALSE,FALSE,FALSE,FALSE
2022,4431690,Zeke Nnaji,1,53,41,12,0,0,11,697,17,13,16,15,FALSE,FALSE,FALSE,FALSE,FALSE
2022,4431699,Kai Jones,1,54,21,33,0,0,33,64,3.0476190476190474,0,0,0,FALSE,FALSE,FALSE,FALSE,FALSE
2022,4431712,James Bouknight,1,59,30,29,0,0,28,304,10.133333333333333,6,3,8,FALSE,FALSE,FALSE,FALSE,FALSE
2022,4431747,Tyrell Terry,2,5,1,4,0,0,3,3,3,0,0,0,FALSE,FALSE,FALSE,FALSE,FALSE
2022,4431823,Miles McBride,1,75,37,38,0,0,32,373,10.08108108108108,7,5,9,FALSE,FALSE,FALSE,FALSE,FALSE
2022,4431828,KJ Martin,1,80,79,1,0,0,1,1657,20.974683544303797,42,28,44,FALSE,FALSE,FALSE,FALSE,FALSE
2022,4432158,Evan Mobley,1,69,69,0,0,0,0,2329,33.7536231884058,68,0,68,FALSE,FALSE,FALSE,FALSE,TRUE
2022,4432161,Greg Brown III,1,80,47,33,1,0,30,637,13.553191489361701,13,8,15,FALSE,FALSE,FALSE,FALSE,FALSE
2022,4432162,Brandon Boston,1,66,50,16,0,0,15,760,15.2,20,6,22,FALSE,FALSE,FALSE,FALSE,FALSE
2022,4432164,Jaden Springer,1,15,2,13,0,0,11,6,3,0,0,0,FALSE,FALSE,FALSE,FALSE,FALSE
2022,4432165,Jalen Suggs,1,48,48,0,0,0,0,1305,27.1875,43,4,45,FALSE,FALSE,FALSE,FALSE,FALSE
2022,4432166,Cade Cunningham,1,72,64,8,2,0,0,2085,32.578125,62,1,63,FALSE,FALSE,FALSE,FALSE,TRUE
2022,4432168,Josh Christopher,1,80,74,6,0,0,6,1333,18.013513513513512,33,19,35,FALSE,FALSE,FALSE,FALSE,FALSE
2022,4432170,Isaiah Jackson,1,53,35,18,0,0,16,540,15.428571428571429,14,4,16,FALSE,FALSE,FALSE,FALSE,FALSE
2022,4432171,Moses Moody,1,71,52,19,0,0,19,609,11.711538461538462,12,6,14,FALSE,FALSE,FALSE,FALSE,FALSE
2022,4432173,Sharife Cooper,1,31,12,19,0,0,17,39,3.25,0,0,0,FALSE,FALSE,FALSE,FALSE,FALSE
2022,4432174,Cam Thomas,1,78,67,11,1,0,10,1174,17.52238805970149,27,14,29,FALSE,FALSE,FALSE,FALSE,FALSE
2022,4432176,Daishen Nix,1,33,24,9,0,0,9,262,10.916666666666666,3,3,5,FALSE,FALSE,FALSE,FALSE,FALSE
2022,4432192,Keon Johnson,2,46,37,9,1,0,5,695,18.783783783783782,17,8,19,FALSE,FALSE,FALSE,FALSE,FALSE
2022,4432194,Day'Ron Sharpe,1,57,32,25,0,0,25,391,12.21875,8,3,10,FALSE,FALSE,FALSE,FALSE,FALSE
2022,4432809,Cole Anthony,1,72,65,7,0,0,1,2057,31.646153846153847,64,0,64,FALSE,FALSE,FALSE,FALSE,TRUE
2022,4432810,Isaiah Stewart,1,73,71,2,0,0,0,1813,25.535211267605632,60,8,62,FALSE,FALSE,FALSE,FALSE,FALSE
2022,4432811,Josh Green,1,78,67,11,0,0,11,1038,15.492537313432836,22,18,24,FALSE,FALSE,FALSE,FALSE,FALSE
2022,4432812,Scottie Lewis,1,9,2,7,0,0,7,6,3,0,0,0,FALSE,FALSE,FALSE,FALSE,FALSE
2022,4432813,Jeremiah Robinson-Earl,1,54,49,5,0,0,4,1088,22.20408163265306,33,10,35,FALSE,FALSE,FALSE,FALSE,FALSE
2022,4432816,LaMelo Ball,2,77,76,1,0,0,1,2444,32.1578947368421,75,0,75,FALSE,FALSE,FALSE,FALSE,TRUE
2022,4432819,Tre Mann,1,68,60,8,0,0,2,1366,22.766666666666666,33,15,35,FALSE,FALSE,FALSE,FALSE,FALSE
2022,4432822,Isaac Okoro,1,67,67,0,0,0,0,1979,29.53731343283582,62,4,64,FALSE,FALSE,FALSE,FALSE,TRUE
2022,4432907,Justin Champagnie,1,61,36,25,0,0,24,280,7.777777777777778,2,1,3,FALSE,FALSE,FALSE,FALSE,FALSE
2022,4433134,Scottie Barnes,1,76,74,2,2,0,0,2617,35.36486486486486,74,0,74,FALSE,FALSE,FALSE,FALSE,TRUE
2022,4433137,Ziaire Williams,1,64,62,2,0,0,1,1344,21.677419354838708,35,21,37,FALSE,FALSE,FALSE,FALSE,FALSE
2022,4433247,Jonathan Kuminga,1,72,69,3,0,0,2,1183,17.144927536231883,30,10,32,FALSE,FALSE,FALSE,FALSE,FALSE
2022,4437244,Jalen Green,1,68,67,1,0,0,1,2142,31.970149253731343,66,0,66,FALSE,FALSE,FALSE,FALSE,TRUE
2022,4566434,Franz Wagner,1,79,78,1,0,0,0,2426,31.102564102564102,77,0,77,FALSE,FALSE,FALSE,FALSE,TRUE
2022,4578893,Vit Krejci,1,41,29,12,0,0,11,688,23.724137931034484,21,3,23,FALSE,FALSE,FALSE,FALSE,FALSE
2022,4590530,R.J. Hampton,1,64,64,0,0,0,0,1403,21.921875,39,14,41,FALSE,FALSE,FALSE,FALSE,FALSE
2022,4592204,David Johnson,1,23,1,22,0,0,20,2,2,0,0,0,FALSE,FALSE,FALSE,FALSE,FALSE
2022,4592402,Chris Duarte,1,62,55,7,0,0,0,1542,28.036363636363635,48,5,50,FALSE,FALSE,FALSE,FALSE,TRUE
2022,4592492,Bones Hyland,1,75,68,7,1,0,4,1313,19.308823529411764,32,23,34,FALSE,FALSE,FALSE,FALSE,FALSE
2022,4593125,Santi Aldama,1,59,32,27,0,0,27,359,11.21875,4,4,6,FALSE,FALSE,FALSE,FALSE,FALSE
2022,4594268,Anthony Edwards,1,73,72,1,0,0,0,2466,34.25,70,2,72,FALSE,FALSE,FALSE,FALSE,TRUE
2022,4683018,Aleksej Pokusevski,1,70,61,9,0,0,8,1229,20.147540983606557,28,18,30,FALSE,FALSE,FALSE,FALSE,FALSE
2022,4683021,Deni Avdija,1,82,82,0,0,0,0,1987,24.23170731707317,62,15,64,FALSE,FALSE,FALSE,FALSE,FALSE
2022,4683022,Georgios Kalaitzakis,2,26,13,13,0,0,13,214,16.46153846153846,4,1,5,FALSE,FALSE,FALSE,FALSE,FALSE
2022,4683023,Jay Scrubb,1,29,18,11,0,0,11,121,6.722222222222222,1,2,3,FALSE,FALSE,FALSE,FALSE,FALSE
2022,4683024,Killian Hayes,1,69,66,3,0,0,0,1650,25,56,5,58,FALSE,FALSE,FALSE,FALSE,FALSE
2022,4683025,Leandro Bolmaro,1,61,35,26,0,0,26,242,6.914285714285715,1,6,3,FALSE,FALSE,FALSE,FALSE,FALSE
2022,4683027,Theo Maledon,1,72,51,21,0,0,21,909,17.823529411764707,21,8,23,FALSE,FALSE,FALSE,FALSE,FALSE
2022,4683622,Marko Simonovic,1,29,9,20,0,0,20,37,4.111111111111111,0,0,0,FALSE,FALSE,FALSE,FALSE,FALSE
2022,4701230,Jalen Johnson,1,48,21,27,0,0,26,121,5.761904761904762,1,2,3,FALSE,FALSE,FALSE,FALSE,FALSE
2022,4702176,Joshua Primo,1,56,50,6,0,0,5,965,19.3,26,10,28,FALSE,FALSE,FALSE,FALSE,FALSE
2022,4702233,JT Thor,1,59,33,26,0,0,26,260,7.878787878787879,3,4,5,FALSE,FALSE,FALSE,FALSE,FALSE
2022,4711005,Trevon Scott,1,3,2,1,0,0,1,11,5.5,0,0,0,FALSE,FALSE,FALSE,FALSE,FALSE
2022,4715198,Isaiah Todd,1,39,12,27,0,0,27,74,6.166666666666667,0,2,2,FALSE,FALSE,FALSE,FALSE,FALSE
2022,4871143,Usman Garuba,1,44,24,20,1,0,15,240,10,2,3,4,FALSE,FALSE,FALSE,FALSE,FALSE
2022,4871144,Alperen Sengun,1,72,72,0,0,0,0,1490,20.694444444444443,39,21,41,FALSE,FALSE,FALSE,FALSE,FALSE
2022,4871145,Josh Giddey,1,54,54,0,0,0,0,1708,31.62962962962963,54,0,54,FALSE,FALSE,FALSE,FALSE,TRUE
2022,4895499,Wayne Selden,1,30,3,27,0,0,27,19,6.333333333333333,0,0,0,FALSE,FALSE,FALSE,FALSE,FALSE
2022,4981257,Gabriel Lundberg,1,7,4,3,0,0,3,44,11,1,0,1,FALSE,FALSE,FALSE,FALSE,FALSE
2022,6426,Davis Bertans,2,61,56,5,0,0,5,806,14.392857142857142,12,13,14,FALSE,FALSE,FALSE,FALSE,FALSE
2022,6427,Bismack Biyombo,1,47,36,11,0,0,11,507,14.083333333333334,11,2,13,FALSE,FALSE,FALSE,FALSE,FALSE
2022,6429,Alec Burks,1,81,81,0,0,0,0,2320,28.641975308641975,67,11,69,FALSE,FALSE,FALSE,FALSE,TRUE
2022,6430,Jimmy Butler III,2,58,58,0,0,0,0,1939,33.43103448275862,54,2,56,TRUE,TRUE,FALSE,FALSE,FALSE
2022,6440,Tobias Harris,1,76,73,3,1,0,0,2543,34.83561643835616,73,0,73,FALSE,FALSE,FALSE,FALSE,TRUE
2022,6442,Kyrie Irving,1,29,29,0,0,0,0,1092,37.6551724137931,29,0,29,TRUE,TRUE,FALSE,FALSE,FALSE
2022,6443,Reggie Jackson,1,77,75,2,0,2,0,2334,31.12,72,3,74,FALSE,FALSE,FALSE,FALSE,TRUE
2022,6446,Cory Joseph,1,74,65,9,2,0,3,1599,24.6,49,13,51,FALSE,FALSE,FALSE,FALSE,FALSE
2022,6447,Enes Freedom,1,51,35,16,0,0,16,412,11.771428571428572,5,5,7,FALSE,FALSE,FALSE,FALSE,FALSE
2022,6448,Brandon Knight,1,6,5,1,0,0,1,65,13,2,0,2,FALSE,FALSE,FALSE,FALSE,FALSE
2022,6460,E'Twaun Moore,1,5,0,5,0,0,0,0,0,0,0,0,FALSE,FALSE,FALSE,FALSE,FALSE
2022,6461,Markieff Morris,1,24,17,7,0,0,5,300,17.647058823529413,7,6,9,FALSE,FALSE,FALSE,FALSE,FALSE
2022,6462,Marcus Morris Sr.,1,58,54,4,0,1,1,1564,28.962962962962962,52,1,53,FALSE,FALSE,FALSE,FALSE,TRUE
2022,6472,Isaiah Thomas,3,25,22,3,0,0,3,334,15.181818181818182,5,5,7,FALSE,FALSE,FALSE,FALSE,FALSE
2022,6474,Tristan Thompson,3,79,57,22,0,0,21,891,15.631578947368421,15,20,17,FALSE,FALSE,FALSE,FALSE,FALSE
2022,6475,Klay Thompson,1,34,32,2,1,0,0,941,29.40625,32,0,32,TRUE,FALSE,FALSE,FALSE,FALSE
2022,6477,Jonas Valanciunas,1,75,74,1,0,0,0,2236,30.216216216216218,71,2,73,FALSE,FALSE,FALSE,FALSE,TRUE
2022,6478,Nikola Vucevic,1,73,73,0,0,0,0,2420,33.15068493150685,73,0,73,TRUE,FALSE,FALSE,FALSE,FALSE
2022,6479,Kemba Walker,1,47,37,10,0,0,9,947,25.594594594594593,30,7,32,TRUE,FALSE,FALSE,FALSE,FALSE
2022,6507,Brad Wanamaker,2,35,23,12,0,0,12,319,13.869565217391305,6,4,8,FALSE,FALSE,FALSE,FALSE,FALSE
2022,6578,Harrison Barnes,1,77,77,0,0,0,0,2589,33.62337662337662,76,0,76,FALSE,FALSE,FALSE,FALSE,TRUE
2022,6579,Will Barton,1,73,71,2,0,0,1,2277,32.070422535211264,71,0,71,FALSE,FALSE,FALSE,FALSE,TRUE
2022,6580,Bradley Beal,1,41,40,1,0,0,0,1440,36,40,0,40,TRUE,TRUE,FALSE,FALSE,FALSE
2022,6581,Jae Crowder,1,76,67,9,4,0,0,1891,28.223880597014926,67,0,67,FALSE,FALSE,FALSE,FALSE,TRUE
2022,6583,Anthony Davis,1,44,40,4,0,0,0,1408,35.2,38,1,39,TRUE,FALSE,FALSE,FALSE,FALSE
2022,6585,Andre Drummond,2,76,73,3,1,0,0,1438,19.698630136986303,29,27,31,FALSE,FALSE,FALSE,FALSE,FALSE
2022,6588,Evan Fournier,1,81,80,1,0,0,0,2360,29.5,78,2,80,FALSE,FALSE,FALSE,FALSE,TRUE
2022,6589,Draymond Green,1,46,45,1,0,0,0,1328,29.511111111111113,44,1,45,FALSE,TRUE,FALSE,FALSE,TRUE
2022,6591,Maurice Harkless,1,76,47,29,1,0,26,861,18.319148936170212,22,9,24,FALSE,FALSE,FALSE,FALSE,FALSE
2022,6603,Jeremy Lamb,2,65,56,9,1,0,5,938,16.75,18,17,20,FALSE,FALSE,FALSE,FALSE,FALSE
2022,6606,Damian Lillard,1,29,29,0,0,0,0,1055,36.37931034482759,29,0,29,TRUE,TRUE,FALSE,FALSE,FALSE
2022,6609,Khris Middleton,2,71,67,4,3,0,0,2163,32.28358208955224,67,0,67,TRUE,FALSE,FALSE,FALSE,FALSE
2022,6617,Austin Rivers,1,72,67,5,2,0,3,1484,22.149253731343283,42,17,44,FALSE,FALSE,FALSE,FALSE,FALSE
2022,6619,Terrence Ross,1,76,63,13,0,0,10,1451,23.03174603174603,47,9,49,FALSE,FALSE,FALSE,FALSE,FALSE
2022,6621,Tomas Satoransky,3,75,55,20,0,0,20,907,16.490909090909092,16,19,18,FALSE,FALSE,FALSE,FALSE,FALSE
2022,6637,Kent Bazemore,1,76,39,37,0,0,37,545,13.974358974358974,12,4,14,FALSE,FALSE,FALSE,FALSE,FALSE
2023,1966,LeBron James,2,58,56,2,0,0,0,1968,35.142857142857146,55,0,55,TRUE,TRUE,FALSE,FALSE,FALSE
2023,2184,Udonis Haslem,1,77,7,70,2,0,66,71,10.142857142857142,1,0,1,FALSE,FALSE,FALSE,FALSE,FALSE
2023,2284101,Justin Holiday,3,77,46,31,0,0,31,705,15.326086956521738,15,12,17,FALSE,FALSE,FALSE,FALSE,FALSE
2023,2326307,Seth Curry,1,62,61,1,1,0,0,1212,19.868852459016395,34,11,36,FALSE,FALSE,FALSE,FALSE,FALSE
2023,2327577,JaMychal Green,1,68,57,11,0,0,11,797,13.982456140350877,5,24,7,FALSE,FALSE,FALSE,FALSE,FALSE
2023,2386,Andre Iguodala,1,10,8,2,0,0,0,113,14.125,0,3,2,FALSE,FALSE,FALSE,FALSE,FALSE
2023,2451037,Daniel Theis,1,28,7,21,0,0,21,108,15.428571428571429,1,5,3,FALSE,FALSE,FALSE,FALSE,FALSE
2023,2488653,Mason Plumlee,2,79,79,0,0,0,0,2046,25.89873417721519,65,10,67,FALSE,FALSE,FALSE,FALSE,FALSE
2023,2488826,Rodney McGruder,1,81,32,49,1,0,40,523,16.34375,12,7,14,FALSE,FALSE,FALSE,FALSE,FALSE
2023,2489663,Kelly Olynyk,1,68,68,0,0,0,0,1938,28.5,65,3,67,FALSE,FALSE,FALSE,FALSE,TRUE
2023,2489716,Matthew Dellavedova,1,75,31,44,0,0,43,214,6.903225806451613,1,4,3,FALSE,FALSE,FALSE,FALSE,FALSE
2023,2490089,Mike Muscala,2,75,63,12,0,0,12,947,15.031746031746032,12,17,14,FALSE,FALSE,FALSE,FALSE,FALSE
2023,2490149,CJ McCollum,1,75,75,0,0,0,0,2652,35.36,75,0,75,FALSE,FALSE,FALSE,FALSE,TRUE
2023,2490620,Robert Covington,1,76,48,28,0,0,28,777,16.1875,20,9,22,FALSE,FALSE,FALSE,FALSE,FALSE
2023,2527963,Victor Oladipo,1,51,42,9,0,0,7,1107,26.357142857142858,36,6,38,FALSE,FALSE,FALSE,FALSE,FALSE
2023,2528210,Tim Hardaway Jr.,1,71,71,0,0,0,0,2150,30.281690140845072,66,4,68,FALSE,FALSE,FALSE,FALSE,TRUE
2023,2528426,Jordan Clarkson,1,62,61,1,0,0,0,1989,32.60655737704918,61,0,61,FALSE,FALSE,FALSE,FALSE,TRUE
2023,2528588,Doug McDermott,1,67,64,3,0,0,2,1312,20.5,40,19,42,FALSE,FALSE,FALSE,FALSE,FALSE
2023,2528693,Torrey Craig,1,79,79,0,0,0,0,1954,24.734177215189874,63,9,65,FALSE,FALSE,FALSE,FALSE,FALSE
2023,2528779,Reggie Bullock Jr.,1,78,78,0,0,0,0,2368,30.358974358974358,72,3,74,FALSE,FALSE,FALSE,FALSE,TRUE
2023,2528794,Joe Harris,1,76,74,2,1,1,0,1524,20.594594594594593,40,15,42,FALSE,FALSE,FALSE,FALSE,FALSE
2023,2530530,T.J. McConnell,1,76,75,1,0,0,0,1528,20.373333333333335,37,26,39,FALSE,FALSE,FALSE,FALSE,FALSE
2023,2531367,Dwight Powell,1,82,76,6,0,0,4,1458,19.18421052631579,32,27,34,FALSE,FALSE,FALSE,FALSE,FALSE
2023,2534781,Gorgui Dieng,1,75,31,44,0,0,44,359,11.580645161290322,5,6,7,FALSE,FALSE,FALSE,FALSE,FALSE
2023,2566769,Malcolm Brogdon,1,69,67,2,0,0,0,1747,26.074626865671643,60,6,62,FALSE,FALSE,FALSE,FALSE,FALSE
2023,2578185,Dorian Finney-Smith,2,66,66,0,0,0,0,2008,30.424242424242426,63,2,65,FALSE,FALSE,FALSE,FALSE,TRUE
2023,2578239,Pat Connaughton,1,62,61,1,0,0,0,1444,23.672131147540984,45,11,47,FALSE,FALSE,FALSE,FALSE,FALSE
2023,2578240,Khem Birch,1,50,20,30,0,0,27,162,8.1,1,1,2,FALSE,FALSE,FALSE,FALSE,FALSE
2023,2579258,Cody Zeller,1,17,15,2,0,0,2,218,14.533333333333333,2,5,4,FALSE,FALSE,FALSE,FALSE,FALSE
2023,2579294,Frank Kaminsky,2,81,35,46,0,0,45,234,6.685714285714286,2,1,3,FALSE,FALSE,FALSE,FALSE,FALSE
2023,2580365,Larry Nance Jr.,1,66,65,1,0,0,0,1383,21.276923076923076,42,14,44,FALSE,FALSE,FALSE,FALSE,FALSE
2023,2580782,Spencer Dinwiddie,2,80,79,1,0,1,0,2729,34.54430379746835,79,0,79,FALSE,FALSE,FALSE,FALSE,TRUE
2023,2580913,Dewayne Dedmon,2,64,38,26,0,0,24,427,11.236842105263158,0,6,2,FALSE,FALSE,FALSE,FALSE,FALSE
2023,2581018,Kentavious Caldwell-Pope,1,76,76,0,0,0,0,2384,31.36842105263158,75,0,75,FALSE,FALSE,FALSE,FALSE,TRUE
2023,2581184,Anthony Gill,1,78,59,19,0,0,19,627,10.627118644067796,7,12,9,FALSE,FALSE,FALSE,FALSE,FALSE
2023,2581190,Josh Richardson,2,67,65,2,0,0,1,1533,23.584615384615386,48,17,50,FALSE,FALSE,FALSE,FALSE,FALSE
2023,2583632,Royce O'Neale,1,78,76,2,1,0,0,2408,31.68421052631579,72,4,74,FALSE,FALSE,FALSE,FALSE,TRUE
2023,2594922,Otto Porter Jr.,1,9,8,1,0,0,0,147,18.375,3,3,5,FALSE,FALSE,FALSE,FALSE,FALSE
2023,2595209,Damion Lee,1,82,74,8,0,0,8,1512,20.43243243243243,42,18,44,FALSE,FALSE,FALSE,FALSE,FALSE
2023,2595516,Norman Powell,1,60,60,0,0,0,0,1567,26.116666666666667,56,4,58,FALSE,FALSE,FALSE,FALSE,FALSE
2023,2596107,Alex Len,1,77,24,53,0,0,51,160,6.666666666666667,0,2,2,FALSE,FALSE,FALSE,FALSE,FALSE
2023,2596108,Michael Carter-Williams,1,21,4,17,0,0,17,45,11.25,0,1,1,FALSE,FALSE,FALSE,FALSE,FALSE
2023,2596112,Javonte Green,1,39,32,7,0,0,4,483,15.09375,4,15,6,FALSE,FALSE,FALSE,FALSE,FALSE
2023,2779,Chris Paul,1,67,59,8,1,0,0,1890,32.03389830508475,57,0,57,TRUE,TRUE,FALSE,FALSE,FALSE
2023,2960236,Maxi Kleber,1,37,37,0,0,0,0,930,25.135135135135137,33,2,35,FALSE,FALSE,FALSE,FALSE,FALSE
2023,2968334,Facundo Campazzo,1,17,7,10,0,0,9,52,7.428571428571429,1,0,1,FALSE,FALSE,FALSE,FALSE,FALSE
2023,2968361,Raul Neto,1,78,48,30,0,0,30,504,10.5,6,5,8,FALSE,FALSE,FALSE,FALSE,FALSE
2023,2968436,Joe Ingles,1,48,46,2,0,0,2,1039,22.58695652173913,30,16,32,FALSE,FALSE,FALSE,FALSE,FALSE
2023,2982334,T.J. Warren,2,48,42,6,0,0,5,686,16.333333333333332,16,8,18,FALSE,FALSE,FALSE,FALSE,FALSE
2023,2990962,Taurean Prince,1,54,54,0,0,0,0,1190,22.037037037037038,36,12,38,FALSE,FALSE,FALSE,FALSE,FALSE
2023,2990969,Georges Niang,1,80,78,2,0,0,1,1512,19.384615384615383,35,25,37,FALSE,FALSE,FALSE,FALSE,FALSE
2023,2990984,Buddy Hield,1,80,80,0,0,0,0,2488,31.1,78,2,80,FALSE,FALSE,FALSE,FALSE,TRUE
2023,2990992,Marcus Smart,1,61,61,0,0,0,0,1961,32.14754098360656,60,1,61,FALSE,TRUE,FALSE,FALSE,TRUE
2023,2991011,Gabe York,1,3,3,0,0,0,0,55,18.333333333333332,1,0,1,FALSE,FALSE,FALSE,FALSE,FALSE
2023,2991043,Caris LeVert,1,76,74,2,0,0,0,2235,30.2027027027027,69,3,71,FALSE,FALSE,FALSE,FALSE,TRUE
2023,2991047,Ryan Arcidiacono,2,62,20,42,1,0,41,173,8.65,4,2,6,FALSE,FALSE,FALSE,FALSE,FALSE
2023,2991055,Montrezl Harrell,1,82,57,25,0,0,25,683,11.982456140350877,8,6,10,FALSE,FALSE,FALSE,FALSE,FALSE
2023,2991070,Jerami Grant,1,63,63,0,0,0,0,2244,35.61904761904762,62,1,63,FALSE,FALSE,FALSE,FALSE,TRUE
2023,2991139,Kris Dunn,1,22,22,0,0,0,0,567,25.772727272727273,20,2,22,FALSE,FALSE,FALSE,FALSE,FALSE
2023,2991155,Danuel House Jr.,1,80,54,26,2,0,19,806,14.925925925925926,14,14,16,FALSE,FALSE,FALSE,FALSE,FALSE
2023,2991230,Fred VanVleet,1,71,69,2,0,0,0,2535,36.73913043478261,69,0,69,TRUE,FALSE,FALSE,FALSE,FALSE
2023,2991235,Steven Adams,1,42,42,0,0,0,0,1133,26.976190476190474,39,2,41,FALSE,FALSE,FALSE,FALSE,FALSE
2023,2991274,Shaquille Harrison,1,5,5,0,0,0,0,119,23.8,4,1,5,FALSE,FALSE,FALSE,FALSE,FALSE
2023,2991280,Nerlens Noel,2,60,17,43,0,0,42,195,11.470588235294118,2,5,4,FALSE,FALSE,FALSE,FALSE,FALSE
2023,2991282,Willie Cauley-Stein,1,6,0,6,0,0,6,0,0,0,0,0,FALSE,FALSE,FALSE,FALSE,FALSE
2023,2991350,Alex Caruso,1,67,67,0,0,0,0,1575,23.507462686567163,52,10,54,FALSE,FALSE,FALSE,FALSE,FALSE
2023,2993370,Richaun Holmes,1,77,41,36,0,0,35,347,8.463414634146341,3,3,5,FALSE,FALSE,FALSE,FALSE,FALSE
2023,2993874,Kyle Anderson,1,72,69,3,1,0,0,1955,28.333333333333332,61,2,63,FALSE,FALSE,FALSE,FALSE,TRUE
2023,2994526,Bryn Forbes,1,55,25,30,0,0,29,268,10.72,0,5,2,FALSE,FALSE,FALSE,FALSE,FALSE
2023,2999409,Willy Hernangomez,1,82,37,45,0,0,44,457,12.35135135135135,6,11,8,FALSE,FALSE,FALSE,FALSE,FALSE
2023,2999547,Gary Harris,1,52,48,4,1,0,1,1187,24.729166666666668,43,4,45,FALSE,FALSE,FALSE,FALSE,FALSE
2023,3005,Rudy Gay,1,56,56,0,0,0,0,816,14.571428571428571,2,29,4,FALSE,FALSE,FALSE,FALSE,FALSE
2023,3012,Kyle Lowry,1,57,55,2,0,0,1,1717,31.21818181818182,53,1,54,TRUE,FALSE,FALSE,FALSE,FALSE
2023,3032976,Rudy Gobert,1,73,70,3,0,0,0,2146,30.65714285714286,64,2,66,TRUE,TRUE,FALSE,FALSE,FALSE
2023,3032977,Giannis Antetokounmpo,2,64,63,1,0,0,0,2026,32.15873015873016,61,0,61,TRUE,TRUE,FALSE,FALSE,FALSE
2023,3032978,Dario Saric,2,83,57,26,0,0,26,807,14.157894736842104,18,8,20,FALSE,FALSE,FALSE,FALSE,FALSE
2023,3032979,Dennis Schroder,1,68,66,2,1,0,0,1986,30.09090909090909,61,4,63,FALSE,FALSE,FALSE,FALSE,TRUE
2023,3033,P.J. Tucker,1,76,75,1,0,0,0,1917,25.56,64,9,66,FALSE,FALSE,FALSE,FALSE,FALSE
2023,3037789,Bogdan Bogdanovic,1,55,54,1,0,0,0,1507,27.90740740740741,53,1,54,FALSE,FALSE,FALSE,FALSE,FALSE
2023,3056245,Malcolm Hill,1,36,3,33,0,0,31,9,3,0,0,0,FALSE,FALSE,FALSE,FALSE,FALSE
2023,3056247,Kendrick Nunn,2,83,70,13,0,0,13,964,13.771428571428572,18,16,20,FALSE,FALSE,FALSE,FALSE,FALSE
2023,3057187,Sterling Brown,1,5,4,1,0,0,1,25,6.25,0,1,1,FALSE,FALSE,FALSE,FALSE,FALSE
2023,3058254,Christian Wood,1,70,67,3,0,0,1,1739,25.955223880597014,55,7,57,FALSE,FALSE,FALSE,FALSE,FALSE
2023,3059262,Davon Reed,2,79,43,36,0,0,36,346,8.046511627906977,5,3,7,FALSE,FALSE,FALSE,FALSE,FALSE
2023,3059307,Ish Wainright,1,72,60,12,0,0,12,913,15.216666666666667,18,12,20,FALSE,FALSE,FALSE,FALSE,FALSE
2023,3059310,Monte Morris,1,64,62,2,0,0,0,1694,27.322580645161292,58,3,60,FALSE,FALSE,FALSE,FALSE,FALSE
2023,3059318,Joel Embiid,2,70,67,3,1,0,0,2316,34.56716417910448,66,1,67,TRUE,TRUE,FALSE,FALSE,FALSE
2023,3059319,Andrew Wiggins,1,40,37,3,1,0,0,1190,32.16216216216216,36,1,37,TRUE,FALSE,FALSE,FALSE,FALSE
2023,3059358,Deonte Burton,1,5,2,3,0,0,3,6,3,0,0,0,FALSE,FALSE,FALSE,FALSE,FALSE
2023,3062679,Josh Hart,2,78,76,2,0,0,0,2456,32.31578947368421,75,0,75,FALSE,FALSE,FALSE,FALSE,TRUE
2023,3064230,Cameron Payne,1,52,48,4,0,0,1,972,20.25,19,18,21,FALSE,FALSE,FALSE,FALSE,FALSE
2023,3064290,Aaron Gordon,1,68,68,0,0,0,0,2056,30.235294117647058,67,0,67,FALSE,FALSE,FALSE,FALSE,TRUE
2023,3064440,Zach LaVine,1,77,77,0,0,0,0,2768,35.94805194805195,77,0,77,TRUE,FALSE,FALSE,FALSE,FALSE
2023,3064447,Delon Wright,1,51,50,1,0,0,1,1225,24.5,37,13,39,FALSE,FALSE,FALSE,FALSE,FALSE
2023,3064482,Bobby Portis,1,71,70,1,0,0,1,1815,25.928571428571427,61,9,63,FALSE,FALSE,FALSE,FALSE,FALSE
2023,3064514,Julius Randle,2,78,78,0,0,0,0,2760,35.38461538461539,77,1,78,TRUE,FALSE,FALSE,FALSE,FALSE
2023,3064559,Damian Jones,2,80,40,40,0,0,38,476,11.9,9,5,11,FALSE,FALSE,FALSE,FALSE,FALSE
2023,3064560,Luke Kornet,1,80,69,11,0,0,11,808,11.710144927536232,9,17,11,FALSE,FALSE,FALSE,FALSE,FALSE
2023,3074213,Omer Yurtseven,1,17,9,8,0,0,8,84,9.333333333333334,1,1,2,FALSE,FALSE,FALSE,FALSE,FALSE
2023,3074752,Terry Rozier,1,66,63,3,1,0,0,2224,35.301587301587304,61,0,61,FALSE,FALSE,FALSE,FALSE,TRUE
2023,3078284,Noah Vonleh,1,38,23,15,0,0,15,171,7.434782608695652,2,2,4,FALSE,FALSE,FALSE,FALSE,FALSE
2023,3078576,Derrick White,1,82,82,0,0,0,0,2322,28.317073170731707,75,5,77,FALSE,FALSE,FALSE,FALSE,TRUE
2023,3102529,Clint Capela,1,67,65,2,1,0,0,1726,26.553846153846155,62,3,64,FALSE,FALSE,FALSE,FALSE,FALSE
2023,3102530,Jusuf Nurkic,1,55,52,3,0,0,0,1391,26.75,45,4,47,FALSE,FALSE,FALSE,FALSE,FALSE
2023,3102531,Kristaps Porzingis,1,68,65,3,2,0,0,2122,32.646153846153844,65,0,65,FALSE,FALSE,FALSE,FALSE,TRUE
2023,3102533,Thanasis Antetokounmpo,1,80,37,43,0,0,42,209,5.648648648648648,2,2,4,FALSE,FALSE,FALSE,FALSE,FALSE
2023,3112335,Nikola Jokic,2,70,70,0,0,0,0,2342,33.457142857142856,70,0,70,TRUE,TRUE,FALSE,FALSE,FALSE
2023,3129932,Xavier Cooks,1,12,10,2,0,0,2,126,12.6,3,1,4,FALSE,FALSE,FALSE,FALSE,FALSE
2023,3133601,Devonte' Graham,2,78,73,5,0,0,4,1339,18.34246575342466,30,20,32,FALSE,FALSE,FALSE,FALSE,FALSE
2023,3133602,Svi Mykhailiuk,2,80,31,49,0,0,48,469,15.129032258064516,11,2,13,FALSE,FALSE,FALSE,FALSE,FALSE
2023,3133603,Kelly Oubre Jr.,1,57,48,9,0,0,0,1550,32.291666666666664,46,0,46,FALSE,FALSE,FALSE,FALSE,TRUE
2023,3133626,Kenrich Williams,1,55,53,2,0,0,2,1205,22.735849056603772,35,16,37,FALSE,FALSE,FALSE,FALSE,FALSE
2023,3133628,Myles Turner,1,68,62,6,1,0,2,1823,29.403225806451612,61,1,62,FALSE,FALSE,FALSE,FALSE,TRUE
2023,3133635,Jevon Carter,1,81,81,0,0,0,0,1809,22.333333333333332,53,15,55,FALSE,FALSE,FALSE,FALSE,FALSE
2023,3133838,Yuta Watanabe,1,68,58,10,0,0,9,928,16,26,6,28,FALSE,FALSE,FALSE,FALSE,FALSE
2023,3134881,Stanley Johnson,1,30,30,0,0,0,0,470,15.666666666666666,5,11,7,FALSE,FALSE,FALSE,FALSE,FALSE
2023,3134903,Gary Payton II,2,30,22,8,1,0,1,367,16.681818181818183,5,11,7,FALSE,FALSE,FALSE,FALSE,FALSE
2023,3134907,Kyle Kuzma,1,64,64,0,0,0,0,2240,35,63,0,63,FALSE,FALSE,FALSE,FALSE,TRUE
2023,3134908,Jakob Poeltl,2,72,72,0,0,0,0,1908,26.5,68,2,70,FALSE,FALSE,FALSE,FALSE,FALSE
2023,3134916,Jordan McLaughlin,1,45,43,2,0,0,1,680,15.813953488372093,10,20,12,FALSE,FALSE,FALSE,FALSE,FALSE
2023,3134932,John Konchar,1,74,72,2,1,0,0,1493,20.73611111111111,40,15,42,FALSE,FALSE,FALSE,FALSE,FALSE
2023,3135045,Grayson Allen,1,73,72,1,1,0,0,1972,27.38888888888889,69,1,70,FALSE,FALSE,FALSE,FALSE,FALSE
2023,3135046,Tyus Jones,1,81,80,1,0,0,0,1939,24.2375,59,15,61,FALSE,FALSE,FALSE,FALSE,FALSE
2023,3135047,Justise Winslow,1,32,29,3,1,0,0,774,26.689655172413794,24,4,26,FALSE,FALSE,FALSE,FALSE,FALSE
2023,3136193,Devin Booker,1,56,53,3,0,0,0,1835,34.62264150943396,52,0,52,TRUE,TRUE,FALSE,FALSE,FALSE
2023,3136195,Karl-Anthony Towns,1,29,29,0,0,0,0,957,33,29,0,29,TRUE,TRUE,FALSE,FALSE,FALSE
2023,3136196,Trey Lyles,1,79,74,5,0,0,4,1248,16.864864864864863,27,24,29,FALSE,FALSE,FALSE,FALSE,FALSE
2023,3136485,Edmond Sumner,1,75,53,22,0,0,22,737,13.90566037735849,11,13,13,FALSE,FALSE,FALSE,FALSE,FALSE
2023,3136776,D'Angelo Russell,2,73,71,2,0,0,0,2307,32.49295774647887,69,1,70,FALSE,FALSE,FALSE,FALSE,TRUE
2023,3136777,Jae'Sean Tate,1,32,31,1,0,0,0,675,21.774193548387096,22,9,24,FALSE,FALSE,FALSE,FALSE,FALSE
2023,3136779,Keita Bates-Diop,1,75,66,9,1,0,7,1457,22.075757575757574,43,8,45,FALSE,FALSE,FALSE,FALSE,FALSE
2023,3137259,Gabe Vincent,1,74,68,6,0,0,3,1757,25.83823529411765,52,14,54,FALSE,FALSE,FALSE,FALSE,FALSE
2023,3138154,Theo Pinson,1,82,36,46,0,0,42,325,9.027777777777779,4,3,6,FALSE,FALSE,FALSE,FALSE,FALSE
2023,3138156,Justin Jackson,1,55,23,32,0,0,32,108,4.695652173913044,0,0,0,FALSE,FALSE,FALSE,FALSE,FALSE
2023,3138160,Caleb Martin,1,73,71,2,0,0,0,2077,29.253521126760564,66,2,68,FALSE,FALSE,FALSE,FALSE,TRUE
2023,3138161,Cody Martin,1,19,7,12,1,0,0,135,19.285714285714285,6,0,6,FALSE,FALSE,FALSE,FALSE,FALSE
2023,3138196,Cameron Johnson,2,44,42,2,2,0,0,1197,28.5,39,2,41,FALSE,FALSE,FALSE,FALSE,TRUE
2023,3146557,Jock Landale,1,80,69,11,0,0,11,980,14.202898550724637,13,18,15,FALSE,FALSE,FALSE,FALSE,FALSE
2023,3147657,Mikal Bridges,2,83,82,1,0,0,0,2965,36.15853658536585,81,0,81,FALSE,TRUE,FALSE,FALSE,TRUE
2023,3149673,Pascal Siakam,2,72,72,0,0,0,0,2666,37.02777777777778,71,1,72,TRUE,TRUE,FALSE,FALSE,FALSE
2023,3150844,Moritz Wagner,1,62,57,5,0,0,2,1110,19.473684210526315,25,21,27,FALSE,FALSE,FALSE,FALSE,FALSE
2023,3155526,Dillon Brooks,1,76,73,3,0,0,0,2215,30.34246575342466,71,1,72,FALSE,FALSE,FALSE,FALSE,TRUE
2023,3155535,Kevon Looney,1,82,82,0,0,0,0,1961,23.914634146341463,68,10,70,FALSE,FALSE,FALSE,FALSE,FALSE
2023,3155942,Domantas Sabonis,2,80,80,0,0,0,0,2748,34.35,78,1,79,TRUE,FALSE,FALSE,FALSE,FALSE
2023,3157465,Duncan Robinson,1,57,42,15,0,0,13,695,16.547619047619047,17,9,19,FALSE,FALSE,FALSE,FALSE,FALSE
2023,3195,Mike Conley,2,67,67,0,0,0,0,2026,30.238805970149254,66,0,66,TRUE,FALSE,FALSE,FALSE,FALSE
2023,3202,Kevin Durant,2,48,47,1,0,0,0,1673,35.59574468085106,47,0,47,TRUE,TRUE,FALSE,FALSE,FALSE
2023,3209,Jeff Green,1,60,56,4,0,0,4,1091,19.482142857142858,23,28,25,FALSE,FALSE,FALSE,FALSE,FALSE
2023,3213,Al Horford,1,66,63,3,1,0,0,1923,30.523809523809526,62,1,63,FALSE,TRUE,FALSE,FALSE,TRUE
2023,3244,Thaddeus Young,1,82,53,29,0,0,28,795,15,14,11,16,FALSE,FALSE,FALSE,FALSE,FALSE
2023,3415,D.J. Augustin,1,8,0,8,0,0,8,0,0,0,0,0,FALSE,FALSE,FALSE,FALSE,FALSE
2023,3416,Nicolas Batum,1,79,78,1,0,0,1,1709,21.91025641025641,51,17,53,FALSE,FALSE,FALSE,FALSE,FALSE
2023,3423,Goran Dragic,2,61,58,3,0,0,3,870,15,13,19,15,FALSE,FALSE,FALSE,FALSE,FALSE
2023,3431,Eric Gordon,2,69,69,0,0,0,0,1964,28.463768115942027,65,3,67,FALSE,FALSE,FALSE,FALSE,TRUE
2023,3438,George Hill,2,74,46,28,0,0,28,834,18.130434782608695,17,17,19,FALSE,FALSE,FALSE,FALSE,FALSE
2023,3439,Serge Ibaka,1,32,16,16,0,0,16,187,11.6875,1,4,3,FALSE,FALSE,FALSE,FALSE,FALSE
2023,3442,DeAndre Jordan,1,82,39,43,0,0,43,588,15.076923076923077,9,7,11,FALSE,FALSE,FALSE,FALSE,FALSE
2023,3447,Robin Lopez,1,81,36,45,0,0,43,297,8.25,0,7,2,FALSE,FALSE,FALSE,FALSE,FALSE
2023,3448,Brook Lopez,1,78,78,0,0,0,0,2371,30.397435897435898,75,3,77,FALSE,FALSE,FALSE,FALSE,TRUE
2023,3449,Kevin Love,2,71,62,9,0,0,9,1238,19.967741935483872,35,19,37,FALSE,FALSE,FALSE,FALSE,FALSE
2023,3452,JaVale McGee,1,77,42,35,1,0,34,359,8.547619047619047,1,4,3,FALSE,FALSE,FALSE,FALSE,FALSE
2023,3456,Derrick Rose,1,75,27,48,0,0,48,340,12.592592592592593,1,7,3,FALSE,FALSE,FALSE,FALSE,FALSE
2023,3468,Russell Westbrook,2,74,73,1,0,0,0,2130,29.17808219178082,71,1,72,TRUE,FALSE,FALSE,FALSE,FALSE
2023,3593,Bojan Bogdanovic,1,59,59,0,0,0,0,1891,32.05084745762712,58,1,59,FALSE,FALSE,FALSE,FALSE,TRUE
2023,3893016,Cedi Osman,1,81,77,4,0,0,3,1550,20.12987012987013,43,12,45,FALSE,FALSE,FALSE,FALSE,FALSE
2023,3899664,Simone Fontecchio,1,72,51,21,1,0,19,768,15.058823529411764,19,6,21,FALSE,FALSE,FALSE,FALSE,FALSE
2023,3906665,Brandon Clarke,1,56,56,0,0,0,0,1091,19.482142857142858,22,30,24,FALSE,FALSE,FALSE,FALSE,FALSE
2023,3906786,Dylan Windler,1,11,3,8,0,0,8,10,3.3333333333333335,0,0,0,FALSE,FALSE,FALSE,FALSE,FALSE
2023,3907387,Ben Simmons,1,44,42,2,0,0,0,1104,26.285714285714285,34,5,36,TRUE,FALSE,FALSE,FALSE,FALSE
2023,3907497,Dejounte Murray,1,74,74,0,0,0,0,2695,36.41891891891892,73,0,73,TRUE,FALSE,FALSE,FALSE,FALSE
2023,3907498,Matisse Thybulle,2,73,69,4,0,0,1,1198,17.36231884057971,29,6,31,FALSE,TRUE,FALSE,FALSE,FALSE
2023,3907526,Chance Comanche,1,1,1,0,0,0,0,21,21,1,0,1,FALSE,FALSE,FALSE,FALSE,FALSE
2023,3907822,Malik Beasley,2,81,81,0,0,0,0,2092,25.82716049382716,71,7,73,FALSE,FALSE,FALSE,FALSE,FALSE
2023,3907823,Terance Mann,1,81,81,0,0,0,0,1876,23.160493827160494,56,15,58,FALSE,FALSE,FALSE,FALSE,FALSE
2023,3908336,Matt Ryan,2,56,34,22,0,0,22,311,9.147058823529411,2,6,4,FALSE,FALSE,FALSE,FALSE,FALSE
2023,3908809,Donovan Mitchell,2,71,69,2,0,0,1,2467,35.7536231884058,69,0,69,TRUE,FALSE,FALSE,FALSE,FALSE
2023,3908845,John Collins,1,71,71,0,0,0,0,2132,30.028169014084508,69,2,71,FALSE,FALSE,FALSE,FALSE,TRUE
2023,3912292,Jarrell Brantley,1,6,4,2,0,0,2,40,10,0,1,1,FALSE,FALSE,FALSE,FALSE,FALSE
2023,3912848,Dean Wade,1,50,44,6,0,0,6,890,20.227272727272727,25,5,27,FALSE,FALSE,FALSE,FALSE,FALSE
2023,3913174,Luke Kennard,2,67,59,8,0,0,3,1318,22.338983050847457,42,12,44,FALSE,FALSE,FALSE,FALSE,FALSE
2023,3913176,Brandon Ingram,1,45,45,0,0,0,0,1539,34.2,42,2,44,TRUE,FALSE,FALSE,FALSE,FALSE
2023,3913180,Garrison Mathews,2,76,54,22,0,0,22,687,12.722222222222221,5,15,7,FALSE,FALSE,FALSE,FALSE,FALSE
2023,3913220,DaQuan Jeffries,1,11,0,11,0,0,10,0,0,0,0,0,FALSE,FALSE,FALSE,FALSE,FALSE
2023,3914044,Landry Shamet,1,46,40,6,0,0,2,806,20.15,15,15,17,FALSE,FALSE,FALSE,FALSE,FALSE
2023,3914075,Xavier Moon,1,8,4,4,0,0,4,20,5,0,0,0,FALSE,FALSE,FALSE,FALSE,FALSE
2023,3914283,Chimezie Metu,1,81,66,15,0,0,15,690,10.454545454545455,1,9,3,FALSE,FALSE,FALSE,FALSE,FALSE
2023,3914285,Drew Eubanks,1,81,78,3,0,0,0,1582,20.28205128205128,40,21,42,FALSE,FALSE,FALSE,FALSE,FALSE
2023,3915195,Shake Milton,1,82,76,6,0,0,6,1569,20.644736842105264,37,15,39,FALSE,FALSE,FALSE,FALSE,FALSE
2023,3915560,Tyler Dorsey,1,9,3,6,0,0,6,8,2.6666666666666665,0,0,0,FALSE,FALSE,FALSE,FALSE,FALSE
2023,3917376,Jaylen Brown,2,69,68,1,0,0,0,2434,35.794117647058826,67,1,68,TRUE,FALSE,FALSE,FALSE,FALSE
2023,3918423,Admiral Schofield,1,67,37,30,0,0,29,451,12.18918918918919,5,10,7,FALSE,FALSE,FALSE,FALSE,FALSE
2023,3919347,Chima Moneke,1,11,2,9,0,0,9,8,4,0,0,0,FALSE,FALSE,FALSE,FALSE,FALSE
2023,3919454,Terence Davis,1,80,64,16,0,0,15,837,13.078125,11,16,13,FALSE,FALSE,FALSE,FALSE,FALSE
2023,3922230,Aaron Holiday,1,81,63,18,0,0,18,846,13.428571428571429,12,15,14,FALSE,FALSE,FALSE,FALSE,FALSE
2023,3923250,PJ Dozier,1,34,13,21,0,0,17,78,6,2,0,2,FALSE,FALSE,FALSE,FALSE,FALSE
2023,3923253,Chris Silva,1,7,1,6,0,0,6,3,3,0,0,0,FALSE,FALSE,FALSE,FALSE,FALSE
2023,3929325,Furkan Korkmaz,1,76,36,40,0,0,37,355,9.86111111111111,5,3,7,FALSE,FALSE,FALSE,FALSE,FALSE
2023,3934672,Jalen Brunson,1,71,68,3,1,0,0,2376,34.94117647058823,66,2,68,FALSE,FALSE,FALSE,FALSE,TRUE
2023,3934673,Donte DiVincenzo,1,72,72,0,0,0,0,1893,26.291666666666668,56,13,58,FALSE,FALSE,FALSE,FALSE,FALSE
2023,3934719,OG Anunoby,1,68,67,1,0,0,0,2388,35.64179104477612,66,0,66,FALSE,FALSE,FALSE,FALSE,TRUE
2023,3934723,Thomas Bryant,2,68,59,9,0,0,9,1082,18.338983050847457,27,7,29,FALSE,FALSE,FALSE,FALSE,FALSE
2023,3936099,Derrick Jones Jr.,1,75,64,11,0,0,11,893,13.953125,12,22,14,FALSE,FALSE,FALSE,FALSE,FALSE
2023,3936299,Jamal Murray,1,65,65,0,0,0,0,2132,32.8,64,0,64,FALSE,FALSE,FALSE,FALSE,TRUE
2023,3945274,Luka Doncic,2,67,67,0,0,0,0,2408,35.940298507462686,64,1,65,TRUE,TRUE,FALSE,FALSE,FALSE
2023,3947156,Mamadi Diakite,1,46,21,25,0,0,24,176,8.380952380952381,2,1,3,FALSE,FALSE,FALSE,FALSE,FALSE
2023,3948153,Chris Boucher,1,78,76,2,0,0,2,1521,20.013157894736842,38,24,40,FALSE,FALSE,FALSE,FALSE,FALSE
2023,3964,Patrick Beverley,2,73,67,6,1,0,0,1817,27.119402985074625,64,2,66,FALSE,FALSE,FALSE,FALSE,FALSE
2023,3975,Stephen Curry,1,56,56,0,0,0,0,1941,34.660714285714285,56,0,56,TRUE,TRUE,FALSE,FALSE,FALSE
2023,3978,DeMar DeRozan,2,75,75,0,0,0,0,2703,36.04,74,1,75,TRUE,TRUE,FALSE,FALSE,FALSE
2023,3986,Taj Gibson,1,77,48,29,0,0,27,482,10.041666666666666,2,7,4,FALSE,FALSE,FALSE,FALSE,FALSE
2023,3988,Danny Green,2,23,11,12,0,0,12,139,12.636363636363637,2,2,4,FALSE,FALSE,FALSE,FALSE,FALSE
2023,3989,Blake Griffin,1,81,41,40,0,0,40,569,13.878048780487806,10,8,12,FALSE,FALSE,FALSE,FALSE,FALSE
2023,3992,James Harden,1,62,58,4,0,0,1,2135,36.810344827586206,58,0,58,TRUE,FALSE,FALSE,FALSE,FALSE
2023,3995,Jrue Holiday,2,68,68,0,0,0,0,2189,32.19117647058823,65,2,67,FALSE,TRUE,FALSE,FALSE,TRUE
2023,3999,James Johnson,1,79,18,61,0,0,59,163,9.055555555555555,1,2,3,FALSE,FALSE,FALSE,FALSE,FALSE
2023,4004,Patty Mills,1,80,40,40,0,0,40,568,14.2,7,8,9,FALSE,FALSE,FALSE,FALSE,FALSE
2023,4011,Ricky Rubio,1,34,33,1,0,0,1,564,17.09090909090909,13,10,15,FALSE,FALSE,FALSE,FALSE,FALSE
2023,4017837,Ivica Zubac,1,77,76,1,0,0,0,2171,28.56578947368421,69,7,71,FALSE,FALSE,FALSE,FALSE,TRUE
2023,4017839,Juancho Hernangomez,1,58,42,16,0,0,16,616,14.666666666666666,12,5,14,FALSE,FALSE,FALSE,FALSE,FALSE
2023,4023,Garrett Temple,1,80,25,55,0,0,55,163,6.52,0,2,2,FALSE,FALSE,FALSE,FALSE,FALSE
2023,4032,Wesley Matthews,1,67,52,15,0,0,15,818,15.73076923076923,17,12,19,FALSE,FALSE,FALSE,FALSE,FALSE
2023,4065648,Jayson Tatum,2,75,75,0,0,0,0,2768,36.906666666666666,75,0,75,TRUE,TRUE,FALSE,FALSE,FALSE
2023,4065651,Frank Jackson,1,5,1,4,0,0,4,5,5,0,0,0,FALSE,FALSE,FALSE,FALSE,FALSE
2023,4065653,Jack White,1,41,17,24,0,0,24,67,3.9411764705882355,0,1,1,FALSE,FALSE,FALSE,FALSE,FALSE
2023,4065654,Jonathan Isaac,1,12,11,1,1,0,0,124,11.272727272727273,0,1,1,FALSE,FALSE,FALSE,FALSE,FALSE
2023,4065656,Trent Forrest,1,46,23,23,0,0,23,277,12.043478260869565,4,3,6,FALSE,FALSE,FALSE,FALSE,FALSE
2023,4065660,Mfiondu Kabengele,1,28,4,24,0,0,24,37,9.25,0,1,1,FALSE,FALSE,FALSE,FALSE,FALSE
2023,4065663,Josh Okogie,1,80,72,8,0,0,8,1348,18.72222222222222,40,2,42,FALSE,FALSE,FALSE,FALSE,FALSE
2023,4065670,Bruce Brown,1,80,80,0,0,0,0,2281,28.5125,79,0,79,FALSE,FALSE,FALSE,FALSE,TRUE
2023,4065673,Tony Bradley,1,52,11,41,0,0,40,33,3,0,0,0,FALSE,FALSE,FALSE,FALSE,FALSE
2023,4065697,Dennis Smith Jr.,1,59,54,5,0,0,0,1390,25.74074074074074,49,3,51,FALSE,FALSE,FALSE,FALSE,FALSE
2023,4065731,Jay Huff,1,11,7,4,0,0,4,96,13.714285714285714,3,0,3,FALSE,FALSE,FALSE,FALSE,FALSE
2023,4065732,De'Andre Hunter,1,70,67,3,1,0,0,2125,31.71641791044776,64,2,66,FALSE,FALSE,FALSE,FALSE,TRUE
2023,4065733,Ty Jerome,1,48,45,3,0,0,3,817,18.155555555555555,19,11,21,FALSE,FALSE,FALSE,FALSE,FALSE
2023,4065778,Max Strus,1,80,80,0,0,0,0,2274,28.425,67,9,69,FALSE,FALSE,FALSE,FALSE,TRUE
2023,4065804,Sam Hauser,1,82,80,2,0,0,2,1288,16.1,29,11,31,FALSE,FALSE,FALSE,FALSE,FALSE
2023,4066211,Robert Williams III,1,35,35,0,0,0,0,824,23.542857142857144,23,10,25,FALSE,TRUE,FALSE,FALSE,FALSE
2023,4066218,Grant Williams,1,82,79,3,0,0,2,2045,25.88607594936709,59,15,61,FALSE,FALSE,FALSE,FALSE,FALSE
2023,4066240,Braxton Key,1,13,3,10,0,0,10,9,3,0,0,0,FALSE,FALSE,FALSE,FALSE,FALSE
2023,4066259,De'Aaron Fox,2,74,74,0,0,0,0,2447,33.067567567567565,71,1,72,FALSE,FALSE,FALSE,FALSE,TRUE
2023,4066261,Bam Adebayo,2,80,76,4,1,0,0,2622,34.5,75,0,75,TRUE,TRUE,FALSE,FALSE,FALSE
2023,4066262,Malik Monk,1,79,77,2,0,0,0,1723,22.376623376623378,54,18,56,FALSE,FALSE,FALSE,FALSE,FALSE
2023,4066264,Wenyen Gabriel,1,76,68,8,0,0,7,1023,15.044117647058824,15,18,17,FALSE,FALSE,FALSE,FALSE,FALSE
2023,4066269,Skylar Mays,1,6,6,0,0,0,0,190,31.666666666666668,6,0,6,FALSE,FALSE,FALSE,FALSE,FALSE
2023,4066299,Udoka Azubuike,1,75,36,39,0,0,39,357,9.916666666666666,6,3,8,FALSE,FALSE,FALSE,FALSE,FALSE
2023,4066303,Xavier Sneed,1,5,4,1,0,0,1,48,12,0,1,1,FALSE,FALSE,FALSE,FALSE,FALSE
2023,4066317,Lindy Waters III,1,50,41,9,0,0,8,531,12.951219512195122,7,11,9,FALSE,FALSE,FALSE,FALSE,FALSE
2023,4066320,Desmond Bane,1,59,58,1,0,0,0,1838,31.689655172413794,58,0,58,FALSE,FALSE,FALSE,FALSE,TRUE
2023,4066328,Jarrett Allen,1,71,68,3,2,0,0,2228,32.76470588235294,65,0,65,TRUE,FALSE,FALSE,FALSE,FALSE
2023,4066335,Kobi Simmons,1,5,5,0,0,0,0,28,5.6,0,0,0,FALSE,FALSE,FALSE,FALSE,FALSE
2023,4066336,Lauri Markkanen,2,67,67,0,0,0,0,2297,34.28358208955224,67,0,67,FALSE,FALSE,FALSE,FALSE,TRUE
2023,4066354,Payton Pritchard,1,69,48,21,0,0,21,643,13.395833333333334,8,13,10,FALSE,FALSE,FALSE,FALSE,FALSE
2023,4066372,Kevin Huerter,1,76,75,1,0,0,0,2207,29.426666666666666,70,4,72,FALSE,FALSE,FALSE,FALSE,TRUE
2023,4066387,Amir Coffey,1,82,50,32,0,0,32,627,12.54,13,5,15,FALSE,FALSE,FALSE,FALSE,FALSE
2023,4066392,Isaiah Roby,1,56,42,14,0,0,13,476,11.333333333333334,6,11,8,FALSE,FALSE,FALSE,FALSE,FALSE
2023,4066399,Micah Potter,1,24,7,17,0,0,17,52,7.428571428571429,1,0,1,FALSE,FALSE,FALSE,FALSE,FALSE
2023,4066405,Lamar Stevens,1,77,61,16,0,0,13,1124,18.42622950819672,28,11,30,FALSE,FALSE,FALSE,FALSE,FALSE
2023,4066410,Eugene Omoruyi,2,51,40,11,0,0,9,648,16.2,15,7,17,FALSE,FALSE,FALSE,FALSE,FALSE
2023,4066436,De'Anthony Melton,1,79,77,2,0,0,0,2152,27.948051948051948,68,7,70,FALSE,FALSE,FALSE,FALSE,FALSE
2023,4066457,Austin Reaves,1,65,64,1,0,0,0,1844,28.8125,60,3,62,FALSE,FALSE,FALSE,FALSE,TRUE
2023,4066490,Kostas Antetokounmpo,1,1,0,1,0,0,1,0,0,0,0,0,FALSE,FALSE,FALSE,FALSE,FALSE
2023,4066636,Markelle Fultz,1,60,60,0,0,0,0,1778,29.633333333333333,56,3,58,FALSE,FALSE,FALSE,FALSE,TRUE
2023,4066648,Rui Hachimura,2,64,63,1,0,0,1,1465,23.253968253968253,48,12,50,FALSE,FALSE,FALSE,FALSE,FALSE
2023,4066650,Zach Collins,1,67,63,4,0,0,1,1441,22.873015873015873,42,17,44,FALSE,FALSE,FALSE,FALSE,FALSE
2023,4066668,Malachi Flynn,1,82,53,29,0,0,29,689,13,10,10,12,FALSE,FALSE,FALSE,FALSE,FALSE
2023,4066731,Jalen McDaniels,2,82,80,2,0,0,1,1910,23.875,59,12,61,FALSE,FALSE,FALSE,FALSE,FALSE
2023,4066757,Sam Merrill,1,12,5,7,0,0,7,58,11.6,2,0,2,FALSE,FALSE,FALSE,FALSE,FALSE
2023,4066786,Jeff Dowtin Jr.,1,50,25,25,0,0,25,259,10.36,3,4,5,FALSE,FALSE,FALSE,FALSE,FALSE
2023,4066790,Anthony Lamb,1,62,62,0,0,0,0,1194,19.258064516129032,28,19,30,FALSE,FALSE,FALSE,FALSE,FALSE
2023,4066993,Dru Smith,2,36,15,21,0,0,19,160,10.666666666666666,4,1,5,FALSE,FALSE,FALSE,FALSE,FALSE
2023,4067017,A.J. Lawson,2,29,15,14,0,0,14,109,7.266666666666667,2,0,2,FALSE,FALSE,FALSE,FALSE,FALSE
2023,4067045,Alize Johnson,1,6,4,2,0,0,2,30,7.5,0,1,1,FALSE,FALSE,FALSE,FALSE,FALSE
2023,4067325,Nathan Knight,1,82,38,44,0,0,44,293,7.7105263157894735,4,3,6,FALSE,FALSE,FALSE,FALSE,FALSE
2023,4067735,Carlik Jones,1,21,7,14,0,0,14,56,8,1,1,2,FALSE,FALSE,FALSE,FALSE,FALSE
2023,4067858,Kevon Harris,1,47,34,13,0,0,13,459,13.5,7,10,9,FALSE,FALSE,FALSE,FALSE,FALSE
2023,4080610,Hamidou Diallo,1,70,56,14,2,0,7,996,17.785714285714285,20,23,22,FALSE,FALSE,FALSE,FALSE,FALSE
2023,4222252,Isaiah Hartenstein,1,82,82,0,0,0,0,1631,19.890243902439025,35,33,37,FALSE,FALSE,FALSE,FALSE,FALSE
2023,4230547,Frank Ntilikina,1,72,46,26,0,0,24,610,13.26086956521739,11,5,13,FALSE,FALSE,FALSE,FALSE,FALSE
2023,4230557,Vlatko Cancar,1,77,60,17,0,0,17,889,14.816666666666666,20,15,22,FALSE,FALSE,FALSE,FALSE,FALSE
2023,4237,John Wall,1,35,34,1,1,0,0,753,22.147058823529413,26,6,28,FALSE,FALSE,FALSE,FALSE,FALSE
2023,4249,Gordon Hayward,1,50,50,0,0,0,0,1576,31.52,49,1,50,FALSE,FALSE,FALSE,FALSE,TRUE
2023,4251,Paul George,2,57,57,0,0,0,0,1960,34.3859649122807,54,2,56,TRUE,FALSE,FALSE,FALSE,FALSE
2023,4257,Derrick Favors,1,7,0,7,0,0,7,0,0,0,0,0,FALSE,FALSE,FALSE,FALSE,FALSE
2023,4277811,Collin Sexton,1,51,48,3,2,0,0,1145,23.854166666666668,36,9,38,FALSE,FALSE,FALSE,FALSE,FALSE
2023,4277813,Herbert Jones,1,67,66,1,0,0,1,1952,29.575757575757574,60,4,62,FALSE,FALSE,FALSE,FALSE,TRUE
2023,4277843,Gary Trent Jr.,1,72,66,6,0,0,0,2114,32.03030303030303,64,2,66,FALSE,FALSE,FALSE,FALSE,TRUE
2023,4277847,Wendell Carter Jr.,1,60,57,3,0,0,0,1690,29.649122807017545,53,4,55,FALSE,FALSE,FALSE,FALSE,TRUE
2023,4277848,Marvin Bagley III,1,49,42,7,0,0,0,990,23.571428571428573,31,7,33,FALSE,FALSE,FALSE,FALSE,FALSE
2023,4277850,RaiQuan Gray,1,1,1,0,0,0,0,35,35,1,0,1,FALSE,FALSE,FALSE,FALSE,FALSE
2023,4277869,Jose Alvarado,1,61,61,0,0,0,0,1311,21.491803278688526,39,15,41,FALSE,FALSE,FALSE,FALSE,FALSE
2023,4277883,Jordan Nwora,2,78,62,16,0,0,16,1188,19.161290322580644,28,15,30,FALSE,FALSE,FALSE,FALSE,FALSE
2023,4277887,Lindell Wigginton,1,10,7,3,0,0,3,86,12.285714285714286,2,0,2,FALSE,FALSE,FALSE,FALSE,FALSE
2023,4277890,Lonnie Walker IV,1,71,56,15,0,0,9,1295,23.125,36,10,38,FALSE,FALSE,FALSE,FALSE,FALSE
2023,4277905,Trae Young,1,75,73,2,1,0,0,2543,34.83561643835616,73,0,73,TRUE,TRUE,FALSE,FALSE,FALSE
2023,4277919,Mo Bamba,2,64,49,15,0,0,8,771,15.73469387755102,16,13,18,FALSE,FALSE,FALSE,FALSE,FALSE
2023,4277922,Jericho Sims,1,82,51,31,0,0,30,810,15.882352941176471,19,7,21,FALSE,FALSE,FALSE,FALSE,FALSE
2023,4277928,Jarrett Culver,1,21,10,11,0,0,11,139,13.9,3,1,4,FALSE,FALSE,FALSE,FALSE,FALSE
2023,4277951,Luka Garza,1,50,28,22,0,0,22,243,8.678571428571429,2,3,4,FALSE,FALSE,FALSE,FALSE,FALSE
2023,4277952,Bruno Fernando,2,64,39,25,0,0,24,407,10.435897435897436,3,6,5,FALSE,FALSE,FALSE,FALSE,FALSE
2023,4277956,Jordan Poole,1,82,82,0,0,0,0,2461,30.01219512195122,80,2,82,FALSE,FALSE,FALSE,FALSE,TRUE
2023,4277957,Isaiah Livers,1,60,52,8,0,0,0,1199,23.057692307692307,36,12,38,FALSE,FALSE,FALSE,FALSE,FALSE
2023,4277961,Jaren Jackson Jr.,2,64,64,0,0,0,0,1798,28.09375,62,0,62,FALSE,TRUE,FALSE,FALSE,TRUE
2023,4277964,Xavier Tillman,1,80,61,19,0,0,19,1179,19.327868852459016,31,9,33,FALSE,FALSE,FALSE,FALSE,FALSE
2023,4278031,Oshae Brissett,1,82,65,17,0,0,16,1087,16.723076923076924,20,21,22,FALSE,FALSE,FALSE,FALSE,FALSE
2023,4278039,Nickeil Alexander-Walker,2,79,59,20,0,0,20,882,14.94915254237288,17,19,19,FALSE,FALSE,FALSE,FALSE,FALSE
2023,4278046,Olivier Sarr,1,17,9,8,0,0,8,114,12.666666666666666,1,1,2,FALSE,FALSE,FALSE,FALSE,FALSE
2023,4278049,Daniel Gafford,1,79,78,1,0,0,1,1606,20.58974358974359,46,14,48,FALSE,FALSE,FALSE,FALSE,FALSE
2023,4278052,Chuma Okeke,1,44,27,17,0,0,16,518,19.185185185185187,13,3,15,FALSE,FALSE,FALSE,FALSE,FALSE
2023,4278053,Davion Mitchell,1,81,80,1,1,0,0,1448,18.1,26,27,28,FALSE,FALSE,FALSE,FALSE,FALSE
2023,4278067,Nic Claxton,1,77,76,1,0,1,0,2268,29.842105263157894,74,2,76,FALSE,FALSE,FALSE,FALSE,TRUE
2023,4278073,Shai Gilgeous-Alexander,2,71,69,2,2,0,0,2427,35.17391304347826,68,0,68,FALSE,FALSE,FALSE,FALSE,TRUE
2023,4278075,Kevin Knox II,2,82,63,19,0,0,19,951,15.095238095238095,14,19,16,FALSE,FALSE,FALSE,FALSE,FALSE
2023,4278076,Nick Richards,1,80,65,15,0,0,15,1216,18.70769230769231,30,20,32,FALSE,FALSE,FALSE,FALSE,FALSE
2023,4278077,Jarred Vanderbilt,2,78,78,0,0,0,0,1879,24.08974358974359,63,15,65,FALSE,FALSE,FALSE,FALSE,FALSE
2023,4278078,P.J. Washington,1,75,73,2,0,0,0,2377,32.56164383561644,72,0,72,FALSE,FALSE,FALSE,FALSE,TRUE
2023,4278104,Michael Porter Jr.,1,63,62,1,0,0,0,1799,29.016129032258064,61,1,62,FALSE,FALSE,FALSE,FALSE,TRUE
2023,4278111,Justin Minaya,1,4,4,0,0,0,0,89,22.25,3,1,4,FALSE,FALSE,FALSE,FALSE,FALSE
2023,4278124,Saben Lee,2,35,25,10,0,0,10,370,14.8,8,3,10,FALSE,FALSE,FALSE,FALSE,FALSE
2023,4278129,Deandre Ayton,1,72,67,5,3,0,0,2039,30.432835820895523,64,2,66,FALSE,FALSE,FALSE,FALSE,TRUE
2023,4278355,Obi Toppin,1,69,67,2,0,0,2,1049,15.656716417910447,12,17,14,FALSE,FALSE,FALSE,FALSE,FALSE
2023,4278378,Jacob Gilyard,1,1,1,0,0,0,0,41,41,1,0,1,FALSE,FALSE,FALSE,FALSE,FALSE
2023,4278402,Jordan Goodwin,1,74,61,13,0,0,12,1106,18.131147540983605,27,14,29,FALSE,FALSE,FALSE,FALSE,FALSE
2023,4278507,McKinley Wright IV,1,44,27,17,0,0,16,337,12.481481481481481,8,0,8,FALSE,FALSE,FALSE,FALSE,FALSE
2023,4278508,Troy Brown Jr.,1,77,76,1,0,0,0,1863,24.513157894736842,59,11,61,FALSE,FALSE,FALSE,FALSE,FALSE
2023,4278521,KZ Okpala,1,50,31,19,0,0,15,247,7.967741935483871,1,6,3,FALSE,FALSE,FALSE,FALSE,FALSE
2023,4278541,Jaylen Nowell,1,68,65,3,0,0,1,1251,19.246153846153845,33,17,35,FALSE,FALSE,FALSE,FALSE,FALSE
2023,4278562,Paul Reed,1,82,69,13,0,0,13,751,10.884057971014492,9,8,11,FALSE,FALSE,FALSE,FALSE,FALSE
2023,4278572,Jamal Cain,1,41,17,24,0,0,23,243,14.294117647058824,5,3,7,FALSE,FALSE,FALSE,FALSE,FALSE
2023,4278580,Sandro Mamukelashvili,2,61,43,18,0,0,18,658,15.30232558139535,15,8,17,FALSE,FALSE,FALSE,FALSE,FALSE
2023,4278594,Naji Marshall,1,77,77,0,0,0,0,1790,23.246753246753247,48,15,50,FALSE,FALSE,FALSE,FALSE,FALSE
2023,4278707,Jordan Schakel,1,6,2,4,0,0,4,6,3,0,0,0,FALSE,FALSE,FALSE,FALSE,FALSE
2023,4279118,Keaton Wallace,1,1,0,1,0,0,0,0,0,0,0,0,FALSE,FALSE,FALSE,FALSE,FALSE
2023,4279532,Stanley Umude,1,3,1,2,0,0,2,2,2,0,0,0,FALSE,FALSE,FALSE,FALSE,FALSE
2023,4279815,Terry Taylor,2,67,29,38,0,0,36,263,9.068965517241379,4,5,6,FALSE,FALSE,FALSE,FALSE,FALSE
2023,4279888,Ja Morant,2,62,62,0,0,0,0,1970,31.774193548387096,60,2,62,TRUE,TRUE,FALSE,FALSE,FALSE
2023,4280151,Corey Kispert,1,74,74,0,0,0,0,2096,28.324324324324323,62,10,64,FALSE,FALSE,FALSE,FALSE,TRUE
2023,4280245,Jamaree Bouyea,2,11,5,6,0,0,6,70,14,1,0,1,FALSE,FALSE,FALSE,FALSE,FALSE
2023,4291678,Haywood Highsmith,1,82,52,30,0,0,28,971,18.673076923076923,26,7,28,FALSE,FALSE,FALSE,FALSE,FALSE
2023,4305,Ish Smith,1,72,42,30,0,0,28,398,9.476190476190476,7,7,9,FALSE,FALSE,FALSE,FALSE,FALSE
2023,4348700,Goga Bitadze,2,79,38,41,1,0,40,455,11.973684210526315,8,7,10,FALSE,FALSE,FALSE,FALSE,FALSE
2023,4351851,Anfernee Simons,1,62,62,0,0,0,0,2176,35.096774193548384,62,0,62,FALSE,FALSE,FALSE,FALSE,TRUE
2023,4351852,Mitchell Robinson,1,61,59,2,0,1,0,1591,26.966101694915253,50,4,52,FALSE,FALSE,FALSE,FALSE,FALSE
2023,4376,Boban Marjanovic,1,81,31,50,0,0,50,172,5.548387096774194,0,0,0,FALSE,FALSE,FALSE,FALSE,FALSE
2023,4395625,RJ Barrett,1,75,73,2,2,0,0,2479,33.95890410958904,71,1,72,FALSE,FALSE,FALSE,FALSE,TRUE
2023,4395626,Tre Jones,1,70,68,2,0,0,0,1984,29.176470588235293,67,0,67,FALSE,FALSE,FALSE,FALSE,TRUE
2023,4395627,Cam Reddish,2,80,40,40,1,0,34,988,24.7,24,12,26,FALSE,FALSE,FALSE,FALSE,FALSE
2023,4395628,Zion Williamson,1,29,29,0,0,0,0,958,33.03448275862069,29,0,29,TRUE,FALSE,FALSE,FALSE,FALSE
2023,4395630,Devin Vassell,1,43,38,5,3,0,1,1180,31.05263157894737,38,0,38,FALSE,FALSE,FALSE,FALSE,FALSE
2023,4395651,Coby White,1,74,74,0,0,0,0,1732,23.405405405405407,55,11,57,FALSE,FALSE,FALSE,FALSE,FALSE
2023,4395652,Nassir Little,1,54,54,0,0,0,0,979,18.12962962962963,18,18,20,FALSE,FALSE,FALSE,FALSE,FALSE
2023,4395676,Buddy Boeheim,1,22,10,12,0,0,12,91,9.1,2,0,2,FALSE,FALSE,FALSE,FALSE,FALSE
2023,4395695,Jared Butler,1,11,6,5,0,0,5,78,13,1,1,2,FALSE,FALSE,FALSE,FALSE,FALSE
2023,4395698,Kira Lewis Jr.,1,56,25,31,0,0,31,238,9.52,2,3,4,FALSE,FALSE,FALSE,FALSE,FALSE
2023,4395702,Isaiah Joe,1,81,71,10,1,0,7,1392,19.6056338028169,38,18,40,FALSE,FALSE,FALSE,FALSE,FALSE
2023,4395712,Andrew Nembhard,1,80,75,5,0,0,1,2076,27.68,68,4,70,FALSE,FALSE,FALSE,FALSE,FALSE
2023,4395723,Keldon Johnson,1,70,63,7,3,0,0,2066,32.79365079365079,60,2,62,FALSE,FALSE,FALSE,FALSE,TRUE
2023,4395724,Immanuel Quickley,1,82,81,1,0,0,0,2344,28.938271604938272,73,6,75,FALSE,FALSE,FALSE,FALSE,TRUE
2023,4395725,Tyler Herro,1,71,67,4,2,0,0,2336,34.865671641791046,65,0,65,FALSE,FALSE,FALSE,FALSE,TRUE
2023,4396638,Feron Hunt,1,1,0,1,0,0,1,0,0,0,0,0,FALSE,FALSE,FALSE,FALSE,FALSE
2023,4396907,Darius Garland,1,69,69,0,0,0,0,2449,35.492753623188406,68,0,68,TRUE,FALSE,FALSE,FALSE,FALSE
2023,4396909,Aaron Nesmith,1,77,73,4,0,0,0,1820,24.931506849315067,57,13,59,FALSE,FALSE,FALSE,FALSE,FALSE
2023,4396971,Naz Reid,1,75,68,7,1,0,4,1252,18.41176470588235,27,18,29,FALSE,FALSE,FALSE,FALSE,FALSE
2023,4396978,Darius Days,1,10,4,6,0,0,6,25,6.25,0,1,1,FALSE,FALSE,FALSE,FALSE,FALSE
2023,4396991,Talen Horton-Tucker,1,78,65,13,0,0,12,1313,20.2,34,12,36,FALSE,FALSE,FALSE,FALSE,FALSE
2023,4396993,Tyrese Haliburton,2,57,57,0,0,0,0,1892,33.19298245614035,56,0,56,FALSE,FALSE,FALSE,FALSE,TRUE
2023,4397002,Ayo Dosunmu,1,80,80,0,0,0,0,2099,26.2375,64,13,66,FALSE,FALSE,FALSE,FALSE,FALSE
2023,4397008,Romeo Langford,1,50,42,8,0,0,6,846,20.142857142857142,20,16,22,FALSE,FALSE,FALSE,FALSE,FALSE
2023,4397014,Quentin Grimes,1,74,71,3,0,0,2,2119,29.845070422535212,64,2,66,FALSE,FALSE,FALSE,FALSE,TRUE
2023,4397016,Devon Dotson,1,14,6,8,0,0,8,53,8.833333333333334,0,2,2,FALSE,FALSE,FALSE,FALSE,FALSE
2023,4397018,Ochai Agbaji,1,76,58,18,0,0,17,1209,20.844827586206897,34,9,36,FALSE,FALSE,FALSE,FALSE,FALSE
2023,4397020,Luguentz Dort,1,75,74,1,0,0,0,2273,30.716216216216218,72,1,73,FALSE,FALSE,FALSE,FALSE,TRUE
2023,4397033,Joe Wieskamp,1,24,9,15,0,0,14,51,5.666666666666667,0,1,1,FALSE,FALSE,FALSE,FALSE,FALSE
2023,4397071,Mac McClung,1,2,2,0,0,0,0,41,20.5,1,0,1,FALSE,FALSE,FALSE,FALSE,FALSE
2023,4397077,Jaxson Hayes,1,82,47,35,0,0,34,607,12.914893617021276,9,11,11,FALSE,FALSE,FALSE,FALSE,FALSE
2023,4397102,Bol Bol,1,78,70,8,0,0,8,1511,21.585714285714285,37,23,39,FALSE,FALSE,FALSE,FALSE,FALSE
2023,4397103,Louis King,1,2,1,1,0,0,1,29,29,1,0,1,FALSE,FALSE,FALSE,FALSE,FALSE
2023,4397107,David Duke Jr.,1,40,23,17,0,0,17,229,9.956521739130435,4,1,5,FALSE,FALSE,FALSE,FALSE,FALSE
2023,4397119,Jared Rhoden,1,21,14,7,0,0,7,198,14.142857142857142,3,4,5,FALSE,FALSE,FALSE,FALSE,FALSE
2023,4397126,Moses Brown,2,60,36,24,0,0,24,296,8.222222222222221,3,2,5,FALSE,FALSE,FALSE,FALSE,FALSE
2023,4397134,Cole Swider,1,13,7,6,0,0,6,41,5.857142857142857,1,0,1,FALSE,FALSE,FALSE,FALSE,FALSE
2023,4397136,Saddiq Bey,2,77,77,0,0,0,0,2128,27.636363636363637,68,9,70,FALSE,FALSE,FALSE,FALSE,FALSE
2023,4397140,Kevin Porter Jr.,1,59,59,0,0,0,0,2026,34.33898305084746,58,0,58,FALSE,FALSE,FALSE,FALSE,TRUE
2023,4397179,Tyrese Martin,1,42,16,26,0,0,26,66,4.125,0,1,1,FALSE,FALSE,FALSE,FALSE,FALSE
2023,4397183,Aaron Wiggins,1,82,70,12,0,0,12,1300,18.571428571428573,34,10,36,FALSE,FALSE,FALSE,FALSE,FALSE
2023,4397189,Jalen Smith,1,79,68,11,0,0,10,1279,18.808823529411764,35,11,37,FALSE,FALSE,FALSE,FALSE,FALSE
2023,4397227,Vince Williams Jr.,1,41,15,26,0,0,26,106,7.066666666666666,1,0,1,FALSE,FALSE,FALSE,FALSE,FALSE
2023,4397235,Duane Washington Jr.,1,42,31,11,0,0,11,392,12.64516129032258,6,7,8,FALSE,FALSE,FALSE,FALSE,FALSE
2023,4397251,Ron Harper Jr.,1,36,9,27,0,0,27,49,5.444444444444445,1,0,1,FALSE,FALSE,FALSE,FALSE,FALSE
2023,4397424,Neemias Queta,1,18,5,13,0,0,13,28,5.6,0,0,0,FALSE,FALSE,FALSE,FALSE,FALSE
2023,4397475,AJ Green,1,50,34,16,0,0,15,345,10.147058823529411,2,9,4,FALSE,FALSE,FALSE,FALSE,FALSE
2023,4397688,Trey Murphy III,1,79,79,0,0,0,0,2454,31.063291139240505,76,2,78,FALSE,FALSE,FALSE,FALSE,TRUE
2023,4397693,Kessler Edwards,2,61,34,27,0,0,25,389,11.441176470588236,6,5,8,FALSE,FALSE,FALSE,FALSE,FALSE
2023,4397821,Nate Williams,1,5,5,0,0,0,0,126,25.2,4,0,4,FALSE,FALSE,FALSE,FALSE,FALSE
2023,4397885,Dalano Banton,1,47,31,16,0,0,14,279,9,2,2,4,FALSE,FALSE,FALSE,FALSE,FALSE
2023,4397886,Charles Bassey,1,37,35,2,0,0,2,510,14.571428571428571,10,11,12,FALSE,FALSE,FALSE,FALSE,FALSE
2023,4397916,Jason Preston,1,33,14,19,0,0,19,124,8.857142857142858,1,3,3,FALSE,FALSE,FALSE,FALSE,FALSE
2023,4401416,Juan Toscano-Anderson,2,67,52,15,0,0,13,699,13.442307692307692,11,13,13,FALSE,FALSE,FALSE,FALSE,FALSE
2023,4409222,Trevelin Queen,1,14,7,7,0,0,7,70,10,1,0,1,FALSE,FALSE,FALSE,FALSE,FALSE
2023,4423309,Luka Samanic,1,7,7,0,0,0,0,161,23,5,0,5,FALSE,FALSE,FALSE,FALSE,FALSE
2023,4423545,Darius Bazley,2,70,43,27,1,0,26,620,14.418604651162791,11,10,13,FALSE,FALSE,FALSE,FALSE,FALSE
2023,4431669,Vernon Carey Jr.,1,29,11,18,0,0,18,28,2.5454545454545454,0,0,0,FALSE,FALSE,FALSE,FALSE,FALSE
2023,4431671,Jaden McDaniels,1,80,79,1,1,0,0,2418,30.60759493670886,73,4,75,FALSE,FALSE,FALSE,FALSE,TRUE
2023,4431675,Trendon Watford,1,74,62,12,0,0,9,1185,19.112903225806452,30,12,32,FALSE,FALSE,FALSE,FALSE,FALSE
2023,4431678,Tyrese Maxey,1,60,60,0,0,0,0,2019,33.65,59,1,60,FALSE,FALSE,FALSE,FALSE,TRUE
2023,4431679,Precious Achiuwa,1,64,55,9,0,0,1,1143,20.78181818181818,29,9,31,FALSE,FALSE,FALSE,FALSE,FALSE
2023,4431680,Onyeka Okongwu,1,80,80,0,0,0,0,1850,23.125,55,23,57,FALSE,FALSE,FALSE,FALSE,FALSE
2023,4431687,Patrick Williams,1,82,82,0,0,0,0,2328,28.390243902439025,76,5,78,FALSE,FALSE,FALSE,FALSE,TRUE
2023,4431690,Zeke Nnaji,1,62,53,9,0,0,8,727,13.716981132075471,12,12,14,FALSE,FALSE,FALSE,FALSE,FALSE
2023,4431699,Kai Jones,1,68,46,22,0,0,22,551,11.978260869565217,9,7,11,FALSE,FALSE,FALSE,FALSE,FALSE
2023,4431712,James Bouknight,1,55,34,21,0,0,20,514,15.117647058823529,11,8,13,FALSE,FALSE,FALSE,FALSE,FALSE
2023,4431720,Lester Quinones,1,10,4,6,0,0,6,18,4.5,0,0,0,FALSE,FALSE,FALSE,FALSE,FALSE
2023,4431767,Christian Braun,1,82,75,7,0,0,6,1180,15.733333333333333,28,12,30,FALSE,FALSE,FALSE,FALSE,FALSE
2023,4431778,Christian Koloko,1,74,58,16,0,0,16,802,13.827586206896552,16,9,18,FALSE,FALSE,FALSE,FALSE,FALSE
2023,4431785,Scotty Pippen Jr.,1,16,6,10,0,0,9,31,5.166666666666667,0,1,1,FALSE,FALSE,FALSE,FALSE,FALSE
2023,4431811,Dereon Seabron,1,26,5,21,0,0,21,13,2.6,0,0,0,FALSE,FALSE,FALSE,FALSE,FALSE
2023,4431823,Miles McBride,1,82,61,21,0,0,18,764,12.524590163934427,9,8,11,FALSE,FALSE,FALSE,FALSE,FALSE
2023,4431828,KJ Martin,1,82,82,0,0,0,0,2299,28.036585365853657,77,4,79,FALSE,FALSE,FALSE,FALSE,TRUE
2023,4432158,Evan Mobley,1,80,79,1,0,0,0,2718,34.40506329113924,78,0,78,FALSE,FALSE,FALSE,FALSE,TRUE
2023,4432161,Greg Brown III,1,41,15,26,0,0,24,92,6.133333333333334,0,1,1,FALSE,FALSE,FALSE,FALSE,FALSE
2023,4432162,Brandon Boston,1,43,22,21,0,0,20,249,11.318181818181818,6,2,8,FALSE,FALSE,FALSE,FALSE,FALSE
2023,4432164,Jaden Springer,1,47,15,32,1,0,28,89,5.933333333333334,1,0,1,FALSE,FALSE,FALSE,FALSE,FALSE
2023,4432165,Jalen Suggs,1,54,53,1,0,0,0,1248,23.547169811320753,38,10,40,FALSE,FALSE,FALSE,FALSE,FALSE
2023,4432166,Cade Cunningham,1,12,12,0,0,0,0,399,33.25,12,0,12,FALSE,FALSE,FALSE,FALSE,FALSE
2023,4432168,Josh Christopher,1,79,64,15,0,0,15,783,12.234375,7,22,9,FALSE,FALSE,FALSE,FALSE,FALSE
2023,4432170,Isaiah Jackson,1,81,63,18,0,0,16,1043,16.555555555555557,21,20,23,FALSE,FALSE,FALSE,FALSE,FALSE
2023,4432171,Moses Moody,1,79,63,16,0,0,16,817,12.968253968253968,10,11,12,FALSE,FALSE,FALSE,FALSE,FALSE
2023,4432174,Cam Thomas,1,82,57,25,0,0,25,948,16.63157894736842,25,4,27,FALSE,FALSE,FALSE,FALSE,FALSE
2023,4432176,Daishen Nix,1,81,57,24,0,0,24,915,16.05263157894737,15,15,17,FALSE,FALSE,FALSE,FALSE,FALSE
2023,4432179,MarJon Beauchamp,1,77,52,25,0,0,25,700,13.461538461538462,14,10,16,FALSE,FALSE,FALSE,FALSE,FALSE
2023,4432192,Keon Johnson,1,65,38,27,4,0,18,418,11,5,8,7,FALSE,FALSE,FALSE,FALSE,FALSE
2023,4432194,Day'Ron Sharpe,1,70,47,23,0,0,22,556,11.829787234042554,10,5,12,FALSE,FALSE,FALSE,FALSE,FALSE
2023,4432356,Johnny Davis,1,46,28,18,0,0,18,423,15.107142857142858,9,3,11,FALSE,FALSE,FALSE,FALSE,FALSE
2023,4432446,Jabari Walker,1,82,55,27,0,0,26,618,11.236363636363636,9,8,11,FALSE,FALSE,FALSE,FALSE,FALSE
2023,4432573,Paolo Banchero,1,73,72,1,0,0,0,2433,33.791666666666664,72,0,72,FALSE,FALSE,FALSE,FALSE,TRUE
2023,4432582,Max Christie,1,73,40,33,0,0,32,514,12.85,10,7,12,FALSE,FALSE,FALSE,FALSE,FALSE
2023,4432585,AJ Griffin,1,82,72,10,0,0,10,1397,19.40277777777778,36,18,38,FALSE,FALSE,FALSE,FALSE,FALSE
2023,4432588,John Butler Jr.,1,40,19,21,0,0,21,223,11.736842105263158,5,3,7,FALSE,FALSE,FALSE,FALSE,FALSE
2023,4432639,Jabari Smith Jr.,1,79,79,0,0,0,0,2450,31.0126582278481,77,2,79,FALSE,FALSE,FALSE,FALSE,TRUE
2023,4432645,Trevor Keels,1,12,3,9,0,0,9,8,2.6666666666666665,0,0,0,FALSE,FALSE,FALSE,FALSE,FALSE
2023,4432646,Kennedy Chandler,1,77,36,41,0,0,41,284,7.888888888888889,2,0,2,FALSE,FALSE,FALSE,FALSE,FALSE
2023,4432808,James Wiseman,2,60,45,15,0,0,10,870,19.333333333333332,25,6,27,FALSE,FALSE,FALSE,FALSE,FALSE
2023,4432809,Cole Anthony,1,64,60,4,1,0,2,1552,25.866666666666667,55,5,57,FALSE,FALSE,FALSE,FALSE,FALSE
2023,4432810,Isaiah Stewart,1,54,50,4,0,0,0,1413,28.26,48,1,49,FALSE,FALSE,FALSE,FALSE,TRUE
2023,4432811,Josh Green,1,60,60,0,0,0,0,1538,25.633333333333333,44,12,46,FALSE,FALSE,FALSE,FALSE,FALSE
2023,4432813,Jeremiah Robinson-Earl,1,54,43,11,0,0,11,818,19.023255813953487,19,10,21,FALSE,FALSE,FALSE,FALSE,FALSE
2023,4432815,Isaiah Mobley,1,25,11,14,0,0,13,84,7.636363636363637,2,0,2,FALSE,FALSE,FALSE,FALSE,FALSE
2023,4432816,LaMelo Ball,1,37,36,1,0,0,0,1269,35.25,36,0,36,TRUE,FALSE,FALSE,FALSE,FALSE
2023,4432817,Johnny Juzang,1,28,18,10,0,0,10,234,13,2,5,4,FALSE,FALSE,FALSE,FALSE,FALSE
2023,4432819,Tre Mann,1,77,67,10,0,0,10,1183,17.65671641791045,27,13,29,FALSE,FALSE,FALSE,FALSE,FALSE
2023,4432821,E.J. Liddell,1,2,0,2,0,0,0,0,0,0,0,0,FALSE,FALSE,FALSE,FALSE,FALSE
2023,4432822,Isaac Okoro,1,77,76,1,0,0,0,1656,21.789473684210527,49,15,51,FALSE,FALSE,FALSE,FALSE,FALSE
2023,4432823,Jaylin Williams,1,66,49,17,0,0,17,917,18.714285714285715,20,16,22,FALSE,FALSE,FALSE,FALSE,FALSE
2023,4432907,Justin Champagnie,2,18,5,13,0,0,10,34,6.8,1,0,1,FALSE,FALSE,FALSE,FALSE,FALSE
2023,4433134,Scottie Barnes,1,78,77,1,1,0,0,2679,34.79220779220779,75,0,75,FALSE,FALSE,FALSE,FALSE,TRUE
2023,4433136,Walker Kessler,1,74,74,0,0,0,0,1701,22.986486486486488,50,14,52,FALSE,FALSE,FALSE,FALSE,FALSE
2023,4433137,Ziaire Williams,1,41,37,4,0,0,3,566,15.297297297297296,11,11,13,FALSE,FALSE,FALSE,FALSE,FALSE
2023,4433159,Dalen Terry,1,79,37,42,0,0,41,216,5.837837837837838,1,4,3,FALSE,FALSE,FALSE,FALSE,FALSE
2023,4433192,Tari Eason,1,82,82,0,0,0,0,1768,21.5609756097561,48,28,50,FALSE,FALSE,FALSE,FALSE,FALSE
2023,4433218,Jaden Ivey,1,77,74,3,0,0,1,2301,31.094594594594593,74,0,74,FALSE,FALSE,FALSE,FALSE,TRUE
2023,4433246,Patrick Baldwin Jr.,1,60,31,29,1,0,27,226,7.290322580645161,1,3,3,FALSE,FALSE,FALSE,FALSE,FALSE
2023,4433247,Jonathan Kuminga,1,71,67,4,1,0,3,1397,20.850746268656717,41,9,43,FALSE,FALSE,FALSE,FALSE,FALSE
2023,4433249,Moussa Diabate,1,37,22,15,0,0,15,196,8.909090909090908,2,4,4,FALSE,FALSE,FALSE,FALSE,FALSE
2023,4433254,Kendall Brown,1,8,6,2,0,0,2,40,6.666666666666667,0,1,1,FALSE,FALSE,FALSE,FALSE,FALSE
2023,4433621,Jalen Duren,1,74,67,7,2,0,0,1673,24.970149253731343,54,10,56,FALSE,FALSE,FALSE,FALSE,FALSE
2023,4433623,Caleb Houstan,1,74,51,23,0,0,23,813,15.941176470588236,17,10,19,FALSE,FALSE,FALSE,FALSE,FALSE
2023,4437244,Jalen Green,1,76,76,0,0,0,0,2599,34.19736842105263,74,2,76,FALSE,FALSE,FALSE,FALSE,TRUE
2023,4565201,Malaki Branham,1,72,66,6,0,0,6,1554,23.545454545454547,50,9,52,FALSE,FALSE,FALSE,FALSE,FALSE
2023,4566434,Franz Wagner,1,81,80,1,0,0,0,2609,32.6125,78,1,79,FALSE,FALSE,FALSE,FALSE,TRUE
2023,4576085,JD Davison,1,29,12,17,0,0,17,67,5.583333333333333,1,0,1,FALSE,FALSE,FALSE,FALSE,FALSE
2023,4576086,Bryce McGowens,1,70,45,25,0,0,23,789,17.533333333333335,22,9,24,FALSE,FALSE,FALSE,FALSE,FALSE
2023,4576087,Peyton Watson,1,44,23,21,0,0,21,185,8.043478260869565,4,2,6,FALSE,FALSE,FALSE,FALSE,FALSE
2023,4578893,Vit Krejci,1,81,29,52,0,0,52,166,5.724137931034483,1,3,3,FALSE,FALSE,FALSE,FALSE,FALSE
2023,4585610,Kenneth Lofton Jr.,1,47,23,24,0,0,23,177,7.695652173913044,2,0,2,FALSE,FALSE,FALSE,FALSE,FALSE
2023,4590530,R.J. Hampton,2,66,47,19,0,0,17,746,15.872340425531915,21,8,23,FALSE,FALSE,FALSE,FALSE,FALSE
2023,4591725,Ryan Rollins,1,40,12,28,0,0,16,62,5.166666666666667,0,1,1,FALSE,FALSE,FALSE,FALSE,FALSE
2023,4592187,Wendell Moore Jr.,1,64,28,36,0,0,35,154,5.5,1,3,3,FALSE,FALSE,FALSE,FALSE,FALSE
2023,4592216,Alondes Williams,1,3,1,2,0,0,2,5,5,0,0,0,FALSE,FALSE,FALSE,FALSE,FALSE
2023,4592304,Donovan Williams,1,4,2,2,0,0,2,5,2.5,0,0,0,FALSE,FALSE,FALSE,FALSE,FALSE
2023,4592402,Chris Duarte,1,49,46,3,0,0,2,900,19.565217391304348,22,14,24,FALSE,FALSE,FALSE,FALSE,FALSE
2023,4592479,Julian Champagnie,2,23,17,6,0,0,6,319,18.764705882352942,8,3,10,FALSE,FALSE,FALSE,FALSE,FALSE
2023,4592492,Bones Hyland,2,72,56,16,0,0,15,1088,19.428571428571427,28,18,30,FALSE,FALSE,FALSE,FALSE,FALSE
2023,4592691,Jake LaRavia,1,52,35,17,0,0,15,413,11.8,7,5,9,FALSE,FALSE,FALSE,FALSE,FALSE
2023,4592829,Quenton Jackson,1,13,9,4,0,0,4,135,15,4,1,5,FALSE,FALSE,FALSE,FALSE,FALSE
2023,4593041,David Roddy,1,78,70,8,0,0,8,1262,18.02857142857143,28,20,30,FALSE,FALSE,FALSE,FALSE,FALSE
2023,4593049,Orlando Robinson,1,37,31,6,0,0,6,426,13.741935483870968,5,4,7,FALSE,FALSE,FALSE,FALSE,FALSE
2023,4593125,Santi Aldama,1,77,77,0,0,0,0,1685,21.883116883116884,49,22,51,FALSE,FALSE,FALSE,FALSE,FALSE
2023,4593803,Jalen Williams,1,76,75,1,1,0,0,2278,30.373333333333335,73,0,73,FALSE,FALSE,FALSE,FALSE,TRUE
2023,4594268,Anthony Edwards,2,81,80,1,0,0,0,2864,35.8,78,1,79,FALSE,FALSE,FALSE,FALSE,TRUE
2023,4594327,Keegan Murray,1,80,80,0,0,0,0,2381,29.7625,78,1,79,FALSE,FALSE,FALSE,FALSE,TRUE
2023,4610139,Jeremy Sochan,1,59,56,3,0,0,0,1455,25.982142857142858,49,2,51,FALSE,FALSE,FALSE,FALSE,FALSE
2023,4683018,Aleksej Pokusevski,1,38,34,4,1,0,3,701,20.61764705882353,20,3,22,FALSE,FALSE,FALSE,FALSE,FALSE
2023,4683021,Deni Avdija,1,76,76,0,0,0,0,2021,26.592105263157894,61,8,63,FALSE,FALSE,FALSE,FALSE,FALSE
2023,4683023,Jay Scrubb,1,5,2,3,0,0,3,31,15.5,1,0,1,FALSE,FALSE,FALSE,FALSE,FALSE
2023,4683024,Killian Hayes,1,82,76,6,0,0,0,2155,28.355263157894736,60,16,62,FALSE,FALSE,FALSE,FALSE,TRUE
2023,4683025,Leandro Bolmaro,1,43,14,29,0,0,29,69,4.928571428571429,0,2,2,FALSE,FALSE,FALSE,FALSE,FALSE
2023,4683027,Theo Maledon,1,46,44,2,0,0,2,854,19.40909090909091,17,13,19,FALSE,FALSE,FALSE,FALSE,FALSE
2023,4683622,Marko Simonovic,1,24,7,17,0,0,17,20,2.857142857142857,0,0,0,FALSE,FALSE,FALSE,FALSE,FALSE
2023,4683634,Bennedict Mathurin,1,78,78,0,0,0,0,2223,28.5,75,1,76,FALSE,FALSE,FALSE,FALSE,TRUE
2023,4683749,TyTy Washington Jr.,1,47,31,16,0,0,16,433,13.96774193548387,9,3,11,FALSE,FALSE,FALSE,FALSE,FALSE
2023,4683935,Blake Wesley,1,43,37,6,0,0,6,668,18.054054054054053,17,11,19,FALSE,FALSE,FALSE,FALSE,FALSE
2023,4687718,Josh Minott,1,57,15,42,0,0,42,97,6.466666666666667,1,2,3,FALSE,FALSE,FALSE,FALSE,FALSE
2023,4701031,Jordan Hall,1,15,9,6,0,0,6,85,9.444444444444445,1,2,3,FALSE,FALSE,FALSE,FALSE,FALSE
2023,4701230,Jalen Johnson,1,73,69,4,0,0,3,1041,15.08695652173913,16,21,18,FALSE,FALSE,FALSE,FALSE,FALSE
2023,4701232,Mark Williams,1,63,43,20,4,0,12,829,19.27906976744186,19,16,21,FALSE,FALSE,FALSE,FALSE,FALSE
2023,4702176,Joshua Primo,1,5,4,1,0,0,1,94,23.5,4,0,4,FALSE,FALSE,FALSE,FALSE,FALSE
2023,4702177,Keon Ellis,1,33,15,18,0,0,17,69,4.6,0,1,1,FALSE,FALSE,FALSE,FALSE,FALSE
2023,4702233,JT Thor,1,79,69,10,0,0,10,966,14,12,14,14,FALSE,FALSE,FALSE,FALSE,FALSE
2023,4715198,Isaiah Todd,1,19,6,13,0,0,13,61,10.166666666666666,1,0,1,FALSE,FALSE,FALSE,FALSE,FALSE
2023,4820852,Michael Foster Jr.,1,1,1,0,0,0,0,1,1,0,0,0,FALSE,FALSE,FALSE,FALSE,FALSE
2023,4868423,Jaden Hardy,1,70,47,23,0,0,22,707,15.042553191489361,14,8,16,FALSE,FALSE,FALSE,FALSE,FALSE
2023,4869342,Dyson Daniels,1,68,58,10,1,0,8,1040,17.93103448275862,24,12,26,FALSE,FALSE,FALSE,FALSE,FALSE
2023,4870562,Dominick Barlow,1,32,28,4,0,0,4,408,14.571428571428571,7,7,9,FALSE,FALSE,FALSE,FALSE,FALSE
2023,4871140,Ibou Badji,1,4,0,4,0,0,4,0,0,0,0,0,FALSE,FALSE,FALSE,FALSE,FALSE
2023,4871143,Usman Garuba,1,82,75,7,0,0,7,969,12.92,9,16,11,FALSE,FALSE,FALSE,FALSE,FALSE
2023,4871144,Alperen Sengun,1,76,75,1,1,0,0,2170,28.933333333333334,72,3,74,FALSE,FALSE,FALSE,FALSE,TRUE
2023,4871145,Josh Giddey,1,76,76,0,0,0,0,2370,31.18421052631579,75,1,76,FALSE,FALSE,FALSE,FALSE,TRUE
2023,4914336,Shaedon Sharpe,1,81,80,1,0,0,0,1775,22.1875,48,20,50,FALSE,FALSE,FALSE,FALSE,FALSE
2023,4997526,Ousmane Dieng,1,41,39,2,0,0,2,568,14.564102564102564,11,5,13,FALSE,FALSE,FALSE,FALSE,FALSE
2023,4997528,Nikola Jovic,1,33,14,19,0,0,17,204,14.571428571428571,4,2,6,FALSE,FALSE,FALSE,FALSE,FALSE
2023,5075393,Trevor Hudgins,1,20,5,15,0,0,15,30,6,0,0,0,FALSE,FALSE,FALSE,FALSE,FALSE
2023,6426,Davis Bertans,1,57,45,12,1,0,11,491,10.911111111111111,2,9,4,FALSE,FALSE,FALSE,FALSE,FALSE
2023,6427,Bismack Biyombo,1,82,60,22,0,0,20,870,14.5,13,18,15,FALSE,FALSE,FALSE,FALSE,FALSE
2023,6429,Alec Burks,1,51,51,0,0,0,0,1125,22.058823529411764,34,16,36,FALSE,FALSE,FALSE,FALSE,FALSE
2023,6430,Jimmy Butler III,1,65,64,1,0,0,0,2137,33.390625,64,0,64,TRUE,FALSE,FALSE,FALSE,FALSE
2023,6440,Tobias Harris,1,78,74,4,1,0,0,2438,32.945945945945944,73,0,73,FALSE,FALSE,FALSE,FALSE,TRUE
2023,6442,Kyrie Irving,3,62,61,1,0,0,0,2269,37.19672131147541,61,0,61,TRUE,FALSE,FALSE,FALSE,FALSE
2023,6443,Reggie Jackson,2,78,68,10,1,0,9,1656,24.352941176470587,49,14,51,FALSE,FALSE,FALSE,FALSE,FALSE
2023,6446,Cory Joseph,1,73,62,11,1,0,10,1229,19.822580645161292,30,17,32,FALSE,FALSE,FALSE,FALSE,FALSE
2023,6450,Kawhi Leonard,1,52,52,0,0,0,0,1747,33.59615384615385,50,2,52,TRUE,FALSE,FALSE,FALSE,FALSE
2023,6461,Markieff Morris,2,72,35,37,0,0,37,353,10.085714285714285,3,5,5,FALSE,FALSE,FALSE,FALSE,FALSE
2023,6462,Marcus Morris Sr.,1,66,65,1,0,0,0,1825,28.076923076923077,60,4,62,FALSE,FALSE,FALSE,FALSE,TRUE
2023,6475,Klay Thompson,1,73,69,4,2,0,1,2285,33.11594202898551,68,1,69,FALSE,FALSE,FALSE,FALSE,TRUE
2023,6477,Jonas Valanciunas,1,79,79,0,0,0,0,1967,24.89873417721519,66,9,68,FALSE,FALSE,FALSE,FALSE,FALSE
2023,6478,Nikola Vucevic,1,82,82,0,0,0,0,2745,33.47560975609756,80,2,82,TRUE,FALSE,FALSE,FALSE,FALSE
2023,6479,Kemba Walker,1,15,9,6,0,0,6,144,16,4,0,4,TRUE,FALSE,FALSE,FALSE,FALSE
2023,6578,Harrison Barnes,1,82,82,0,0,0,0,2659,32.426829268292686,81,1,82,FALSE,FALSE,FALSE,FALSE,TRUE
2023,6579,Will Barton,2,69,56,13,1,0,11,990,17.678571428571427,23,11,25,FALSE,FALSE,FALSE,FALSE,FALSE
2023,6580,Bradley Beal,1,54,50,4,0,0,0,1677,33.54,48,0,48,TRUE,FALSE,FALSE,FALSE,FALSE
2023,6581,Jae Crowder,1,18,18,0,0,0,0,341,18.944444444444443,8,7,10,FALSE,FALSE,FALSE,FALSE,FALSE
2023,6583,Anthony Davis,1,57,56,1,0,0,0,1906,34.035714285714285,54,1,55,TRUE,FALSE,FALSE,FALSE,FALSE
2023,6585,Andre Drummond,1,76,67,9,0,0,8,851,12.701492537313433,4,19,6,FALSE,FALSE,FALSE,FALSE,FALSE
2023,6588,Evan Fournier,1,79,27,52,0,0,52,459,17,11,5,13,FALSE,FALSE,FALSE,FALSE,FALSE
2023,6589,Draymond Green,1,75,73,2,0,0,0,2300,31.506849315068493,73,0,73,FALSE,TRUE,FALSE,FALSE,TRUE
2023,6605,Meyers Leonard,1,17,9,8,0,0,7,115,12.777777777777779,2,2,4,FALSE,FALSE,FALSE,FALSE,FALSE
2023,6606,Damian Lillard,2,69,59,10,0,0,0,2136,36.20338983050848,59,0,59,TRUE,FALSE,FALSE,FALSE,FALSE
2023,6609,Khris Middleton,1,33,33,0,0,0,0,801,24.272727272727273,26,5,28,TRUE,FALSE,FALSE,FALSE,FALSE
2023,6617,Austin Rivers,1,71,50,21,1,0,15,1016,20.32,32,7,34,FALSE,FALSE,FALSE,FALSE,FALSE
2023,6619,Terrence Ross,2,75,63,12,1,0,11,1328,21.07936507936508,40,12,42,FALSE,FALSE,FALSE,FALSE,FALSE
2024,1966,LeBron James,2,75,73,2,0,0,0,2557,35.02739726027397,72,0,72,TRUE,TRUE,FALSE,TRUE,FALSE
2024,2284101,Justin Holiday,1,82,56,26,0,0,24,862,15.392857142857142,17,10,19,FALSE,FALSE,FALSE,TRUE,FALSE
2024,2326307,Seth Curry,2,57,42,15,1,0,11,615,14.642857142857142,10,11,12,FALSE,FALSE,FALSE,TRUE,FALSE
2024,2451037,Daniel Theis,2,80,60,20,0,0,20,1016,16.933333333333334,23,21,25,FALSE,FALSE,FALSE,TRUE,FALSE
2024,2488653,Mason Plumlee,1,57,46,11,0,0,11,673,14.630434782608695,13,10,15,FALSE,FALSE,FALSE,TRUE,FALSE
2024,2489663,Kelly Olynyk,2,81,78,3,0,0,2,1760,22.564102564102566,50,24,52,FALSE,FALSE,FALSE,TRUE,FALSE
2024,2490089,Mike Muscala,3,78,51,27,0,0,25,597,11.705882352941176,7,10,9,FALSE,FALSE,FALSE,TRUE,FALSE
2024,2490149,CJ McCollum,1,66,66,0,0,0,0,2159,32.71212121212121,65,1,66,FALSE,FALSE,FALSE,TRUE,TRUE
2024,2490620,Robert Covington,2,34,29,5,1,0,3,487,16.79310344827586,10,8,12,FALSE,FALSE,FALSE,TRUE,FALSE
2024,2527963,Victor Oladipo,2,2,0,2,0,0,0,0,0,0,0,0,FALSE,FALSE,FALSE,TRUE,FALSE
2024,2528210,Tim Hardaway Jr.,1,79,79,0,0,0,0,2122,26.860759493670887,68,9,70,FALSE,FALSE,FALSE,TRUE,FALSE
2024,2528426,Jordan Clarkson,1,56,55,1,0,0,0,1684,30.618181818181817,54,1,55,FALSE,FALSE,FALSE,TRUE,TRUE
2024,2528588,Doug McDermott,2,67,64,3,0,0,3,904,14.125,10,23,12,FALSE,FALSE,FALSE,TRUE,FALSE
2024,2528693,Torrey Craig,1,77,53,24,12,0,0,1052,19.849056603773583,26,17,28,FALSE,FALSE,FALSE,TRUE,FALSE
2024,2528779,Reggie Bullock Jr.,1,74,44,30,0,0,30,418,9.5,3,3,5,FALSE,FALSE,FALSE,TRUE,FALSE
2024,2528794,Joe Harris,1,40,16,24,0,0,21,171,10.6875,1,1,2,FALSE,FALSE,FALSE,TRUE,FALSE
2024,2530530,T.J. McConnell,1,82,72,10,0,0,9,1313,18.23611111111111,30,26,32,FALSE,FALSE,FALSE,TRUE,FALSE
2024,2531367,Dwight Powell,1,79,63,16,1,0,15,836,13.26984126984127,16,10,18,FALSE,FALSE,FALSE,TRUE,FALSE
2024,2566769,Malcolm Brogdon,1,44,39,5,0,1,0,1122,28.76923076923077,33,2,35,FALSE,FALSE,FALSE,TRUE,FALSE
2024,2578185,Dorian Finney-Smith,1,77,68,9,4,0,1,1933,28.426470588235293,63,3,65,FALSE,FALSE,FALSE,TRUE,TRUE
2024,2578239,Pat Connaughton,1,76,76,0,0,0,0,1672,22,50,18,52,FALSE,FALSE,FALSE,TRUE,FALSE
2024,2579258,Cody Zeller,1,79,42,37,0,0,34,318,7.571428571428571,2,1,3,FALSE,FALSE,FALSE,TRUE,FALSE
2024,2580365,Larry Nance Jr.,1,62,61,1,1,0,0,1216,19.934426229508198,29,25,31,FALSE,FALSE,FALSE,TRUE,FALSE
2024,2580782,Spencer Dinwiddie,2,76,76,0,0,0,0,2152,28.31578947368421,68,6,70,FALSE,FALSE,FALSE,TRUE,TRUE
2024,2581018,Kentavious Caldwell-Pope,1,76,76,0,0,0,0,2404,31.63157894736842,73,1,74,FALSE,FALSE,FALSE,TRUE,TRUE
2024,2581184,Anthony Gill,1,81,44,37,1,0,30,469,10.659090909090908,8,6,10,FALSE,FALSE,FALSE,TRUE,FALSE
2024,2581190,Josh Richardson,1,46,43,3,1,0,1,1104,25.674418604651162,39,2,41,FALSE,FALSE,FALSE,TRUE,FALSE
2024,2583632,Royce O'Neale,2,80,79,1,1,0,0,1952,24.70886075949367,56,18,58,FALSE,FALSE,FALSE,TRUE,FALSE
2024,2594922,Otto Porter Jr.,2,44,15,29,0,0,26,174,11.6,0,4,2,FALSE,FALSE,FALSE,TRUE,FALSE
2024,2595516,Norman Powell,1,79,76,3,0,0,2,1990,26.18421052631579,66,7,68,FALSE,FALSE,FALSE,TRUE,FALSE
2024,2596107,Alex Len,1,62,48,14,0,0,13,445,9.270833333333334,0,4,2,FALSE,FALSE,FALSE,TRUE,FALSE
2024,2596112,Javonte Green,1,11,9,2,0,0,2,231,25.666666666666668,6,3,8,FALSE,FALSE,FALSE,TRUE,FALSE
2024,2779,Chris Paul,1,59,58,1,1,0,0,1533,26.43103448275862,54,3,56,TRUE,FALSE,FALSE,TRUE,FALSE
2024,2960236,Maxi Kleber,1,46,43,3,0,0,0,870,20.232558139534884,26,10,28,FALSE,FALSE,FALSE,TRUE,FALSE
2024,2968436,Joe Ingles,1,71,68,3,1,0,0,1166,17.147058823529413,19,36,21,FALSE,FALSE,FALSE,TRUE,FALSE
2024,2982334,T.J. Warren,1,20,11,9,0,0,9,124,11.272727272727273,1,2,3,FALSE,FALSE,FALSE,TRUE,FALSE
2024,2990962,Taurean Prince,1,80,79,1,0,0,0,2127,26.924050632911392,64,13,66,FALSE,FALSE,FALSE,TRUE,FALSE
2024,2990969,Georges Niang,1,82,82,0,0,0,0,1831,22.329268292682926,56,22,58,FALSE,FALSE,FALSE,TRUE,FALSE
2024,2990984,Buddy Hield,2,85,85,0,0,0,0,2191,25.776470588235295,69,10,71,FALSE,FALSE,FALSE,TRUE,FALSE
2024,2990992,Marcus Smart,1,20,20,0,0,0,0,603,30.15,19,0,19,FALSE,FALSE,FALSE,TRUE,FALSE
2024,2991043,Caris LeVert,1,75,68,7,1,0,1,1957,28.779411764705884,66,1,67,FALSE,FALSE,FALSE,TRUE,TRUE
2024,2991047,Ryan Arcidiacono,1,51,19,32,0,0,31,44,2.3157894736842106,0,0,0,FALSE,FALSE,FALSE,TRUE,FALSE
2024,2991070,Jerami Grant,1,58,54,4,1,0,0,1832,33.925925925925924,52,1,53,FALSE,FALSE,FALSE,TRUE,TRUE
2024,2991139,Kris Dunn,1,73,65,8,0,0,5,1251,19.246153846153845,31,23,33,FALSE,FALSE,FALSE,TRUE,FALSE
2024,2991155,Danuel House Jr.,1,45,34,11,1,0,10,507,14.911764705882353,7,10,9,FALSE,FALSE,FALSE,TRUE,FALSE
2024,2991230,Fred VanVleet,1,73,73,0,0,0,0,2686,36.794520547945204,73,0,73,TRUE,FALSE,FALSE,TRUE,FALSE
2024,2991274,Shaquille Harrison,1,6,3,3,0,0,2,6,2,0,0,0,FALSE,FALSE,FALSE,TRUE,FALSE
2024,2991350,Alex Caruso,1,78,71,7,2,0,0,2040,28.732394366197184,65,3,67,FALSE,TRUE,FALSE,TRUE,TRUE
2024,2993370,Richaun Holmes,2,76,40,36,2,0,27,555,13.875,11,4,13,FALSE,FALSE,FALSE,TRUE,FALSE
2024,2993874,Kyle Anderson,1,80,79,1,0,0,0,1779,22.518987341772153,52,24,54,FALSE,FALSE,FALSE,TRUE,FALSE
2024,2999547,Gary Harris,1,54,54,0,0,0,0,1298,24.037037037037038,40,11,42,FALSE,FALSE,FALSE,TRUE,FALSE
2024,3012,Kyle Lowry,2,60,60,0,0,0,0,1691,28.183333333333334,57,3,59,FALSE,FALSE,FALSE,TRUE,TRUE
2024,3032976,Rudy Gobert,1,79,76,3,2,0,0,2588,34.05263157894737,76,0,76,TRUE,FALSE,FALSE,TRUE,FALSE
2024,3032977,Giannis Antetokounmpo,2,74,74,0,0,0,0,2596,35.08108108108108,74,0,74,TRUE,TRUE,FALSE,TRUE,FALSE
2024,3032978,Dario Saric,1,74,64,10,1,0,9,1098,17.15625,28,15,30,FALSE,FALSE,FALSE,TRUE,FALSE
2024,3032979,Dennis Schroder,2,82,80,2,2,0,0,2489,31.1125,78,2,80,FALSE,FALSE,FALSE,TRUE,TRUE
2024,3033,P.J. Tucker,2,80,31,49,0,0,48,487,15.709677419354838,13,3,15,FALSE,FALSE,FALSE,TRUE,FALSE
2024,3037789,Bogdan Bogdanovic,1,82,79,3,3,0,0,2402,30.40506329113924,79,0,79,FALSE,FALSE,FALSE,TRUE,TRUE
2024,3056245,Malcolm Hill,1,10,0,10,0,0,7,0,0,0,0,0,FALSE,FALSE,FALSE,TRUE,FALSE
2024,3058254,Christian Wood,1,57,50,7,0,0,6,873,17.46,20,13,22,FALSE,FALSE,FALSE,TRUE,FALSE
2024,3059307,Ish Wainright,2,24,11,13,0,0,12,64,5.818181818181818,0,1,1,FALSE,FALSE,FALSE,TRUE,FALSE
2024,3059310,Monte Morris,2,33,33,0,0,0,0,475,14.393939393939394,5,11,7,FALSE,FALSE,FALSE,TRUE,FALSE
2024,3059318,Joel Embiid,1,43,39,4,2,0,0,1310,33.58974358974359,39,0,39,TRUE,TRUE,FALSE,TRUE,FALSE
2024,3059319,Andrew Wiggins,1,72,71,1,0,0,0,1922,27.070422535211268,65,5,67,TRUE,FALSE,FALSE,TRUE,FALSE
2024,3062679,Josh Hart,1,81,81,0,0,0,0,2706,33.407407407407405,79,0,79,FALSE,FALSE,FALSE,TRUE,TRUE
2024,3064230,Cameron Payne,2,82,78,4,1,0,3,1305,16.73076923076923,24,21,26,FALSE,FALSE,FALSE,TRUE,FALSE
2024,3064290,Aaron Gordon,1,73,73,0,0,0,0,2296,31.45205479452055,72,1,73,FALSE,FALSE,FALSE,TRUE,TRUE
2024,3064440,Zach LaVine,1,26,25,1,0,0,0,872,34.88,25,0,25,TRUE,FALSE,FALSE,TRUE,FALSE
2024,3064447,Delon Wright,2,60,47,13,0,0,13,741,15.76595744680851,14,14,16,FALSE,FALSE,FALSE,TRUE,FALSE
2024,3064482,Bobby Portis,1,82,82,0,0,0,0,2012,24.536585365853657,71,11,73,FALSE,FALSE,FALSE,TRUE,FALSE
2024,3064514,Julius Randle,1,50,46,4,1,0,1,1628,35.391304347826086,46,0,46,TRUE,TRUE,FALSE,TRUE,FALSE
2024,3064559,Damian Jones,1,82,39,43,0,0,43,273,7,1,2,3,FALSE,FALSE,FALSE,TRUE,FALSE
2024,3064560,Luke Kornet,1,74,63,11,0,0,10,987,15.666666666666666,14,22,16,FALSE,FALSE,FALSE,TRUE,FALSE
2024,3074213,Omer Yurtseven,1,79,47,32,2,0,29,546,11.617021276595745,10,8,12,FALSE,FALSE,FALSE,TRUE,FALSE
2024,3074752,Terry Rozier,2,62,61,1,0,0,0,2041,33.459016393442624,61,0,61,FALSE,FALSE,FALSE,TRUE,TRUE
2024,3078576,Derrick White,1,76,73,3,0,0,0,2380,32.602739726027394,72,1,73,FALSE,FALSE,FALSE,TRUE,TRUE
2024,3102528,Dante Exum,1,57,55,2,0,0,1,1090,19.818181818181817,24,17,26,FALSE,FALSE,FALSE,TRUE,FALSE
2024,3102529,Clint Capela,1,76,73,3,1,1,0,1882,25.78082191780822,68,5,70,FALSE,FALSE,FALSE,TRUE,FALSE
2024,3102530,Jusuf Nurkic,1,77,76,1,0,0,0,2078,27.342105263157894,70,5,72,FALSE,FALSE,FALSE,TRUE,FALSE
2024,3102531,Kristaps Porzingis,1,58,57,1,0,0,0,1689,29.63157894736842,55,1,56,FALSE,FALSE,FALSE,TRUE,TRUE
2024,3102532,Vasilije Micic,2,82,60,22,0,0,21,1176,19.6,27,10,29,FALSE,FALSE,FALSE,TRUE,FALSE
2024,3102533,Thanasis Antetokounmpo,1,82,32,50,0,0,48,155,4.84375,0,1,1,FALSE,FALSE,FALSE,TRUE,FALSE
2024,3112335,Nikola Jokic,2,80,80,0,0,0,0,2760,34.5,78,2,80,TRUE,TRUE,FALSE,TRUE,FALSE
2024,3133601,Devonte' Graham,1,80,23,57,0,0,56,314,13.652173913043478,5,4,7,FALSE,FALSE,FALSE,TRUE,FALSE
2024,3133602,Svi Mykhailiuk,1,79,41,38,0,0,38,414,10.097560975609756,4,6,6,FALSE,FALSE,FALSE,TRUE,FALSE
2024,3133603,Kelly Oubre Jr.,1,71,68,3,0,0,0,2059,30.279411764705884,65,3,67,FALSE,FALSE,FALSE,TRUE,TRUE
2024,3133626,Kenrich Williams,1,72,69,3,0,0,3,1029,14.91304347826087,11,25,13,FALSE,FALSE,FALSE,TRUE,FALSE
2024,3133628,Myles Turner,1,79,78,1,0,0,0,2104,26.974358974358974,71,6,73,FALSE,FALSE,FALSE,TRUE,FALSE
2024,3133635,Jevon Carter,1,82,72,10,0,0,10,1002,13.916666666666666,9,22,11,FALSE,FALSE,FALSE,TRUE,FALSE
2024,3133838,Yuta Watanabe,2,59,33,26,1,0,21,465,14.090909090909092,9,9,11,FALSE,FALSE,FALSE,TRUE,FALSE
2024,3134903,Gary Payton II,1,51,44,7,1,0,0,685,15.568181818181818,9,15,11,FALSE,FALSE,FALSE,TRUE,FALSE
2024,3134907,Kyle Kuzma,1,71,70,1,0,0,0,2281,32.58571428571429,70,0,70,FALSE,FALSE,FALSE,TRUE,TRUE
2024,3134908,Jakob Poeltl,1,50,50,0,0,0,0,1321,26.42,46,4,48,FALSE,FALSE,FALSE,TRUE,FALSE
2024,3134916,Jordan McLaughlin,1,67,56,11,0,0,10,626,11.178571428571429,3,12,5,FALSE,FALSE,FALSE,TRUE,FALSE
2024,3134932,John Konchar,1,67,54,13,2,0,6,1175,21.75925925925926,36,8,38,FALSE,FALSE,FALSE,TRUE,FALSE
2024,3135045,Grayson Allen,1,75,75,0,0,0,0,2513,33.50666666666667,74,0,74,FALSE,FALSE,FALSE,TRUE,TRUE
2024,3135046,Tyus Jones,1,71,66,5,4,0,0,1933,29.28787878787879,65,1,66,FALSE,FALSE,FALSE,TRUE,TRUE
2024,3135047,Justise Winslow,1,2,0,2,0,0,2,0,0,0,0,0,FALSE,FALSE,FALSE,TRUE,FALSE
2024,3136193,Devin Booker,2,69,69,0,0,0,0,2464,35.710144927536234,67,1,68,TRUE,FALSE,FALSE,TRUE,FALSE
2024,3136195,Karl-Anthony Towns,2,63,63,0,0,0,0,2053,32.58730158730159,62,1,63,TRUE,FALSE,FALSE,TRUE,FALSE
2024,3136196,Trey Lyles,1,59,58,1,1,0,0,1158,19.96551724137931,26,25,28,FALSE,FALSE,FALSE,TRUE,FALSE
2024,3136491,D.J. Wilson,1,6,2,4,0,0,4,16,8,0,0,0,FALSE,FALSE,FALSE,TRUE,FALSE
2024,3136776,D'Angelo Russell,1,81,77,4,1,0,0,2518,32.701298701298704,74,3,76,FALSE,FALSE,FALSE,TRUE,TRUE
2024,3136777,Jae'Sean Tate,1,73,65,8,0,0,8,1034,15.907692307692308,17,20,19,FALSE,FALSE,FALSE,TRUE,FALSE
2024,3136779,Keita Bates-Diop,2,71,53,18,0,0,17,670,12.641509433962264,11,9,13,FALSE,FALSE,FALSE,TRUE,FALSE
2024,3137259,Gabe Vincent,1,13,11,2,1,0,0,217,19.727272727272727,4,2,6,FALSE,FALSE,FALSE,TRUE,FALSE
2024,3138156,Justin Jackson,1,11,0,11,0,0,3,0,0,0,0,0,FALSE,FALSE,FALSE,TRUE,FALSE
2024,3138160,Caleb Martin,1,65,64,1,0,0,1,1758,27.46875,56,5,58,FALSE,FALSE,FALSE,TRUE,FALSE
2024,3138161,Cody Martin,1,30,28,2,0,0,0,754,26.928571428571427,26,2,28,FALSE,FALSE,FALSE,TRUE,FALSE
2024,3138196,Cameron Johnson,1,65,58,7,4,0,0,1600,27.586206896551722,56,1,57,FALSE,FALSE,FALSE,TRUE,FALSE
2024,3146557,Jock Landale,1,78,56,22,0,0,22,763,13.625,12,11,14,FALSE,FALSE,FALSE,TRUE,FALSE
2024,3147657,Mikal Bridges,1,82,82,0,0,0,0,2855,34.81707317073171,81,0,81,FALSE,FALSE,FALSE,TRUE,TRUE
2024,3149673,Pascal Siakam,2,81,80,1,0,0,0,2660,33.25,80,0,80,TRUE,FALSE,FALSE,TRUE,FALSE
2024,3150844,Moritz Wagner,1,82,80,2,0,0,2,1413,17.6625,27,28,29,FALSE,FALSE,FALSE,TRUE,FALSE
2024,3155526,Dillon Brooks,1,73,72,1,0,0,0,2227,30.930555555555557,72,0,72,FALSE,FALSE,FALSE,TRUE,TRUE
2024,3155535,Kevon Looney,1,82,74,8,0,0,8,1194,16.135135135135137,20,20,22,FALSE,FALSE,FALSE,TRUE,FALSE
2024,3155942,Domantas Sabonis,1,82,82,0,0,0,0,2931,35.74390243902439,82,0,82,TRUE,TRUE,FALSE,TRUE,FALSE
2024,3157465,Duncan Robinson,1,69,68,1,1,0,0,1904,28,64,2,66,FALSE,FALSE,FALSE,TRUE,TRUE
2024,3195,Mike Conley,1,76,76,0,0,0,0,2191,28.82894736842105,76,0,76,TRUE,FALSE,FALSE,TRUE,FALSE
2024,3202,Kevin Durant,2,77,76,1,1,0,0,2815,37.03947368421053,76,0,76,TRUE,FALSE,FALSE,TRUE,FALSE
2024,3209,Jeff Green,1,79,78,1,0,0,1,1306,16.743589743589745,24,22,26,FALSE,FALSE,FALSE,TRUE,FALSE
2024,3213,Al Horford,1,67,65,2,1,0,0,1742,26.8,60,4,62,FALSE,FALSE,FALSE,TRUE,FALSE
2024,3244,Thaddeus Young,2,75,33,42,0,0,41,442,13.393939393939394,8,8,10,FALSE,FALSE,FALSE,TRUE,FALSE
2024,3416,Nicolas Batum,2,67,59,8,2,0,1,1528,25.89830508474576,52,5,54,FALSE,FALSE,FALSE,TRUE,FALSE
2024,3428,Danilo Gallinari,3,68,49,19,0,0,19,633,12.918367346938776,4,20,6,FALSE,FALSE,FALSE,TRUE,FALSE
2024,3431,Eric Gordon,1,68,68,0,0,0,0,1892,27.823529411764707,62,6,64,FALSE,FALSE,FALSE,TRUE,FALSE
2024,3442,DeAndre Jordan,1,82,36,46,0,0,46,397,11.027777777777779,4,0,4,FALSE,FALSE,FALSE,TRUE,FALSE
2024,3447,Robin Lopez,1,51,16,35,0,0,35,63,3.9375,0,1,1,FALSE,FALSE,FALSE,TRUE,FALSE
2024,3448,Brook Lopez,1,79,79,0,0,0,0,2412,30.531645569620252,77,2,79,FALSE,TRUE,FALSE,TRUE,TRUE
2024,3449,Kevin Love,1,62,55,7,0,0,5,926,16.836363636363636,16,22,18,FALSE,FALSE,FALSE,TRUE,FALSE
2024,3452,JaVale McGee,1,81,46,35,0,0,35,340,7.391304347826087,0,2,2,FALSE,FALSE,FALSE,TRUE,FALSE
2024,3456,Derrick Rose,1,40,24,16,3,0,0,399,16.625,7,9,9,FALSE,FALSE,FALSE,TRUE,FALSE
2024,3468,Russell Westbrook,1,68,68,0,0,0,0,1526,22.441176470588236,40,24,42,FALSE,FALSE,FALSE,TRUE,FALSE
2024,3593,Bojan Bogdanovic,2,60,57,3,0,0,0,1480,25.964912280701753,39,11,41,FALSE,FALSE,FALSE,TRUE,FALSE
2024,3893014,Sasha Vezenkov,1,53,42,11,0,0,10,511,12.166666666666666,4,8,6,FALSE,FALSE,FALSE,TRUE,FALSE
2024,3893016,Cedi Osman,1,72,72,0,0,0,0,1270,17.63888888888889,20,32,22,FALSE,FALSE,FALSE,TRUE,FALSE
2024,3899664,Simone Fontecchio,2,69,66,3,0,0,2,1643,24.893939393939394,53,6,55,FALSE,FALSE,FALSE,TRUE,FALSE
2024,3906665,Brandon Clarke,1,10,6,4,1,0,0,134,22.333333333333332,6,0,6,FALSE,FALSE,FALSE,TRUE,FALSE
2024,3906786,Dylan Windler,3,35,17,18,0,0,18,108,6.352941176470588,1,2,3,FALSE,FALSE,FALSE,TRUE,FALSE
2024,3907387,Ben Simmons,1,16,15,1,1,0,0,358,23.866666666666667,11,2,13,FALSE,FALSE,FALSE,TRUE,FALSE
2024,3907497,Dejounte Murray,1,82,78,4,1,0,0,2782,35.666666666666664,78,0,78,TRUE,FALSE,FALSE,TRUE,FALSE
2024,3907498,Matisse Thybulle,1,77,65,12,10,0,1,1488,22.892307692307693,41,16,43,FALSE,FALSE,FALSE,TRUE,FALSE
2024,3907822,Malik Beasley,1,79,79,0,0,0,0,2338,29.59493670886076,76,2,78,FALSE,FALSE,FALSE,TRUE,TRUE
2024,3907823,Terance Mann,1,75,75,0,0,0,0,1876,25.013333333333332,63,10,65,FALSE,FALSE,FALSE,TRUE,FALSE
2024,3908336,Matt Ryan,1,45,27,18,0,0,17,391,14.481481481481481,9,4,11,FALSE,FALSE,FALSE,TRUE,FALSE
2024,3908809,Donovan Mitchell,2,57,56,1,0,0,0,1960,35,55,1,56,TRUE,TRUE,FALSE,TRUE,FALSE
2024,3908845,John Collins,1,70,68,2,1,0,0,1899,27.926470588235293,65,2,67,FALSE,FALSE,FALSE,TRUE,FALSE
2024,3912339,Kaiser Gates,1,2,1,1,0,0,1,7,7,0,0,0,FALSE,FALSE,FALSE,TRUE,FALSE
2024,3912848,Dean Wade,1,57,54,3,0,0,0,1113,20.61111111111111,32,7,34,FALSE,FALSE,FALSE,TRUE,FALSE
2024,3913174,Luke Kennard,1,50,39,11,3,0,0,1000,25.641025641025642,35,3,37,FALSE,FALSE,FALSE,TRUE,FALSE
2024,3913176,Brandon Ingram,1,65,64,1,0,0,0,2105,32.890625,64,0,64,FALSE,FALSE,FALSE,TRUE,TRUE
2024,3913180,Garrison Mathews,1,81,66,15,0,0,15,990,15,13,23,15,FALSE,FALSE,FALSE,TRUE,FALSE
2024,3913220,DaQuan Jeffries,1,54,15,39,0,0,34,43,2.8666666666666667,0,0,0,FALSE,FALSE,FALSE,TRUE,FALSE
2024,3914044,Landry Shamet,1,49,46,3,1,0,2,727,15.804347826086957,7,19,9,FALSE,FALSE,FALSE,TRUE,FALSE
2024,3914075,Xavier Moon,1,34,14,20,0,0,20,119,8.5,1,2,3,FALSE,FALSE,FALSE,TRUE,FALSE
2024,3914283,Chimezie Metu,3,66,51,15,0,0,14,859,16.84313725490196,17,11,19,FALSE,FALSE,FALSE,TRUE,FALSE
2024,3914285,Drew Eubanks,1,80,75,5,0,0,5,1165,15.533333333333333,14,37,16,FALSE,FALSE,FALSE,TRUE,FALSE
2024,3915195,Shake Milton,3,80,48,32,0,0,32,582,12.125,8,12,10,FALSE,FALSE,FALSE,TRUE,FALSE
2024,3917376,Jaylen Brown,2,72,71,1,0,0,0,2364,33.29577464788732,70,1,71,TRUE,TRUE,FALSE,TRUE,FALSE
2024,3918423,Admiral Schofield,1,47,23,24,0,0,24,84,3.652173913043478,0,0,0,FALSE,FALSE,FALSE,TRUE,FALSE
2024,3922230,Aaron Holiday,1,82,78,4,0,0,4,1269,16.26923076923077,23,23,25,FALSE,FALSE,FALSE,TRUE,FALSE
2024,3929325,Furkan Korkmaz,1,47,35,12,0,0,12,300,8.571428571428571,3,4,5,FALSE,FALSE,FALSE,TRUE,FALSE
2024,3934672,Jalen Brunson,2,83,78,5,2,0,0,2746,35.205128205128204,76,1,77,FALSE,TRUE,FALSE,TRUE,TRUE
2024,3934673,Donte DiVincenzo,1,82,81,1,0,0,0,2363,29.17283950617284,66,14,68,FALSE,FALSE,FALSE,TRUE,TRUE
2024,3934719,OG Anunoby,2,55,50,5,2,0,1,1705,34.1,50,0,50,FALSE,TRUE,FALSE,TRUE,TRUE
2024,3934723,Thomas Bryant,1,82,38,44,0,0,41,443,11.657894736842104,5,8,7,FALSE,FALSE,FALSE,TRUE,FALSE
2024,3936099,Derrick Jones Jr.,1,77,76,1,0,0,0,1780,23.42105263157895,49,18,51,FALSE,FALSE,FALSE,TRUE,FALSE
2024,3936299,Jamal Murray,1,59,59,0,0,0,0,1862,31.559322033898304,56,1,57,FALSE,FALSE,FALSE,TRUE,TRUE
2024,3943606,Jerome Robinson,1,44,22,22,0,0,21,82,3.727272727272727,0,1,1,FALSE,FALSE,FALSE,TRUE,FALSE
2024,3945274,Luka Doncic,2,71,71,0,0,0,0,2647,37.28169014084507,71,0,71,TRUE,TRUE,FALSE,TRUE,FALSE
2024,3947156,Mamadi Diakite,2,28,6,22,0,0,22,26,4.333333333333333,0,0,0,FALSE,FALSE,FALSE,TRUE,FALSE
2024,3948153,Chris Boucher,1,69,50,19,4,0,14,705,14.1,6,14,8,FALSE,FALSE,FALSE,TRUE,FALSE
2024,3964,Patrick Beverley,2,74,73,1,0,0,0,1464,20.054794520547944,35,19,37,FALSE,FALSE,FALSE,TRUE,FALSE
2024,3975,Stephen Curry,2,75,75,0,0,0,0,2446,32.61333333333334,74,1,75,TRUE,TRUE,FALSE,TRUE,FALSE
2024,3978,DeMar DeRozan,1,80,79,1,0,1,0,2995,37.91139240506329,79,0,79,TRUE,FALSE,FALSE,TRUE,FALSE
2024,3986,Taj Gibson,2,33,18,15,0,0,13,203,11.277777777777779,1,4,3,FALSE,FALSE,FALSE,TRUE,FALSE
2024,3988,Danny Green,1,3,2,1,0,0,1,19,9.5,0,0,0,FALSE,FALSE,FALSE,TRUE,FALSE
2024,3992,James Harden,1,73,72,1,0,0,0,2469,34.291666666666664,71,0,71,TRUE,FALSE,FALSE,TRUE,FALSE
2024,3995,Jrue Holiday,1,69,69,0,0,0,0,2265,32.82608695652174,68,1,69,TRUE,TRUE,FALSE,TRUE,FALSE
2024,3999,James Johnson,1,54,9,45,1,0,44,46,5.111111111111111,0,0,0,FALSE,FALSE,FALSE,TRUE,FALSE
2024,4004,Patty Mills,2,78,32,46,2,0,44,418,13.0625,5,8,7,FALSE,FALSE,FALSE,TRUE,FALSE
2024,4017837,Ivica Zubac,1,71,68,3,0,0,2,1794,26.38235294117647,61,6,63,FALSE,FALSE,FALSE,TRUE,FALSE
2024,4023,Garrett Temple,1,80,27,53,0,0,52,291,10.777777777777779,5,2,7,FALSE,FALSE,FALSE,TRUE,FALSE
2024,4032,Wesley Matthews,1,59,36,23,1,0,21,414,11.5,2,7,4,FALSE,FALSE,FALSE,TRUE,FALSE
2024,4065648,Jayson Tatum,2,76,75,1,1,0,0,2670,35.6,74,1,75,TRUE,TRUE,FALSE,TRUE,FALSE
2024,4065649,Harry Giles III,2,64,22,42,0,0,40,99,4.5,0,1,1,FALSE,FALSE,FALSE,TRUE,FALSE
2024,4065652,Marques Bolden,2,29,10,19,0,0,13,123,12.3,2,2,4,FALSE,FALSE,FALSE,TRUE,FALSE
2024,4065653,Jack White,1,4,4,0,0,0,0,64,16,1,1,2,FALSE,FALSE,FALSE,TRUE,FALSE
2024,4065654,Jonathan Isaac,1,63,58,5,2,0,1,915,15.775862068965518,15,19,17,FALSE,FALSE,FALSE,TRUE,FALSE
2024,4065656,Trent Forrest,1,74,38,36,0,0,36,413,10.868421052631579,3,6,5,FALSE,FALSE,FALSE,TRUE,FALSE
2024,4065663,Josh Okogie,1,68,60,8,0,0,6,964,16.066666666666666,16,15,18,FALSE,FALSE,FALSE,TRUE,FALSE
2024,4065670,Bruce Brown,2,72,68,4,1,0,1,1885,27.720588235294116,65,3,67,FALSE,FALSE,FALSE,TRUE,FALSE
2024,4065697,Dennis Smith Jr.,1,70,56,14,5,0,1,1059,18.910714285714285,22,24,24,FALSE,FALSE,FALSE,TRUE,FALSE
2024,4065731,Jay Huff,1,47,19,28,0,0,27,50,2.6315789473684212,0,0,0,FALSE,FALSE,FALSE,TRUE,FALSE
2024,4065732,De'Andre Hunter,1,58,57,1,1,0,0,1682,29.50877192982456,53,4,55,FALSE,FALSE,FALSE,TRUE,TRUE
2024,4065733,Ty Jerome,1,22,2,20,1,0,2,15,7.5,0,0,0,FALSE,FALSE,FALSE,TRUE,FALSE
2024,4065778,Max Strus,1,70,70,0,0,0,0,2241,32.01428571428571,69,0,69,FALSE,FALSE,FALSE,TRUE,TRUE
2024,4065804,Sam Hauser,1,79,79,0,0,0,0,1743,22.063291139240505,51,18,53,FALSE,FALSE,FALSE,TRUE,FALSE
2024,4066211,Robert Williams III,1,6,6,0,0,0,0,119,19.833333333333332,4,1,5,FALSE,FALSE,FALSE,TRUE,FALSE
2024,4066218,Grant Williams,2,77,76,1,0,0,0,2126,27.973684210526315,67,6,69,FALSE,FALSE,FALSE,TRUE,FALSE
2024,4066240,Braxton Key,1,50,20,30,1,0,29,60,3,0,0,0,FALSE,FALSE,FALSE,TRUE,FALSE
2024,4066259,De'Aaron Fox,1,74,74,0,0,0,0,2659,35.932432432432435,74,0,74,TRUE,TRUE,FALSE,TRUE,FALSE
2024,4066261,Bam Adebayo,2,75,72,3,3,0,0,2432,33.77777777777778,69,2,71,TRUE,TRUE,FALSE,TRUE,FALSE
2024,4066262,Malik Monk,1,72,72,0,0,0,0,1874,26.02777777777778,65,5,67,FALSE,FALSE,FALSE,TRUE,FALSE
2024,4066264,Wenyen Gabriel,1,8,5,3,0,0,0,81,16.2,1,2,3,FALSE,FALSE,FALSE,TRUE,FALSE
2024,4066268,Duop Reath,1,71,68,3,1,0,1,1217,17.897058823529413,26,9,28,FALSE,FALSE,FALSE,TRUE,FALSE
2024,4066269,Skylar Mays,2,61,38,23,0,0,23,434,11.421052631578947,8,5,10,FALSE,FALSE,FALSE,TRUE,FALSE
2024,4066299,Udoka Azubuike,1,47,16,31,0,0,31,112,7,1,1,2,FALSE,FALSE,FALSE,TRUE,FALSE
2024,4066317,Lindy Waters III,1,55,36,19,0,0,17,282,7.833333333333333,1,6,3,FALSE,FALSE,FALSE,TRUE,FALSE
2024,4066320,Desmond Bane,1,43,42,1,0,0,0,1443,34.357142857142854,42,0,42,FALSE,FALSE,FALSE,TRUE,TRUE
2024,4066328,Jarrett Allen,1,77,77,0,0,0,0,2441,31.7012987012987,75,2,77,TRUE,FALSE,FALSE,TRUE,FALSE
2024,4066335,Kobi Simmons,1,6,4,2,0,0,0,67,16.75,1,2,3,FALSE,FALSE,FALSE,TRUE,FALSE
2024,4066336,Lauri Markkanen,1,55,55,0,0,0,0,1823,33.14545454545455,55,0,55,TRUE,FALSE,FALSE,TRUE,FALSE
2024,4066354,Payton Pritchard,1,82,82,0,0,0,0,1823,22.23170731707317,49,23,51,FALSE,FALSE,FALSE,TRUE,FALSE
2024,4066372,Kevin Huerter,1,64,64,0,0,0,0,1565,24.453125,45,13,47,FALSE,FALSE,FALSE,TRUE,FALSE
2024,4066377,Zavier Simpson,1,9,7,2,0,0,2,162,23.142857142857142,5,0,5,FALSE,FALSE,FALSE,TRUE,FALSE
2024,4066383,Miles Bridges,1,74,69,5,1,0,1,2586,37.47826086956522,68,1,69,FALSE,FALSE,FALSE,TRUE,TRUE
2024,4066387,Amir Coffey,1,82,70,12,0,0,12,1458,20.82857142857143,43,12,45,FALSE,FALSE,FALSE,TRUE,FALSE
2024,4066399,Micah Potter,1,25,16,9,0,0,9,186,11.625,3,2,5,FALSE,FALSE,FALSE,TRUE,FALSE
2024,4066405,Lamar Stevens,2,77,37,40,0,0,31,560,15.135135135135135,15,4,17,FALSE,FALSE,FALSE,TRUE,FALSE
2024,4066410,Eugene Omoruyi,1,62,42,20,0,0,17,392,9.333333333333334,3,4,5,FALSE,FALSE,FALSE,TRUE,FALSE
2024,4066421,Lonzo Ball,1,1,0,1,0,0,0,0,0,0,0,0,FALSE,FALSE,FALSE,TRUE,FALSE
2024,4066436,De'Anthony Melton,1,41,38,3,1,0,0,1022,26.894736842105264,32,4,34,FALSE,FALSE,FALSE,TRUE,FALSE
2024,4066450,Armoni Brooks,1,18,10,8,0,0,8,103,10.3,1,3,3,FALSE,FALSE,FALSE,TRUE,FALSE
2024,4066457,Austin Reaves,1,83,83,0,0,0,0,2652,31.951807228915662,82,1,83,FALSE,FALSE,FALSE,TRUE,TRUE
2024,4066508,Charlie Brown Jr.,1,27,8,19,0,0,19,37,4.625,1,0,1,FALSE,FALSE,FALSE,TRUE,FALSE
2024,4066636,Markelle Fultz,1,45,43,2,0,0,0,910,21.162790697674417,23,14,25,FALSE,FALSE,FALSE,TRUE,FALSE
2024,4066648,Rui Hachimura,1,71,69,2,0,0,1,1834,26.579710144927535,55,11,57,FALSE,FALSE,FALSE,TRUE,FALSE
2024,4066650,Zach Collins,1,69,69,0,0,0,0,1529,22.159420289855074,38,28,40,FALSE,FALSE,FALSE,TRUE,FALSE
2024,4066668,Malachi Flynn,3,78,68,10,0,0,9,876,12.882352941176471,11,21,13,FALSE,FALSE,FALSE,TRUE,FALSE
2024,4066731,Jalen McDaniels,1,82,50,32,0,0,32,538,10.76,4,10,6,FALSE,FALSE,FALSE,TRUE,FALSE
2024,4066736,Jordan Ford,1,15,6,9,0,0,9,20,3.3333333333333335,0,0,0,FALSE,FALSE,FALSE,TRUE,FALSE
2024,4066757,Sam Merrill,1,77,61,16,1,0,13,1070,17.540983606557376,27,10,29,FALSE,FALSE,FALSE,TRUE,FALSE
2024,4066786,Jeff Dowtin Jr.,1,15,12,3,0,0,3,142,11.833333333333334,2,1,3,FALSE,FALSE,FALSE,TRUE,FALSE
2024,4066796,DeJon Jarreau,1,13,9,4,0,0,0,150,16.666666666666668,4,2,6,FALSE,FALSE,FALSE,TRUE,FALSE
2024,4066808,Taze Moore,1,10,4,6,0,0,3,40,10,1,0,1,FALSE,FALSE,FALSE,TRUE,FALSE
2024,4066993,Dru Smith,1,15,9,6,0,0,6,130,14.444444444444445,4,1,5,FALSE,FALSE,FALSE,TRUE,FALSE
2024,4067017,A.J. Lawson,1,59,40,19,0,0,17,314,7.85,5,3,7,FALSE,FALSE,FALSE,TRUE,FALSE
2024,4067858,Kevon Harris,1,4,2,2,0,0,2,6,3,0,0,0,FALSE,FALSE,FALSE,TRUE,FALSE
2024,4080610,Hamidou Diallo,1,6,2,4,0,0,2,5,2.5,0,0,0,FALSE,FALSE,FALSE,TRUE,FALSE
2024,4222252,Isaiah Hartenstein,1,78,75,3,3,0,0,1898,25.30666666666667,53,16,55,FALSE,FALSE,FALSE,TRUE,FALSE
2024,4230547,Frank Ntilikina,1,19,5,14,1,0,5,43,8.6,0,0,0,FALSE,FALSE,FALSE,TRUE,FALSE
2024,4249,Gordon Hayward,2,51,51,0,0,0,0,1247,24.45098039215686,33,8,35,FALSE,FALSE,FALSE,TRUE,FALSE
2024,4251,Paul George,2,75,75,0,0,0,0,2509,33.45333333333333,72,1,73,TRUE,FALSE,FALSE,TRUE,FALSE
2024,4277811,Collin Sexton,1,78,78,0,0,0,0,2074,26.58974358974359,64,13,66,FALSE,FALSE,FALSE,TRUE,FALSE
2024,4277813,Herbert Jones,1,77,76,1,0,0,0,2321,30.539473684210527,73,3,75,FALSE,FALSE,FALSE,TRUE,TRUE
2024,4277843,Gary Trent Jr.,1,78,71,7,0,1,1,1994,28.08450704225352,68,3,70,FALSE,FALSE,FALSE,TRUE,TRUE
2024,4277847,Wendell Carter Jr.,1,61,55,6,1,0,0,1405,25.545454545454547,50,3,52,FALSE,FALSE,FALSE,TRUE,FALSE
2024,4277848,Marvin Bagley III,2,63,50,13,0,0,10,1051,21.02,27,12,29,FALSE,FALSE,FALSE,TRUE,FALSE
2024,4277850,RaiQuan Gray,1,9,3,6,0,0,6,40,13.333333333333334,1,0,1,FALSE,FALSE,FALSE,TRUE,FALSE
2024,4277869,Jose Alvarado,1,65,56,9,1,0,3,1029,18.375,25,19,27,FALSE,FALSE,FALSE,TRUE,FALSE
2024,4277880,Malik Williams,1,7,7,0,0,0,0,106,15.142857142857142,2,1,3,FALSE,FALSE,FALSE,TRUE,FALSE
2024,4277883,Jordan Nwora,2,82,52,30,0,0,30,710,13.653846153846153,13,13,15,FALSE,FALSE,FALSE,TRUE,FALSE
2024,4277887,Lindell Wigginton,1,17,2,15,0,0,14,7,3.5,0,0,0,FALSE,FALSE,FALSE,TRUE,FALSE
2024,4277890,Lonnie Walker IV,1,68,58,10,2,0,4,1015,17.5,22,10,24,FALSE,FALSE,FALSE,TRUE,FALSE
2024,4277905,Trae Young,2,63,55,8,3,0,0,1952,35.49090909090909,54,0,54,TRUE,FALSE,FALSE,TRUE,FALSE
2024,4277919,Mo Bamba,1,72,57,15,2,0,13,739,12.964912280701755,9,18,11,FALSE,FALSE,FALSE,TRUE,FALSE
2024,4277922,Jericho Sims,1,76,45,31,2,0,29,588,13.066666666666666,14,7,16,FALSE,FALSE,FALSE,TRUE,FALSE
2024,4277923,Zhaire Smith,1,4,0,4,0,0,3,0,0,0,0,0,FALSE,FALSE,FALSE,TRUE,FALSE
2024,4277951,Luka Garza,1,50,24,26,0,0,25,121,5.041666666666667,1,0,1,FALSE,FALSE,FALSE,TRUE,FALSE
2024,4277952,Bruno Fernando,1,77,45,32,0,0,32,683,15.177777777777777,16,12,18,FALSE,FALSE,FALSE,TRUE,FALSE
2024,4277956,Jordan Poole,1,82,78,4,4,0,0,2346,30.076923076923077,78,0,78,FALSE,FALSE,FALSE,TRUE,TRUE
2024,4277957,Isaiah Livers,2,32,23,9,0,0,5,469,20.391304347826086,12,6,14,FALSE,FALSE,FALSE,TRUE,FALSE
2024,4277961,Jaren Jackson Jr.,1,68,66,2,0,0,0,2124,32.18181818181818,65,0,65,TRUE,TRUE,FALSE,TRUE,FALSE
2024,4277964,Xavier Tillman,2,64,53,11,0,0,8,977,18.433962264150942,21,14,23,FALSE,FALSE,FALSE,TRUE,FALSE
2024,4278031,Oshae Brissett,1,80,54,26,0,0,25,630,11.666666666666666,5,18,7,FALSE,FALSE,FALSE,TRUE,FALSE
2024,4278039,Nickeil Alexander-Walker,1,82,82,0,0,0,0,1925,23.475609756097562,57,22,59,FALSE,FALSE,FALSE,TRUE,FALSE
2024,4278046,Olivier Sarr,1,40,15,25,0,0,25,100,6.666666666666667,1,0,1,FALSE,FALSE,FALSE,TRUE,FALSE
2024,4278049,Daniel Gafford,2,74,74,0,0,0,0,1812,24.486486486486488,62,7,64,FALSE,FALSE,FALSE,TRUE,FALSE
2024,4278052,Chuma Okeke,1,82,46,36,0,0,35,431,9.369565217391305,9,2,11,FALSE,FALSE,FALSE,TRUE,FALSE
2024,4278053,Davion Mitchell,1,81,72,9,0,0,9,1100,15.277777777777779,20,18,22,FALSE,FALSE,FALSE,TRUE,FALSE
2024,4278067,Nic Claxton,1,75,71,4,1,0,0,2115,29.788732394366196,70,1,71,FALSE,TRUE,FALSE,TRUE,TRUE
2024,4278073,Shai Gilgeous-Alexander,2,76,76,0,0,0,0,2582,33.973684210526315,75,1,76,TRUE,TRUE,FALSE,TRUE,FALSE
2024,4278075,Kevin Knox II,1,40,31,9,0,0,9,561,18.096774193548388,15,3,17,FALSE,FALSE,FALSE,TRUE,FALSE
2024,4278076,Nick Richards,1,70,67,3,1,0,1,1759,26.253731343283583,54,10,56,FALSE,FALSE,FALSE,TRUE,FALSE
2024,4278077,Jarred Vanderbilt,1,35,30,5,2,0,1,599,19.966666666666665,14,9,16,FALSE,FALSE,FALSE,TRUE,FALSE
2024,4278078,P.J. Washington,2,74,73,1,0,0,0,2220,30.410958904109588,70,1,71,FALSE,FALSE,FALSE,TRUE,TRUE
2024,4278103,Jontay Porter,1,29,25,4,0,0,3,359,14.36,8,5,10,FALSE,FALSE,FALSE,TRUE,FALSE
2024,4278104,Michael Porter Jr.,1,82,81,1,0,0,0,2567,31.691358024691358,80,1,81,FALSE,FALSE,FALSE,TRUE,TRUE
2024,4278111,Justin Minaya,1,45,34,11,0,0,11,382,11.235294117647058,7,2,9,FALSE,FALSE,FALSE,TRUE,FALSE
2024,4278124,Saben Lee,1,50,24,26,0,0,26,185,7.708333333333333,2,2,4,FALSE,FALSE,FALSE,TRUE,FALSE
2024,4278129,Deandre Ayton,1,56,55,1,0,0,0,1783,32.41818181818182,54,1,55,FALSE,FALSE,FALSE,TRUE,TRUE
2024,4278352,Jalen Crutcher,1,10,1,9,0,0,2,3,3,0,0,0,FALSE,FALSE,FALSE,TRUE,FALSE
2024,4278355,Obi Toppin,1,83,83,0,0,0,0,1759,21.19277108433735,45,30,47,FALSE,FALSE,FALSE,TRUE,FALSE
2024,4278378,Jacob Gilyard,2,54,40,14,0,0,13,697,17.425,16,9,18,FALSE,FALSE,FALSE,TRUE,FALSE
2024,4278402,Jordan Goodwin,2,69,56,13,0,0,12,1059,18.910714285714285,30,7,32,FALSE,FALSE,FALSE,TRUE,FALSE
2024,4278412,Izaiah Brockington,1,9,1,8,0,0,1,3,3,0,0,0,FALSE,FALSE,FALSE,TRUE,FALSE
2024,4278508,Troy Brown Jr.,2,82,59,23,0,0,23,827,14.016949152542374,17,10,19,FALSE,FALSE,FALSE,TRUE,FALSE
2024,4278541,Jaylen Nowell,2,16,13,3,0,0,3,212,16.307692307692307,5,2,7,FALSE,FALSE,FALSE,TRUE,FALSE
2024,4278562,Paul Reed,1,82,82,0,0,0,0,1594,19.4390243902439,37,15,39,FALSE,FALSE,FALSE,TRUE,FALSE
2024,4278572,Jamal Cain,1,50,25,25,0,0,23,258,10.32,5,1,6,FALSE,FALSE,FALSE,TRUE,FALSE
2024,4278580,Sandro Mamukelashvili,1,82,45,37,1,0,34,452,10.044444444444444,9,3,11,FALSE,FALSE,FALSE,TRUE,FALSE
2024,4278585,Collin Gillespie,1,49,24,25,0,0,25,227,9.458333333333334,3,5,5,FALSE,FALSE,FALSE,TRUE,FALSE
2024,4278588,Jermaine Samuels Jr.,1,34,13,21,0,0,20,59,4.538461538461538,0,0,0,FALSE,FALSE,FALSE,TRUE,FALSE
2024,4278594,Naji Marshall,1,69,66,3,0,0,1,1258,19.060606060606062,29,19,31,FALSE,FALSE,FALSE,TRUE,FALSE
2024,4279532,Stanley Umude,1,45,24,21,6,0,8,308,12.833333333333334,5,6,7,FALSE,FALSE,FALSE,TRUE,FALSE
2024,4279815,Terry Taylor,1,75,31,44,0,0,44,188,6.064516129032258,2,2,4,FALSE,FALSE,FALSE,TRUE,FALSE
2024,4279888,Ja Morant,1,15,9,6,1,0,0,318,35.333333333333336,9,0,9,TRUE,TRUE,FALSE,TRUE,FALSE
2024,4280151,Corey Kispert,1,81,80,1,1,0,0,2068,25.85,63,15,65,FALSE,FALSE,FALSE,TRUE,FALSE
2024,4280181,Sir'Jabari Rice,1,2,0,2,0,0,2,0,0,0,0,0,FALSE,FALSE,FALSE,TRUE,FALSE
2024,4280245,Jamaree Bouyea,2,15,9,6,0,0,5,94,10.444444444444445,1,2,3,FALSE,FALSE,FALSE,TRUE,FALSE
2024,4291678,Haywood Highsmith,1,69,66,3,1,0,1,1364,20.666666666666668,40,10,42,FALSE,FALSE,FALSE,TRUE,FALSE
2024,4305,Ish Smith,1,47,43,4,0,0,3,740,17.209302325581394,11,19,13,FALSE,FALSE,FALSE,TRUE,FALSE
2024,4348700,Goga Bitadze,1,82,61,21,1,0,19,958,15.704918032786885,27,6,29,FALSE,FALSE,FALSE,TRUE,FALSE
2024,4351851,Anfernee Simons,1,51,46,5,1,0,0,1583,34.41304347826087,46,0,46,FALSE,FALSE,FALSE,TRUE,TRUE
2024,4351852,Mitchell Robinson,1,33,31,2,1,0,0,766,24.70967741935484,23,4,25,FALSE,FALSE,FALSE,TRUE,FALSE
2024,4376,Boban Marjanovic,1,81,13,68,0,0,67,71,5.461538461538462,0,0,0,FALSE,FALSE,FALSE,TRUE,FALSE
2024,4395620,Hunter Tyson,1,46,18,28,0,0,28,47,2.611111111111111,0,0,0,FALSE,FALSE,FALSE,TRUE,FALSE
2024,4395623,Trey Jemison III,2,30,25,5,0,0,5,572,22.88,15,5,17,FALSE,FALSE,FALSE,TRUE,FALSE
2024,4395625,RJ Barrett,2,65,58,7,1,0,0,1838,31.689655172413794,58,0,58,FALSE,FALSE,FALSE,TRUE,TRUE
2024,4395626,Tre Jones,1,78,77,1,1,0,0,2136,27.74025974025974,72,5,74,FALSE,FALSE,FALSE,TRUE,FALSE
2024,4395627,Cam Reddish,1,60,49,11,0,0,5,1017,20.755102040816325,28,7,30,FALSE,FALSE,FALSE,TRUE,FALSE
2024,4395628,Zion Williamson,1,77,70,7,1,2,1,2210,31.571428571428573,69,1,70,TRUE,FALSE,FALSE,TRUE,FALSE
2024,4395630,Devin Vassell,1,69,68,1,1,0,0,2247,33.044117647058826,66,1,67,FALSE,FALSE,FALSE,TRUE,TRUE
2024,4395650,Leaky Black,1,49,26,23,0,0,23,284,10.923076923076923,3,5,5,FALSE,FALSE,FALSE,TRUE,FALSE
2024,4395651,Coby White,1,79,79,0,0,0,0,2881,36.46835443037975,78,0,78,FALSE,FALSE,FALSE,TRUE,TRUE
2024,4395652,Nassir Little,1,67,45,22,0,0,22,460,10.222222222222221,8,8,10,FALSE,FALSE,FALSE,TRUE,FALSE
2024,4395676,Buddy Boeheim,1,14,10,4,0,0,4,82,8.2,1,1,2,FALSE,FALSE,FALSE,TRUE,FALSE
2024,4395695,Jared Butler,1,56,40,16,0,0,16,564,14.1,12,6,14,FALSE,FALSE,FALSE,TRUE,FALSE
2024,4395698,Kira Lewis Jr.,3,64,28,36,0,0,36,263,9.392857142857142,3,4,5,FALSE,FALSE,FALSE,TRUE,FALSE
2024,4395702,Isaiah Joe,1,78,78,0,0,0,0,1444,18.512820512820515,34,26,36,FALSE,FALSE,FALSE,TRUE,FALSE
2024,4395704,Mason Jones,1,18,5,13,0,0,13,28,5.6,0,0,0,FALSE,FALSE,FALSE,TRUE,FALSE
2024,4395712,Andrew Nembhard,1,70,67,3,1,0,0,1695,25.29850746268657,56,5,58,FALSE,FALSE,FALSE,TRUE,FALSE
2024,4395714,Keyontae Johnson,1,13,9,4,0,0,4,67,7.444444444444445,0,1,1,FALSE,FALSE,FALSE,TRUE,FALSE
2024,4395722,Ashton Hagans,1,19,19,0,0,0,0,316,16.63157894736842,8,2,10,FALSE,FALSE,FALSE,TRUE,FALSE
2024,4395723,Keldon Johnson,1,69,69,0,0,0,0,2039,29.55072463768116,66,2,68,FALSE,FALSE,FALSE,TRUE,TRUE
2024,4395724,Immanuel Quickley,2,69,68,1,0,0,0,1987,29.220588235294116,61,7,63,FALSE,FALSE,FALSE,TRUE,TRUE
2024,4395725,Tyler Herro,1,46,42,4,1,0,0,1408,33.523809523809526,41,0,41,FALSE,FALSE,FALSE,TRUE,TRUE
2024,4396629,Nate Hinton,1,31,14,17,0,0,16,75,5.357142857142857,0,1,1,FALSE,FALSE,FALSE,TRUE,FALSE
2024,4396676,Dexter Dennis,1,8,4,4,0,0,4,30,7.5,0,1,1,FALSE,FALSE,FALSE,TRUE,FALSE
2024,4396818,Jordan Miller,1,20,8,12,0,0,12,28,3.5,0,0,0,FALSE,FALSE,FALSE,TRUE,FALSE
2024,4396907,Darius Garland,1,57,57,0,0,0,0,1900,33.333333333333336,56,0,56,TRUE,FALSE,FALSE,TRUE,FALSE
2024,4396909,Aaron Nesmith,1,73,73,0,0,0,0,2019,27.65753424657534,68,5,70,FALSE,FALSE,FALSE,TRUE,FALSE
2024,4396971,Naz Reid,1,81,81,0,0,0,0,1965,24.25925925925926,65,14,67,FALSE,FALSE,FALSE,TRUE,FALSE
2024,4396972,Javonte Smart,1,1,1,0,0,0,0,1,1,0,0,0,FALSE,FALSE,FALSE,TRUE,FALSE
2024,4396991,Talen Horton-Tucker,1,80,51,29,0,0,29,1006,19.725490196078432,26,14,28,FALSE,FALSE,FALSE,TRUE,FALSE
2024,4396993,Tyrese Haliburton,2,71,71,0,0,0,0,2288,32.225352112676056,70,0,70,TRUE,FALSE,FALSE,TRUE,FALSE
2024,4397002,Ayo Dosunmu,1,76,76,0,0,0,0,2216,29.157894736842106,58,8,60,FALSE,FALSE,FALSE,TRUE,TRUE
2024,4397014,Quentin Grimes,2,54,51,3,1,0,1,1025,20.098039215686274,27,17,29,FALSE,FALSE,FALSE,TRUE,FALSE
2024,4397018,Ochai Agbaji,2,79,78,1,0,0,1,1639,21.012820512820515,41,20,43,FALSE,FALSE,FALSE,TRUE,FALSE
2024,4397020,Luguentz Dort,1,79,79,0,0,0,0,2247,28.443037974683545,74,4,76,FALSE,FALSE,FALSE,TRUE,TRUE
2024,4397040,Brandon Williams,1,31,16,15,0,0,14,114,7.125,1,1,2,FALSE,FALSE,FALSE,TRUE,FALSE
2024,4397077,Jaxson Hayes,1,80,71,9,0,0,8,888,12.507042253521126,9,13,11,FALSE,FALSE,FALSE,TRUE,FALSE
2024,4397102,Bol Bol,1,71,42,29,0,0,28,468,11.142857142857142,5,7,7,FALSE,FALSE,FALSE,TRUE,FALSE
2024,4397104,Miles Norris,1,1,0,1,0,0,1,0,0,0,0,0,FALSE,FALSE,FALSE,TRUE,FALSE
2024,4397107,David Duke Jr.,1,9,4,5,0,0,5,51,12.75,1,1,2,FALSE,FALSE,FALSE,TRUE,FALSE
2024,4397119,Jared Rhoden,1,26,17,9,0,0,8,246,14.470588235294118,5,3,7,FALSE,FALSE,FALSE,TRUE,FALSE
2024,4397126,Moses Brown,1,58,22,36,1,0,34,201,9.136363636363637,0,4,2,FALSE,FALSE,FALSE,TRUE,FALSE
2024,4397127,Jules Bernard,1,37,19,18,0,0,18,149,7.842105263157895,2,1,3,FALSE,FALSE,FALSE,TRUE,FALSE
2024,4397134,Cole Swider,1,43,18,25,0,0,25,88,4.888888888888889,1,1,2,FALSE,FALSE,FALSE,TRUE,FALSE
2024,4397136,Saddiq Bey,1,63,63,0,0,0,0,2060,32.698412698412696,62,1,63,FALSE,FALSE,FALSE,TRUE,TRUE
2024,4397148,Timmy Allen,1,5,5,0,0,0,0,124,24.8,4,1,5,FALSE,FALSE,FALSE,TRUE,FALSE
2024,4397183,Aaron Wiggins,1,82,78,4,0,0,4,1225,15.705128205128204,18,25,20,FALSE,FALSE,FALSE,TRUE,FALSE
2024,4397189,Jalen Smith,1,68,61,7,0,0,5,1045,17.131147540983605,20,21,22,FALSE,FALSE,FALSE,TRUE,FALSE
2024,4397204,Colin Castleton,1,24,16,8,0,0,8,57,3.5625,0,0,0,FALSE,FALSE,FALSE,TRUE,FALSE
2024,4397227,Vince Williams Jr.,1,72,52,20,1,0,8,1443,27.75,42,4,44,FALSE,FALSE,FALSE,TRUE,FALSE
2024,4397233,Pete Nance,1,14,8,6,0,0,6,27,3.375,0,0,0,FALSE,FALSE,FALSE,TRUE,FALSE
2024,4397235,Duane Washington Jr.,1,2,0,2,1,0,1,0,0,0,0,0,FALSE,FALSE,FALSE,TRUE,FALSE
2024,4397251,Ron Harper Jr.,1,4,1,3,0,0,1,4,4,0,0,0,FALSE,FALSE,FALSE,TRUE,FALSE
2024,4397371,Nathan Mensah,1,30,25,5,0,0,5,308,12.32,3,7,5,FALSE,FALSE,FALSE,TRUE,FALSE
2024,4397424,Neemias Queta,1,49,28,21,0,0,21,332,11.857142857142858,4,5,6,FALSE,FALSE,FALSE,TRUE,FALSE
2024,4397475,AJ Green,1,78,54,24,0,0,22,614,11.37037037037037,7,11,9,FALSE,FALSE,FALSE,TRUE,FALSE
2024,4397511,Javon Freeman-Liberty,1,31,22,9,0,0,9,402,18.272727272727273,10,4,12,FALSE,FALSE,FALSE,TRUE,FALSE
2024,4397537,Taevion Kinsey,1,4,0,4,0,0,1,0,0,0,0,0,FALSE,FALSE,FALSE,TRUE,FALSE
2024,4397554,Markquis Nowell,1,3,1,2,0,0,1,4,4,0,0,0,FALSE,FALSE,FALSE,TRUE,FALSE
2024,4397650,Andrew Funk,1,12,5,7,0,0,7,12,2.4,0,0,0,FALSE,FALSE,FALSE,TRUE,FALSE
2024,4397654,Adam Flagler,1,2,2,0,0,0,0,15,7.5,0,0,0,FALSE,FALSE,FALSE,TRUE,FALSE
2024,4397667,Filip Petrusev,3,13,2,11,0,0,9,9,4.5,0,0,0,FALSE,FALSE,FALSE,TRUE,FALSE
2024,4397688,Trey Murphy III,1,59,57,2,1,0,1,1692,29.68421052631579,55,2,57,FALSE,FALSE,FALSE,TRUE,TRUE
2024,4397689,Drew Peterson,1,8,3,5,0,0,5,23,7.666666666666667,0,0,0,FALSE,FALSE,FALSE,TRUE,FALSE
2024,4397693,Kessler Edwards,1,80,48,32,0,0,26,272,5.666666666666667,0,4,2,FALSE,FALSE,FALSE,TRUE,FALSE
2024,4397821,Nate Williams,1,50,22,28,0,0,28,129,5.863636363636363,1,1,2,FALSE,FALSE,FALSE,TRUE,FALSE
2024,4397885,Dalano Banton,2,80,53,27,0,0,25,1047,19.754716981132077,25,5,27,FALSE,FALSE,FALSE,TRUE,FALSE
2024,4397886,Charles Bassey,1,21,19,2,0,0,2,203,10.68421052631579,0,8,2,FALSE,FALSE,FALSE,TRUE,FALSE
2024,4397916,Jason Preston,1,15,7,8,0,0,8,71,10.142857142857142,0,2,2,FALSE,FALSE,FALSE,TRUE,FALSE
2024,4398207,Jalen Slawson,1,31,11,20,0,0,19,37,3.3636363636363638,0,0,0,FALSE,FALSE,FALSE,TRUE,FALSE
2024,4398390,Jalen Pickett,1,55,26,29,0,0,28,122,4.6923076923076925,0,2,2,FALSE,FALSE,FALSE,TRUE,FALSE
2024,4401416,Juan Toscano-Anderson,1,20,9,11,0,0,6,52,5.777777777777778,0,1,1,FALSE,FALSE,FALSE,TRUE,FALSE
2024,4409222,Trevelin Queen,1,21,14,7,0,0,7,165,11.785714285714286,3,1,4,FALSE,FALSE,FALSE,TRUE,FALSE
2024,4423309,Luka Samanic,1,80,43,37,1,0,36,407,9.465116279069768,5,4,7,FALSE,FALSE,FALSE,TRUE,FALSE
2024,4423545,Darius Bazley,2,10,9,1,0,0,1,150,16.666666666666668,5,0,5,FALSE,FALSE,FALSE,TRUE,FALSE
2024,4423884,Henri Drell,1,20,4,16,0,0,14,29,7.25,1,0,1,FALSE,FALSE,FALSE,TRUE,FALSE
2024,4431671,Jaden McDaniels,1,72,72,0,0,0,0,2105,29.23611111111111,68,2,70,FALSE,FALSE,FALSE,TRUE,TRUE
2024,4431673,Matt Hurt,1,17,8,9,0,0,3,112,14,3,1,4,FALSE,FALSE,FALSE,TRUE,FALSE
2024,4431675,Trendon Watford,1,82,62,20,0,0,19,856,13.806451612903226,14,10,16,FALSE,FALSE,FALSE,TRUE,FALSE
2024,4431678,Tyrese Maxey,2,74,71,3,2,0,1,2641,37.19718309859155,70,1,71,FALSE,FALSE,FALSE,TRUE,TRUE
2024,4431679,Precious Achiuwa,2,75,74,1,0,0,1,1624,21.945945945945947,39,19,41,FALSE,FALSE,FALSE,TRUE,FALSE
2024,4431680,Onyeka Okongwu,1,64,55,9,3,0,0,1405,25.545454545454547,49,6,51,FALSE,FALSE,FALSE,TRUE,FALSE
2024,4431684,Trayce Jackson-Davis,1,79,66,13,0,0,11,1135,17.196969696969695,30,13,32,FALSE,FALSE,FALSE,TRUE,FALSE
2024,4431687,Patrick Williams,1,48,43,5,3,0,0,1174,27.302325581395348,37,3,39,FALSE,FALSE,FALSE,TRUE,FALSE
2024,4431688,Jahmi'us Ramsey,1,9,7,2,0,0,2,120,17.142857142857142,1,5,3,FALSE,FALSE,FALSE,TRUE,FALSE
2024,4431690,Zeke Nnaji,1,74,58,16,0,0,16,576,9.931034482758621,2,8,4,FALSE,FALSE,FALSE,TRUE,FALSE
2024,4431699,Kai Jones,1,3,0,3,0,0,0,0,0,0,0,0,FALSE,FALSE,FALSE,TRUE,FALSE
2024,4431712,James Bouknight,1,38,14,24,0,0,21,81,5.785714285714286,1,0,1,FALSE,FALSE,FALSE,TRUE,FALSE
2024,4431714,Jalen Wilson,1,54,42,12,0,0,11,665,15.833333333333334,14,6,16,FALSE,FALSE,FALSE,TRUE,FALSE
2024,4431720,Lester Quinones,1,57,36,21,0,0,20,395,10.972222222222221,6,6,8,FALSE,FALSE,FALSE,TRUE,FALSE
2024,4431727,Isaiah Wong,1,6,2,4,0,0,4,5,2.5,0,0,0,FALSE,FALSE,FALSE,TRUE,FALSE
2024,4431736,Toumani Camara,1,73,70,3,2,0,0,1741,24.87142857142857,55,13,57,FALSE,FALSE,FALSE,TRUE,FALSE
2024,4431752,Kobe Brown,1,64,43,21,0,0,20,391,9.093023255813954,4,5,6,FALSE,FALSE,FALSE,TRUE,FALSE
2024,4431767,Christian Braun,1,82,82,0,0,0,0,1656,20.195121951219512,42,31,44,FALSE,FALSE,FALSE,TRUE,FALSE
2024,4431775,Seth Lundy,1,24,9,15,0,0,15,52,5.777777777777778,0,1,1,FALSE,FALSE,FALSE,TRUE,FALSE
2024,4431785,Scotty Pippen Jr.,1,21,21,0,0,0,0,526,25.047619047619047,18,2,20,FALSE,FALSE,FALSE,TRUE,FALSE
2024,4431811,Dereon Seabron,1,9,6,3,0,0,3,55,9.166666666666666,0,1,1,FALSE,FALSE,FALSE,TRUE,FALSE
2024,4431823,Miles McBride,1,82,68,14,1,0,13,1328,19.529411764705884,27,8,29,FALSE,FALSE,FALSE,TRUE,FALSE
2024,4431828,KJ Martin,2,79,60,19,2,0,15,746,12.433333333333334,14,10,16,FALSE,FALSE,FALSE,TRUE,FALSE
2024,4432107,Marcus Sasser,1,78,71,7,0,0,5,1351,19.028169014084508,34,11,36,FALSE,FALSE,FALSE,TRUE,FALSE
2024,4432158,Evan Mobley,1,50,50,0,0,0,0,1531,30.62,50,0,50,FALSE,TRUE,FALSE,TRUE,TRUE
2024,4432161,Greg Brown III,1,10,6,4,0,0,3,41,6.833333333333333,0,0,0,FALSE,FALSE,FALSE,TRUE,FALSE
2024,4432162,Brandon Boston,1,60,32,28,0,0,28,343,10.71875,6,3,8,FALSE,FALSE,FALSE,TRUE,FALSE
2024,4432164,Jaden Springer,2,65,47,18,0,0,14,508,10.808510638297872,11,4,13,FALSE,FALSE,FALSE,TRUE,FALSE
2024,4432165,Jalen Suggs,1,76,75,1,0,0,0,2026,27.013333333333332,69,3,71,FALSE,FALSE,FALSE,TRUE,FALSE
2024,4432166,Cade Cunningham,1,74,62,12,8,0,0,2075,33.46774193548387,61,0,61,FALSE,FALSE,FALSE,TRUE,TRUE
2024,4432168,Josh Christopher,1,1,0,1,0,0,0,0,0,0,0,0,FALSE,FALSE,FALSE,TRUE,FALSE
2024,4432170,Isaiah Jackson,1,80,59,21,0,0,19,788,13.35593220338983,11,15,13,FALSE,FALSE,FALSE,TRUE,FALSE
2024,4432171,Moses Moody,1,73,66,7,0,0,7,1161,17.59090909090909,26,20,28,FALSE,FALSE,FALSE,TRUE,FALSE
2024,4432173,Sharife Cooper,1,5,0,5,0,0,5,0,0,0,0,0,FALSE,FALSE,FALSE,TRUE,FALSE
2024,4432174,Cam Thomas,1,75,66,9,3,0,0,2071,31.37878787878788,63,2,65,FALSE,FALSE,FALSE,TRUE,TRUE
2024,4432176,Daishen Nix,1,43,15,28,0,0,28,50,3.3333333333333335,0,0,0,FALSE,FALSE,FALSE,TRUE,FALSE
2024,4432179,MarJon Beauchamp,1,68,47,21,0,0,20,607,12.914893617021276,10,9,12,FALSE,FALSE,FALSE,TRUE,FALSE
2024,4432181,Julian Strawther,1,67,50,17,0,0,17,548,10.96,8,9,10,FALSE,FALSE,FALSE,TRUE,FALSE
2024,4432190,Andre Jackson Jr.,1,79,56,23,0,0,22,576,10.285714285714286,6,7,8,FALSE,FALSE,FALSE,TRUE,FALSE
2024,4432192,Keon Johnson,1,14,5,9,0,0,9,61,12.2,1,0,1,FALSE,FALSE,FALSE,TRUE,FALSE
2024,4432194,Day'Ron Sharpe,1,72,61,11,2,0,2,923,15.131147540983607,11,20,13,FALSE,FALSE,FALSE,TRUE,FALSE
2024,4432356,Johnny Davis,1,65,50,15,0,0,14,615,12.3,9,11,11,FALSE,FALSE,FALSE,TRUE,FALSE
2024,4432446,Jabari Walker,1,73,72,1,0,0,0,1698,23.583333333333332,46,17,48,FALSE,FALSE,FALSE,TRUE,FALSE
2024,4432573,Paolo Banchero,2,81,81,0,0,0,0,2817,34.77777777777778,80,1,81,FALSE,FALSE,FALSE,TRUE,TRUE
2024,4432582,Max Christie,1,81,67,14,0,0,12,962,14.35820895522388,23,8,25,FALSE,FALSE,FALSE,TRUE,FALSE
2024,4432585,AJ Griffin,1,46,20,26,0,0,26,170,8.5,1,2,3,FALSE,FALSE,FALSE,TRUE,FALSE
2024,4432588,John Butler Jr.,1,10,0,10,0,0,3,0,0,0,0,0,FALSE,FALSE,FALSE,TRUE,FALSE
2024,4432639,Jabari Smith Jr.,1,79,76,3,0,0,0,2422,31.86842105263158,74,1,75,FALSE,FALSE,FALSE,TRUE,TRUE
2024,4432735,Dariq Whitehead,1,2,2,0,0,0,0,24,12,1,0,1,FALSE,FALSE,FALSE,TRUE,FALSE
2024,4432808,James Wiseman,1,82,63,19,0,0,19,1089,17.285714285714285,18,22,20,FALSE,FALSE,FALSE,TRUE,FALSE
2024,4432809,Cole Anthony,1,81,81,0,0,0,0,1818,22.444444444444443,52,18,54,FALSE,FALSE,FALSE,TRUE,FALSE
2024,4432810,Isaiah Stewart,1,56,46,10,0,0,2,1424,30.956521739130434,44,2,46,FALSE,FALSE,FALSE,TRUE,TRUE
2024,4432811,Josh Green,1,58,57,1,0,0,0,1505,26.403508771929825,49,5,51,FALSE,FALSE,FALSE,TRUE,FALSE
2024,4432813,Jeremiah Robinson-Earl,1,68,36,32,1,0,28,332,9.222222222222221,7,0,7,FALSE,FALSE,FALSE,TRUE,FALSE
2024,4432815,Isaiah Mobley,1,25,10,15,0,0,15,72,7.2,1,1,2,FALSE,FALSE,FALSE,TRUE,FALSE
2024,4432816,LaMelo Ball,1,23,22,1,0,0,0,712,32.36363636363637,21,1,22,TRUE,FALSE,FALSE,TRUE,FALSE
2024,4432817,Johnny Juzang,1,26,20,6,0,0,6,372,18.6,13,1,14,FALSE,FALSE,FALSE,TRUE,FALSE
2024,4432819,Tre Mann,2,77,41,36,0,0,33,992,24.195121951219512,30,1,31,FALSE,FALSE,FALSE,TRUE,FALSE
2024,4432820,D.J. Carton,1,7,4,3,0,0,3,35,8.75,0,0,0,FALSE,FALSE,FALSE,TRUE,FALSE
2024,4432821,E.J. Liddell,1,27,8,19,0,0,19,23,2.875,0,0,0,FALSE,FALSE,FALSE,TRUE,FALSE
2024,4432822,Isaac Okoro,1,71,69,2,0,0,0,1891,27.405797101449274,60,8,62,FALSE,FALSE,FALSE,TRUE,FALSE
2024,4432823,Jaylin Williams,1,74,69,5,0,0,5,898,13.014492753623188,4,26,6,FALSE,FALSE,FALSE,TRUE,FALSE
2024,4432827,Oscar Tshiebwe,1,37,9,28,0,0,28,43,4.777777777777778,0,0,0,FALSE,FALSE,FALSE,TRUE,FALSE
2024,4432848,Jaime Jaquez Jr.,1,76,75,1,0,0,0,2111,28.14666666666667,63,7,65,FALSE,FALSE,FALSE,TRUE,TRUE
2024,4432907,Justin Champagnie,1,18,15,3,0,0,3,236,15.733333333333333,5,2,7,FALSE,FALSE,FALSE,TRUE,FALSE
2024,4433076,Ben Sheppard,1,78,57,21,0,0,20,816,14.31578947368421,20,12,22,FALSE,FALSE,FALSE,TRUE,FALSE
2024,4433134,Scottie Barnes,2,61,61,0,0,0,0,2114,34.65573770491803,59,2,61,FALSE,FALSE,FALSE,TRUE,TRUE
2024,4433136,Walker Kessler,1,65,64,1,0,0,0,1488,23.25,46,14,48,FALSE,FALSE,FALSE,TRUE,FALSE
2024,4433137,Ziaire Williams,1,75,49,26,19,0,0,1039,21.20408163265306,30,9,32,FALSE,FALSE,FALSE,TRUE,FALSE
2024,4433159,Dalen Terry,1,74,59,15,0,0,12,678,11.491525423728813,7,14,9,FALSE,FALSE,FALSE,TRUE,FALSE
2024,4433192,Tari Eason,1,23,22,1,0,0,0,480,21.818181818181817,14,7,16,FALSE,FALSE,FALSE,TRUE,FALSE
2024,4433218,Jaden Ivey,1,82,77,5,2,0,1,2221,28.844155844155843,71,4,73,FALSE,FALSE,FALSE,TRUE,TRUE
2024,4433246,Patrick Baldwin Jr.,1,61,38,23,0,0,23,491,12.921052631578947,7,5,9,FALSE,FALSE,FALSE,TRUE,FALSE
2024,4433247,Jonathan Kuminga,1,75,74,1,0,0,0,1951,26.364864864864863,63,10,65,FALSE,FALSE,FALSE,TRUE,FALSE
2024,4433249,Moussa Diabate,1,24,11,13,0,0,13,66,6,0,1,1,FALSE,FALSE,FALSE,TRUE,FALSE
2024,4433254,Kendall Brown,1,42,16,26,0,0,26,64,4,0,0,0,FALSE,FALSE,FALSE,TRUE,FALSE
2024,4433255,Chet Holmgren,1,82,82,0,0,0,0,2413,29.426829268292682,79,2,81,FALSE,FALSE,FALSE,TRUE,TRUE
2024,4433287,Brandon Miller,1,78,74,4,1,0,0,2383,32.2027027027027,69,1,70,FALSE,FALSE,FALSE,TRUE,TRUE
2024,4433378,Colby Jones,1,59,29,30,0,0,29,189,6.517241379310345,1,2,3,FALSE,FALSE,FALSE,TRUE,FALSE
2024,4433620,Emoni Bates,1,32,15,17,0,0,17,135,9,2,1,3,FALSE,FALSE,FALSE,TRUE,FALSE
2024,4433621,Jalen Duren,1,73,61,12,3,0,2,1775,29.098360655737704,58,2,60,FALSE,FALSE,FALSE,TRUE,TRUE
2024,4433622,Chris Livingston,1,49,18,31,0,0,28,90,5,0,1,1,FALSE,FALSE,FALSE,TRUE,FALSE
2024,4433623,Caleb Houstan,1,78,59,19,0,0,19,815,13.813559322033898,17,7,19,FALSE,FALSE,FALSE,TRUE,FALSE
2024,4433626,Jalen Hood-Schifino,1,46,22,24,2,0,19,110,5,0,1,1,FALSE,FALSE,FALSE,TRUE,FALSE
2024,4433627,Keyonte George,1,77,75,2,0,0,0,2025,27,65,4,67,FALSE,FALSE,FALSE,TRUE,FALSE
2024,4437244,Jalen Green,1,82,82,0,0,0,0,2600,31.70731707317073,81,1,82,FALSE,FALSE,FALSE,TRUE,TRUE
2024,4438552,Onuralp Bitim,1,36,23,13,0,0,13,268,11.652173913043478,5,3,7,FALSE,FALSE,FALSE,TRUE,FALSE
2024,4565201,Malaki Branham,1,81,75,6,0,0,4,1592,21.226666666666667,47,16,49,FALSE,FALSE,FALSE,TRUE,FALSE
2024,4565203,Charles Bediako,1,1,0,1,0,0,1,0,0,0,0,0,FALSE,FALSE,FALSE,TRUE,FALSE
2024,4566434,Franz Wagner,1,72,72,0,0,0,0,2339,32.486111111111114,71,0,71,FALSE,FALSE,FALSE,TRUE,TRUE
2024,4576085,JD Davison,1,14,7,7,0,0,6,39,5.571428571428571,0,1,1,FALSE,FALSE,FALSE,TRUE,FALSE
2024,4576086,Bryce McGowens,1,78,59,19,3,0,13,882,14.94915254237288,21,12,23,FALSE,FALSE,FALSE,TRUE,FALSE
2024,4576087,Peyton Watson,1,82,80,2,0,0,2,1489,18.6125,37,25,39,FALSE,FALSE,FALSE,TRUE,FALSE
2024,4578893,Vit Krejci,1,23,22,1,0,0,1,541,24.59090909090909,18,1,19,FALSE,FALSE,FALSE,TRUE,FALSE
2024,4585610,Kenneth Lofton Jr.,3,40,20,20,0,0,18,197,9.85,2,2,4,FALSE,FALSE,FALSE,TRUE,FALSE
2024,4590530,R.J. Hampton,2,21,8,13,0,0,13,76,9.5,1,1,2,FALSE,FALSE,FALSE,TRUE,FALSE
2024,4591725,Ryan Rollins,2,27,13,14,0,0,14,77,5.923076923076923,0,0,0,FALSE,FALSE,FALSE,TRUE,FALSE
2024,4592187,Wendell Moore Jr.,1,59,25,34,0,0,32,77,3.08,0,0,0,FALSE,FALSE,FALSE,TRUE,FALSE
2024,4592216,Alondes Williams,1,14,7,7,0,0,7,16,2.2857142857142856,0,0,0,FALSE,FALSE,FALSE,TRUE,FALSE
2024,4592402,Chris Duarte,1,79,58,21,0,0,19,721,12.431034482758621,10,11,12,FALSE,FALSE,FALSE,TRUE,FALSE
2024,4592461,Jacob Toppin,1,27,7,20,0,0,18,37,5.285714285714286,0,1,1,FALSE,FALSE,FALSE,TRUE,FALSE
2024,4592479,Julian Champagnie,1,81,74,7,0,0,7,1473,19.905405405405407,40,18,42,FALSE,FALSE,FALSE,TRUE,FALSE
2024,4592492,Bones Hyland,1,78,37,41,0,0,41,539,14.567567567567568,12,3,14,FALSE,FALSE,FALSE,TRUE,FALSE
2024,4592691,Jake LaRavia,1,52,35,17,1,0,5,809,23.114285714285714,22,6,24,FALSE,FALSE,FALSE,TRUE,FALSE
2024,4592714,Pat Spencer,1,8,6,2,0,0,2,27,4.5,0,1,1,FALSE,FALSE,FALSE,TRUE,FALSE
2024,4592829,Quenton Jackson,1,7,3,4,0,0,4,11,3.6666666666666665,0,0,0,FALSE,FALSE,FALSE,TRUE,FALSE
2024,4592933,Mouhamadou Gueye,1,12,11,1,1,0,0,118,10.727272727272727,1,1,2,FALSE,FALSE,FALSE,TRUE,FALSE
2024,4593041,David Roddy,2,81,64,17,0,0,16,1177,18.390625,36,5,38,FALSE,FALSE,FALSE,TRUE,FALSE
2024,4593049,Orlando Robinson,1,68,35,33,0,0,32,303,8.657142857142857,6,0,6,FALSE,FALSE,FALSE,TRUE,FALSE
2024,4593125,Santi Aldama,1,74,61,13,1,0,0,1621,26.57377049180328,53,4,55,FALSE,FALSE,FALSE,TRUE,FALSE
2024,4593803,Jalen Williams,1,71,71,0,0,0,0,2226,31.35211267605634,68,1,69,FALSE,FALSE,FALSE,TRUE,TRUE
2024,4594268,Anthony Edwards,2,80,80,0,0,0,0,2788,34.85,77,1,78,TRUE,FALSE,FALSE,TRUE,FALSE
2024,4594326,Kris Murray,1,81,62,19,0,0,19,1347,21.725806451612904,35,9,37,FALSE,FALSE,FALSE,TRUE,FALSE
2024,4594327,Keegan Murray,1,77,77,0,0,0,0,2591,33.64935064935065,75,2,77,FALSE,FALSE,FALSE,TRUE,TRUE
2024,4595400,Olivier-Maxence Prosper,1,64,38,26,0,0,24,334,8.789473684210526,6,1,7,FALSE,FALSE,FALSE,TRUE,FALSE
2024,4597865,Tosan Evbuomwan,2,23,17,6,0,0,6,367,21.58823529411765,10,3,12,FALSE,FALSE,FALSE,TRUE,FALSE
2024,4598307,Dmytro Skapintsev,1,8,2,6,0,0,3,2,1,0,0,0,FALSE,FALSE,FALSE,TRUE,FALSE
2024,4610139,Jeremy Sochan,1,74,74,0,0,0,0,2192,29.62162162162162,71,3,73,FALSE,FALSE,FALSE,TRUE,TRUE
2024,4683018,Aleksej Pokusevski,2,58,28,30,0,0,30,410,14.642857142857142,8,7,10,FALSE,FALSE,FALSE,TRUE,FALSE
2024,4683021,Deni Avdija,1,79,75,4,1,0,0,2259,30.12,73,2,75,FALSE,FALSE,FALSE,TRUE,TRUE
2024,4683024,Killian Hayes,1,50,42,8,4,0,3,1008,24,29,6,31,FALSE,FALSE,FALSE,TRUE,FALSE
2024,4683027,Theo Maledon,2,32,17,15,0,0,15,214,12.588235294117647,5,3,7,FALSE,FALSE,FALSE,TRUE,FALSE
2024,4683634,Bennedict Mathurin,1,61,60,1,1,0,0,1567,26.116666666666667,52,7,54,FALSE,FALSE,FALSE,TRUE,FALSE
2024,4683678,Scoot Henderson,1,66,62,4,1,0,0,1765,28.467741935483872,58,2,60,FALSE,FALSE,FALSE,TRUE,TRUE
2024,4683686,Nick Smith Jr.,1,73,51,22,0,0,21,725,14.215686274509803,12,16,14,FALSE,FALSE,FALSE,TRUE,FALSE
2024,4683688,Dereck Lively II,1,55,55,0,0,0,0,1294,23.527272727272727,38,12,40,FALSE,FALSE,FALSE,TRUE,FALSE
2024,4683689,Jordan Walsh,1,25,9,16,0,0,16,83,9.222222222222221,1,2,3,FALSE,FALSE,FALSE,TRUE,FALSE
2024,4683692,Cason Wallace,1,82,82,0,0,0,0,1695,20.670731707317074,48,26,50,FALSE,FALSE,FALSE,TRUE,FALSE
2024,4683736,Kobe Bufkin,1,27,17,10,0,0,6,198,11.647058823529411,2,3,4,FALSE,FALSE,FALSE,TRUE,FALSE
2024,4683749,TyTy Washington Jr.,1,29,10,19,0,0,18,54,5.4,0,0,0,FALSE,FALSE,FALSE,TRUE,FALSE
2024,4683750,Jordan Hawkins,1,81,66,15,0,0,14,1159,17.560606060606062,28,12,30,FALSE,FALSE,FALSE,TRUE,FALSE
2024,4683935,Blake Wesley,1,75,61,14,0,0,14,879,14.40983606557377,12,20,14,FALSE,FALSE,FALSE,TRUE,FALSE
2024,4683940,Terquavion Smith,1,29,15,14,0,0,12,84,5.6,0,0,0,FALSE,FALSE,FALSE,TRUE,FALSE
2024,4684286,Maxwell Lewis,1,63,35,28,0,0,27,102,2.914285714285714,0,0,0,FALSE,FALSE,FALSE,TRUE,FALSE
2024,4684737,Jaylen Martin,1,5,0,5,0,0,1,0,0,0,0,0,FALSE,FALSE,FALSE,TRUE,FALSE
2024,4684740,Amen Thompson,1,62,62,0,0,0,0,1388,22.387096774193548,38,9,40,FALSE,FALSE,FALSE,TRUE,FALSE
2024,4684742,Ausar Thompson,1,65,63,2,2,0,0,1585,25.158730158730158,45,10,47,FALSE,FALSE,FALSE,TRUE,FALSE
2024,4684806,Taylor Hendricks,1,52,40,12,0,0,12,856,21.4,24,8,26,FALSE,FALSE,FALSE,TRUE,FALSE
2024,4687718,Josh Minott,1,64,30,34,0,0,32,94,3.1333333333333333,0,0,0,FALSE,FALSE,FALSE,TRUE,FALSE
2024,4701230,Jalen Johnson,1,62,56,6,1,0,0,1889,33.732142857142854,54,1,55,FALSE,FALSE,FALSE,TRUE,TRUE
2024,4701232,Mark Williams,1,19,19,0,0,0,0,508,26.736842105263158,18,1,19,FALSE,FALSE,FALSE,TRUE,FALSE
2024,4701233,Craig Porter Jr.,1,71,51,20,0,0,20,652,12.784313725490197,15,6,17,FALSE,FALSE,FALSE,TRUE,FALSE
2024,4701234,Ricky Council IV,1,44,31,13,0,0,12,288,9.290322580645162,4,1,5,FALSE,FALSE,FALSE,TRUE,FALSE
2024,4702023,Adama Sanogo,1,22,9,13,0,0,13,66,7.333333333333333,1,0,1,FALSE,FALSE,FALSE,TRUE,FALSE
2024,4702176,Joshua Primo,1,9,2,7,0,0,7,10,5,0,0,0,FALSE,FALSE,FALSE,TRUE,FALSE
2024,4702177,Keon Ellis,1,79,57,22,0,0,22,975,17.105263157894736,21,11,23,FALSE,FALSE,FALSE,TRUE,FALSE
2024,4702233,JT Thor,1,82,62,20,0,0,18,780,12.580645161290322,13,11,15,FALSE,FALSE,FALSE,TRUE,FALSE
2024,4702702,D'Moi Hodge,1,14,7,7,0,0,7,40,5.714285714285714,0,0,0,FALSE,FALSE,FALSE,TRUE,FALSE
2024,4709138,Brandin Podziemski,1,79,73,6,0,0,5,1968,26.958904109589042,65,3,67,FALSE,FALSE,FALSE,TRUE,FALSE
2024,4712849,Anthony Black,1,82,67,15,0,0,13,1162,17.34328358208955,31,12,33,FALSE,FALSE,FALSE,TRUE,FALSE
2024,4712863,Mouhamed Gueye,1,12,6,6,0,0,6,73,12.166666666666666,2,1,3,FALSE,FALSE,FALSE,TRUE,FALSE
2024,4712896,Noah Clowney,1,32,23,9,0,0,9,370,16.08695652173913,9,3,11,FALSE,FALSE,FALSE,TRUE,FALSE
2024,4868423,Jaden Hardy,1,82,73,9,0,0,8,991,13.575342465753424,17,13,19,FALSE,FALSE,FALSE,TRUE,FALSE
2024,4869342,Dyson Daniels,1,61,61,0,0,0,0,1361,22.311475409836067,38,12,40,FALSE,FALSE,FALSE,TRUE,FALSE
2024,4870562,Dominick Barlow,1,48,32,16,0,0,15,419,13.09375,5,8,7,FALSE,FALSE,FALSE,TRUE,FALSE
2024,4871137,Malcolm Cazalon,1,11,1,10,0,0,10,3,3,0,0,0,FALSE,FALSE,FALSE,TRUE,FALSE
2024,4871140,Ibou Badji,1,41,22,19,1,0,18,226,10.272727272727273,2,3,4,FALSE,FALSE,FALSE,TRUE,FALSE
2024,4871143,Usman Garuba,1,12,6,6,0,0,5,18,3,0,0,0,FALSE,FALSE,FALSE,TRUE,FALSE
2024,4871144,Alperen Sengun,1,63,63,0,0,0,0,2050,32.53968253968254,63,0,63,FALSE,FALSE,FALSE,TRUE,TRUE
2024,4871145,Josh Giddey,1,80,80,0,0,0,0,2010,25.125,70,9,72,FALSE,FALSE,FALSE,TRUE,FALSE
2024,4896481,Alex Fudge,2,16,6,10,0,0,10,40,6.666666666666667,0,1,1,FALSE,FALSE,FALSE,TRUE,FALSE
2024,4914336,Shaedon Sharpe,1,51,32,19,0,0,0,1058,33.0625,30,1,31,FALSE,FALSE,FALSE,TRUE,FALSE
2024,4997526,Ousmane Dieng,1,37,33,4,0,0,4,366,11.090909090909092,3,4,5,FALSE,FALSE,FALSE,TRUE,FALSE
2024,4997528,Nikola Jovic,1,72,46,26,0,0,24,896,19.47826086956522,24,14,26,FALSE,FALSE,FALSE,TRUE,FALSE
2024,4997536,Gui Santos,1,42,23,19,0,0,19,194,8.434782608695652,2,3,4,FALSE,FALSE,FALSE,TRUE,FALSE
2024,4997537,Tristan Vukcevic,1,12,10,2,0,0,0,152,15.2,5,0,5,FALSE,FALSE,FALSE,TRUE,FALSE
2024,5044385,Leonard Miller,1,33,17,16,0,0,16,55,3.235294117647059,0,0,0,FALSE,FALSE,FALSE,TRUE,FALSE
2024,5081727,Sidy Cissoko,1,21,11,10,0,0,9,140,12.727272727272727,3,1,4,FALSE,FALSE,FALSE,TRUE,FALSE
2024,5090967,Jaylin Galloway,1,3,0,3,0,0,3,0,0,0,0,0,FALSE,FALSE,FALSE,TRUE,FALSE
2024,5099752,Rayan Rupert,1,63,39,24,0,0,24,635,16.28205128205128,15,3,17,FALSE,FALSE,FALSE,TRUE,FALSE
2024,5104155,Bilal Coulibaly,1,64,63,1,1,0,0,1717,27.253968253968253,56,5,58,FALSE,FALSE,FALSE,TRUE,FALSE
2024,5104157,Victor Wembanyama,1,72,71,1,0,0,0,2103,29.619718309859156,71,0,71,FALSE,FALSE,FALSE,TRUE,TRUE
2024,5105550,GG Jackson,1,55,48,7,0,0,6,1233,25.6875,38,2,40,FALSE,FALSE,FALSE,TRUE,FALSE
2024,5105553,Julian Phillips,1,60,39,21,0,0,19,321,8.23076923076923,3,3,5,FALSE,FALSE,FALSE,TRUE,FALSE
2024,5105592,Cam Whitmore,1,57,47,10,0,0,10,881,18.74468085106383,24,11,26,FALSE,FALSE,FALSE,TRUE,FALSE
2024,5105638,Amari Bailey,1,30,10,20,1,0,19,63,6.3,1,0,1,FALSE,FALSE,FALSE,TRUE,FALSE
2024,5105806,Jett Howard,1,33,18,15,0,0,15,64,3.5555555555555554,0,0,0,FALSE,FALSE,FALSE,TRUE,FALSE
2024,5105839,Brice Sensabaugh,1,46,32,14,0,0,14,584,18.25,17,4,19,FALSE,FALSE,FALSE,TRUE,FALSE
2024,5106060,Jarace Walker,1,73,33,40,0,0,39,342,10.363636363636363,6,2,8,FALSE,FALSE,FALSE,TRUE,FALSE
2024,5106258,Gradey Dick,1,72,60,12,1,0,10,1271,21.183333333333334,38,6,40,FALSE,FALSE,FALSE,TRUE,FALSE
2024,5184018,Maozinha Pereira,1,11,7,4,0,0,2,121,17.285714285714285,3,0,3,FALSE,FALSE,FALSE,TRUE,FALSE
2024,6426,Davis Bertans,2,79,41,38,2,0,32,675,16.463414634146343,18,5,20,FALSE,FALSE,FALSE,TRUE,FALSE
2024,6427,Bismack Biyombo,2,60,39,21,0,0,19,790,20.256410256410255,23,4,25,FALSE,FALSE,FALSE,TRUE,FALSE
2024,6429,Alec Burks,2,74,66,8,0,0,5,1211,18.348484848484848,31,11,33,FALSE,FALSE,FALSE,TRUE,FALSE
2024,6430,Jimmy Butler III,1,65,60,5,1,0,0,2042,34.03333333333333,60,0,60,TRUE,TRUE,FALSE,TRUE,FALSE
2024,6440,Tobias Harris,1,76,70,6,2,0,0,2371,33.871428571428574,70,0,70,FALSE,FALSE,FALSE,TRUE,TRUE
2024,6442,Kyrie Irving,1,59,58,1,0,0,0,2029,34.98275862068966,57,0,57,TRUE,FALSE,FALSE,TRUE,FALSE
2024,6443,Reggie Jackson,1,82,82,0,0,0,0,1819,22.182926829268293,53,23,55,FALSE,FALSE,FALSE,TRUE,FALSE
2024,6446,Cory Joseph,1,48,26,22,0,0,22,297,11.423076923076923,3,6,5,FALSE,FALSE,FALSE,TRUE,FALSE
2024,6450,Kawhi Leonard,2,69,69,0,0,0,0,2341,33.927536231884055,67,0,67,TRUE,FALSE,FALSE,TRUE,FALSE
2024,6461,Markieff Morris,1,80,26,54,0,0,54,218,8.384615384615385,3,0,3,FALSE,FALSE,FALSE,TRUE,FALSE
2024,6462,Marcus Morris Sr.,2,58,49,9,0,0,6,817,16.6734693877551,15,18,17,FALSE,FALSE,FALSE,TRUE,FALSE
2024,6472,Isaiah Thomas,1,14,6,8,0,0,8,20,3.3333333333333335,0,0,0,FALSE,FALSE,FALSE,TRUE,FALSE
2024,6474,Tristan Thompson,1,62,49,13,0,0,8,554,11.306122448979592,4,10,6,FALSE,FALSE,FALSE,TRUE,FALSE
2024,6475,Klay Thompson,1,79,77,2,1,0,0,2283,29.649350649350648,75,0,75,FALSE,FALSE,FALSE,TRUE,TRUE
2024,6477,Jonas Valanciunas,1,82,82,0,0,0,0,1928,23.51219512195122,64,13,66,FALSE,FALSE,FALSE,TRUE,FALSE
2024,6478,Nikola Vucevic,1,77,76,1,0,1,0,2612,34.36842105263158,76,0,76,TRUE,FALSE,FALSE,TRUE,FALSE
2024,6578,Harrison Barnes,1,82,82,0,0,0,0,2381,29.036585365853657,74,5,76,FALSE,FALSE,FALSE,TRUE,TRUE
2024,6580,Bradley Beal,1,53,53,0,0,0,0,1769,33.37735849056604,51,0,51,TRUE,FALSE,FALSE,TRUE,FALSE
2024,6581,Jae Crowder,1,51,50,1,0,0,1,1156,23.12,30,17,32,FALSE,FALSE,FALSE,TRUE,FALSE
2024,6583,Anthony Davis,2,81,78,3,0,0,0,2764,35.43589743589744,76,0,76,FALSE,FALSE,FALSE,TRUE,TRUE
2024,6585,Andre Drummond,1,79,79,0,0,0,0,1350,17.088607594936708,18,26,20,FALSE,FALSE,FALSE,TRUE,FALSE
2024,6588,Evan Fournier,2,75,32,43,0,0,42,584,18.25,14,10,16,FALSE,FALSE,FALSE,TRUE,FALSE
2024,6589,Draymond Green,1,75,55,20,0,0,1,1493,27.145454545454545,49,3,51,FALSE,TRUE,FALSE,TRUE,FALSE
2024,6606,Damian Lillard,2,75,74,1,1,0,0,2607,35.229729729729726,74,0,74,TRUE,TRUE,FALSE,TRUE,FALSE
2024,6609,Khris Middleton,1,55,55,0,0,0,0,1488,27.054545454545455,47,5,49,TRUE,FALSE,FALSE,TRUE,FALSE
2025,1966,LeBron James,2,72,70,2,0,0,2,2447,34.957142857142856,70,0,70,TRUE,TRUE,FALSE,TRUE,FALSE
2025,2326307,Seth Curry,1,78,67,11,0,0,9,1059,15.805970149253731,19,15,21,FALSE,FALSE,FALSE,TRUE,FALSE
2025,2451037,Daniel Theis,1,48,38,10,2,0,5,622,16.36842105263158,7,16,9,FALSE,FALSE,FALSE,TRUE,FALSE
2025,2488653,Mason Plumlee,1,80,74,6,0,0,6,1301,17.58108108108108,27,24,29,FALSE,FALSE,FALSE,TRUE,FALSE
2025,2489663,Kelly Olynyk,2,50,44,6,0,1,1,893,20.295454545454547,25,8,27,FALSE,FALSE,FALSE,TRUE,FALSE
2025,2490149,CJ McCollum,1,63,56,7,1,3,0,1835,32.767857142857146,56,0,56,FALSE,FALSE,FALSE,TRUE,TRUE
2025,2528210,Tim Hardaway Jr.,1,80,77,3,1,0,0,2153,27.961038961038962,70,5,72,FALSE,FALSE,FALSE,TRUE,FALSE
2025,2528426,Jordan Clarkson,1,40,37,3,0,0,0,965,26.08108108108108,35,0,35,FALSE,FALSE,FALSE,TRUE,FALSE
2025,2528588,Doug McDermott,1,80,42,38,0,0,38,343,8.166666666666666,1,8,3,FALSE,FALSE,FALSE,TRUE,FALSE
2025,2528693,Torrey Craig,2,58,26,32,0,0,32,312,12,4,4,6,FALSE,FALSE,FALSE,TRUE,FALSE
2025,2530530,T.J. McConnell,1,79,78,1,0,0,0,1417,18.166666666666668,27,39,29,FALSE,FALSE,FALSE,TRUE,FALSE
2025,2531367,Dwight Powell,1,66,55,11,0,0,11,552,10.036363636363637,6,11,8,FALSE,FALSE,FALSE,TRUE,FALSE
2025,2566769,Malcolm Brogdon,1,31,24,7,0,0,0,565,23.541666666666668,19,5,21,FALSE,FALSE,FALSE,TRUE,FALSE
2025,2578185,Dorian Finney-Smith,2,69,63,6,1,0,0,1819,28.873015873015873,62,1,63,FALSE,FALSE,FALSE,TRUE,TRUE
2025,2578239,Pat Connaughton,1,71,42,29,0,0,29,619,14.738095238095237,9,13,11,FALSE,FALSE,FALSE,TRUE,FALSE
2025,2580365,Larry Nance Jr.,1,45,24,21,0,0,17,463,19.291666666666668,14,4,16,FALSE,FALSE,FALSE,TRUE,FALSE
2025,2580782,Spencer Dinwiddie,1,81,79,2,0,0,2,2133,27,66,7,68,FALSE,FALSE,FALSE,TRUE,FALSE
2025,2581018,Kentavious Caldwell-Pope,1,80,77,3,0,1,0,2278,29.584415584415584,73,1,74,FALSE,FALSE,FALSE,TRUE,TRUE
2025,2581184,Anthony Gill,1,79,47,32,0,0,23,397,8.446808510638299,7,3,9,FALSE,FALSE,FALSE,TRUE,FALSE
2025,2581190,Josh Richardson,1,38,8,30,3,0,11,149,18.625,5,1,6,FALSE,FALSE,FALSE,TRUE,FALSE
2025,2583632,Royce O'Neale,1,75,75,0,0,0,0,1842,24.56,61,9,63,FALSE,FALSE,FALSE,TRUE,FALSE
2025,2583639,Elfrid Payton,2,29,24,5,0,0,5,510,21.25,15,6,17,FALSE,FALSE,FALSE,TRUE,FALSE
2025,2595209,Damion Lee,1,82,25,57,0,0,57,147,5.88,0,2,2,FALSE,FALSE,FALSE,TRUE,FALSE
2025,2595516,Norman Powell,1,61,60,1,0,0,0,1959,32.65,58,1,59,FALSE,FALSE,FALSE,TRUE,TRUE
2025,2596107,Alex Len,2,81,44,37,0,0,35,377,8.568181818181818,2,4,4,FALSE,FALSE,FALSE,TRUE,FALSE
2025,2596112,Javonte Green,2,81,68,13,0,0,11,1257,18.485294117647058,33,13,35,FALSE,FALSE,FALSE,TRUE,FALSE
2025,2779,Chris Paul,1,82,82,0,0,0,0,2292,27.951219512195124,78,2,80,TRUE,FALSE,FALSE,TRUE,FALSE
2025,2960236,Maxi Kleber,1,36,34,2,0,0,2,637,18.735294117647058,13,11,15,FALSE,FALSE,FALSE,TRUE,FALSE
2025,2968436,Joe Ingles,1,68,14,54,0,0,48,115,8.214285714285714,1,1,2,FALSE,FALSE,FALSE,TRUE,FALSE
2025,2990962,Taurean Prince,1,81,81,0,0,0,0,2190,27.037037037037038,76,4,78,FALSE,FALSE,FALSE,TRUE,FALSE
2025,2990969,Georges Niang,2,79,79,0,0,0,0,1696,21.468354430379748,51,22,53,FALSE,FALSE,FALSE,TRUE,FALSE
2025,2990984,Buddy Hield,1,82,82,0,0,0,0,1867,22.76829268292683,56,23,58,FALSE,FALSE,FALSE,TRUE,FALSE
2025,2990992,Marcus Smart,2,41,34,7,2,0,5,680,20,22,7,24,FALSE,FALSE,FALSE,TRUE,FALSE
2025,2991043,Caris LeVert,2,66,64,2,0,0,0,1592,24.875,59,5,61,FALSE,FALSE,FALSE,TRUE,FALSE
2025,2991070,Jerami Grant,1,78,47,31,1,0,2,1525,32.4468085106383,46,1,47,FALSE,FALSE,FALSE,TRUE,TRUE
2025,2991139,Kris Dunn,1,75,74,1,0,0,0,1785,24.12162162162162,58,13,60,FALSE,FALSE,FALSE,TRUE,FALSE
2025,2991230,Fred VanVleet,1,76,60,16,12,0,1,2113,35.21666666666667,59,1,60,TRUE,FALSE,FALSE,TRUE,FALSE
2025,2991235,Steven Adams,1,71,56,15,2,0,8,794,14.178571428571429,11,15,13,FALSE,FALSE,FALSE,TRUE,FALSE
2025,2991350,Alex Caruso,1,63,54,9,1,0,1,1064,19.703703703703702,31,18,33,FALSE,TRUE,FALSE,TRUE,FALSE
2025,2993370,Richaun Holmes,1,79,31,48,1,0,41,534,17.225806451612904,11,11,13,FALSE,FALSE,FALSE,TRUE,FALSE
2025,2993874,Kyle Anderson,2,77,60,17,0,0,14,1005,16.75,23,15,25,FALSE,FALSE,FALSE,TRUE,FALSE
2025,2999547,Gary Harris,1,56,48,8,0,0,7,709,14.770833333333334,7,17,9,FALSE,FALSE,FALSE,TRUE,FALSE
2025,3012,Kyle Lowry,1,38,35,3,0,0,0,661,18.885714285714286,16,11,18,FALSE,FALSE,FALSE,TRUE,FALSE
2025,3032976,Rudy Gobert,1,72,72,0,0,0,0,2392,33.22222222222222,72,0,72,TRUE,TRUE,FALSE,TRUE,FALSE
2025,3032977,Giannis Antetokounmpo,2,72,68,4,0,0,2,2328,34.23529411764706,67,1,68,TRUE,TRUE,FALSE,TRUE,FALSE
2025,3032978,Dario Saric,1,77,16,61,0,0,61,211,13.1875,3,3,5,FALSE,FALSE,FALSE,TRUE,FALSE
2025,3032979,Dennis Schroder,3,79,75,4,0,0,1,2108,28.106666666666666,64,11,66,FALSE,FALSE,FALSE,TRUE,TRUE
2025,3033,P.J. Tucker,1,18,3,15,0,0,15,58,19.333333333333332,2,0,2,FALSE,FALSE,FALSE,TRUE,FALSE
2025,3037789,Bogdan Bogdanovic,2,61,54,7,4,0,1,1346,24.925925925925927,46,8,48,FALSE,FALSE,FALSE,TRUE,FALSE
2025,3058254,Christian Wood,1,3,0,3,0,0,0,0,0,0,0,0,FALSE,FALSE,FALSE,TRUE,FALSE
2025,3059310,Monte Morris,1,72,45,27,0,0,27,573,12.733333333333333,6,15,8,FALSE,FALSE,FALSE,TRUE,FALSE
2025,3059318,Joel Embiid,1,25,19,6,2,0,0,574,30.210526315789473,17,1,18,TRUE,FALSE,FALSE,TRUE,FALSE
2025,3059319,Andrew Wiggins,2,75,60,15,3,0,1,1841,30.683333333333334,58,2,60,TRUE,FALSE,FALSE,TRUE,FALSE
2025,3062679,Josh Hart,1,77,77,0,0,0,0,2896,37.61038961038961,77,0,77,FALSE,FALSE,FALSE,TRUE,TRUE
2025,3064230,Cameron Payne,1,76,72,4,0,0,0,1089,15.125,12,21,14,FALSE,FALSE,FALSE,TRUE,FALSE
2025,3064290,Aaron Gordon,1,51,51,0,0,0,0,1447,28.372549019607842,44,5,46,FALSE,FALSE,FALSE,TRUE,TRUE
2025,3064440,Zach LaVine,2,74,74,0,0,0,0,2610,35.270270270270274,74,0,74,TRUE,FALSE,FALSE,TRUE,FALSE
2025,3064447,Delon Wright,2,81,40,41,1,0,40,635,15.875,13,6,15,FALSE,FALSE,FALSE,TRUE,FALSE
2025,3064482,Bobby Portis,1,57,50,7,0,1,0,1262,25.24,41,9,43,FALSE,FALSE,FALSE,TRUE,FALSE
2025,3064514,Julius Randle,1,69,69,0,0,0,0,2227,32.27536231884058,68,0,68,TRUE,FALSE,FALSE,TRUE,FALSE
2025,3064560,Luke Kornet,1,79,72,7,1,0,3,1364,18.944444444444443,28,24,30,FALSE,FALSE,FALSE,TRUE,FALSE
2025,3074752,Terry Rozier,1,82,64,18,2,0,11,1655,25.859375,51,5,53,FALSE,FALSE,FALSE,TRUE,FALSE
2025,3078576,Derrick White,1,78,76,2,1,0,0,2571,33.828947368421055,75,1,76,FALSE,TRUE,FALSE,TRUE,TRUE
2025,3102528,Dante Exum,1,23,20,3,1,0,1,372,18.6,13,1,14,FALSE,FALSE,FALSE,TRUE,FALSE
2025,3102529,Clint Capela,1,57,55,2,0,0,0,1182,21.490909090909092,38,14,40,FALSE,FALSE,FALSE,TRUE,FALSE
2025,3102530,Jusuf Nurkic,2,67,51,16,0,0,13,1062,20.823529411764707,25,17,27,FALSE,FALSE,FALSE,TRUE,FALSE
2025,3102531,Kristaps Porzingis,1,53,42,11,5,0,1,1208,28.761904761904763,39,1,40,FALSE,FALSE,FALSE,TRUE,TRUE
2025,3102532,Vasilije Micic,2,72,41,31,0,0,31,786,19.170731707317074,16,9,18,FALSE,FALSE,FALSE,TRUE,FALSE
2025,3112335,Nikola Jokic,2,72,72,0,0,0,0,2591,35.986111111111114,70,0,70,TRUE,TRUE,FALSE,TRUE,FALSE
2025,3133602,Svi Mykhailiuk,1,78,37,41,0,0,40,759,20.513513513513512,20,13,22,FALSE,FALSE,FALSE,TRUE,FALSE
2025,3133603,Kelly Oubre Jr.,1,77,60,17,1,0,0,2084,34.733333333333334,60,0,60,FALSE,FALSE,FALSE,TRUE,TRUE
2025,3133626,Kenrich Williams,1,73,70,3,0,0,3,1146,16.37142857142857,19,20,21,FALSE,FALSE,FALSE,TRUE,FALSE
2025,3133628,Myles Turner,1,77,72,5,3,0,0,2174,30.194444444444443,70,0,70,FALSE,FALSE,FALSE,TRUE,TRUE
2025,3133635,Jevon Carter,1,79,36,43,0,0,43,321,8.916666666666666,4,2,6,FALSE,FALSE,FALSE,TRUE,FALSE
2025,3134903,Gary Payton II,1,67,62,5,1,0,0,923,14.887096774193548,14,15,16,FALSE,FALSE,FALSE,TRUE,FALSE
2025,3134907,Kyle Kuzma,2,65,65,0,0,0,0,1936,29.784615384615385,62,1,63,FALSE,FALSE,FALSE,TRUE,TRUE
2025,3134908,Jakob Poeltl,1,66,57,9,0,6,0,1687,29.596491228070175,54,3,56,FALSE,FALSE,FALSE,TRUE,TRUE
2025,3134916,Jordan McLaughlin,2,82,45,37,1,0,35,315,7,4,3,6,FALSE,FALSE,FALSE,TRUE,FALSE
2025,3134932,John Konchar,1,77,45,32,0,0,26,558,12.4,11,8,13,FALSE,FALSE,FALSE,TRUE,FALSE
2025,3135045,Grayson Allen,1,64,64,0,0,0,0,1545,24.140625,50,8,52,FALSE,FALSE,FALSE,TRUE,FALSE
2025,3135046,Tyus Jones,1,81,81,0,0,0,0,2173,26.82716049382716,69,10,71,FALSE,FALSE,FALSE,TRUE,FALSE
2025,3135048,Jahlil Okafor,1,4,1,3,0,0,2,3,3,0,0,0,FALSE,FALSE,FALSE,TRUE,FALSE
2025,3136193,Devin Booker,1,75,75,0,0,0,0,2795,37.266666666666666,75,0,75,TRUE,TRUE,FALSE,TRUE,FALSE
2025,3136195,Karl-Anthony Towns,2,80,74,6,2,0,0,2537,34.28378378378378,72,0,72,TRUE,FALSE,FALSE,TRUE,FALSE
2025,3136196,Trey Lyles,1,71,69,2,0,0,2,1349,19.55072463768116,30,20,32,FALSE,FALSE,FALSE,TRUE,FALSE
2025,3136776,D'Angelo Russell,2,68,58,10,2,0,0,1480,25.517241379310345,50,6,52,FALSE,FALSE,FALSE,TRUE,FALSE
2025,3136777,Jae'Sean Tate,1,81,52,29,1,0,26,590,11.346153846153847,6,16,8,FALSE,FALSE,FALSE,TRUE,FALSE
2025,3137259,Gabe Vincent,1,78,72,6,1,0,2,1528,21.22222222222222,43,20,45,FALSE,FALSE,FALSE,TRUE,FALSE
2025,3138160,Caleb Martin,2,58,45,13,1,0,1,1218,27.066666666666666,37,3,39,FALSE,FALSE,FALSE,TRUE,FALSE
2025,3138161,Cody Martin,2,55,53,2,0,0,2,1173,22.132075471698112,36,9,38,FALSE,FALSE,FALSE,TRUE,FALSE
2025,3138196,Cameron Johnson,1,65,57,8,0,0,0,1800,31.57894736842105,56,0,56,FALSE,FALSE,FALSE,TRUE,TRUE
2025,3146557,Jock Landale,1,79,42,37,0,0,35,499,11.880952380952381,6,8,8,FALSE,FALSE,FALSE,TRUE,FALSE
2025,3147657,Mikal Bridges,1,82,81,1,0,0,0,3040,37.53086419753087,81,0,81,FALSE,FALSE,FALSE,TRUE,TRUE
2025,3149673,Pascal Siakam,2,81,80,1,0,0,0,2563,32.0375,78,0,78,TRUE,FALSE,FALSE,TRUE,FALSE
2025,3150844,Moritz Wagner,1,30,30,0,0,0,0,564,18.8,11,16,13,FALSE,FALSE,FALSE,TRUE,FALSE
2025,3155526,Dillon Brooks,1,79,75,4,1,0,0,2388,31.84,73,1,74,FALSE,FALSE,FALSE,TRUE,TRUE
2025,3155535,Kevon Looney,1,81,76,5,0,0,5,1146,15.078947368421053,18,17,20,FALSE,FALSE,FALSE,TRUE,FALSE
2025,3155942,Domantas Sabonis,1,70,70,0,0,0,0,2428,34.68571428571428,68,0,68,TRUE,TRUE,FALSE,TRUE,FALSE
2025,3157465,Duncan Robinson,1,80,74,6,2,0,0,1787,24.14864864864865,55,14,57,FALSE,FALSE,FALSE,TRUE,FALSE
2025,3195,Mike Conley,1,72,71,1,0,0,0,1756,24.732394366197184,62,6,64,FALSE,FALSE,FALSE,TRUE,FALSE
2025,3202,Kevin Durant,2,64,64,0,0,0,0,2285,35.703125,61,1,62,TRUE,TRUE,FALSE,TRUE,FALSE
2025,3209,Jeff Green,1,82,32,50,0,0,50,397,12.40625,8,4,10,FALSE,FALSE,FALSE,TRUE,FALSE
2025,3213,Al Horford,1,71,60,11,1,2,2,1660,27.666666666666668,56,3,58,FALSE,FALSE,FALSE,TRUE,FALSE
2025,3416,Nicolas Batum,1,78,78,0,0,0,0,1364,17.487179487179485,30,23,32,FALSE,FALSE,FALSE,TRUE,FALSE
2025,3431,Eric Gordon,1,49,39,10,0,0,7,768,19.692307692307693,19,9,21,FALSE,FALSE,FALSE,TRUE,FALSE
2025,3442,DeAndre Jordan,1,82,56,26,0,0,26,689,12.303571428571429,6,5,8,FALSE,FALSE,FALSE,TRUE,FALSE
2025,3448,Brook Lopez,1,81,81,0,0,0,0,2583,31.88888888888889,81,0,81,FALSE,FALSE,FALSE,TRUE,TRUE
2025,3449,Kevin Love,1,70,23,47,0,0,33,251,10.91304347826087,0,5,2,FALSE,FALSE,FALSE,TRUE,FALSE
2025,3468,Russell Westbrook,1,75,75,0,0,0,0,2094,27.92,70,5,72,FALSE,FALSE,FALSE,TRUE,FALSE
2025,3899664,Simone Fontecchio,1,76,75,1,0,0,0,1239,16.52,19,32,21,FALSE,FALSE,FALSE,TRUE,FALSE
2025,3906665,Brandon Clarke,1,66,64,2,0,0,0,1209,18.890625,26,25,28,FALSE,FALSE,FALSE,TRUE,FALSE
2025,3907387,Ben Simmons,2,55,51,4,1,0,0,1119,21.941176470588236,34,10,36,FALSE,FALSE,FALSE,TRUE,FALSE
2025,3907497,Dejounte Murray,1,31,31,0,0,0,0,1012,32.645161290322584,30,0,30,TRUE,FALSE,FALSE,TRUE,FALSE
2025,3907498,Matisse Thybulle,1,69,15,54,7,0,2,311,20.733333333333334,8,4,10,FALSE,FALSE,FALSE,TRUE,FALSE
2025,3907822,Malik Beasley,1,82,82,0,0,0,0,2285,27.865853658536587,75,7,77,FALSE,FALSE,FALSE,TRUE,FALSE
2025,3907823,Terance Mann,2,69,67,2,0,0,2,1415,21.119402985074625,40,15,42,FALSE,FALSE,FALSE,TRUE,FALSE
2025,3908336,Matt Ryan,1,54,19,35,0,0,33,68,3.5789473684210527,0,0,0,FALSE,FALSE,FALSE,TRUE,FALSE
2025,3908809,Donovan Mitchell,2,73,73,0,0,0,0,2248,30.794520547945204,71,0,71,TRUE,FALSE,FALSE,TRUE,FALSE
2025,3908845,John Collins,1,41,40,1,0,0,0,1220,30.5,38,2,40,FALSE,FALSE,FALSE,TRUE,TRUE
2025,3911893,Jack McVeigh,1,21,9,12,0,0,12,44,4.888888888888889,0,0,0,FALSE,FALSE,FALSE,TRUE,FALSE
2025,3912848,Dean Wade,1,60,59,1,0,1,0,1255,21.271186440677965,38,18,40,FALSE,FALSE,FALSE,TRUE,FALSE
2025,3913174,Luke Kennard,1,68,65,3,0,0,2,1473,22.661538461538463,48,13,50,FALSE,FALSE,FALSE,TRUE,FALSE
2025,3913176,Brandon Ingram,2,25,18,7,0,0,1,594,33,17,1,18,FALSE,FALSE,FALSE,TRUE,FALSE
2025,3913180,Garrison Mathews,1,82,47,35,0,0,35,832,17.70212765957447,21,7,23,FALSE,FALSE,FALSE,TRUE,FALSE
2025,3913220,DaQuan Jeffries,1,58,47,11,0,0,9,1070,22.76595744680851,31,8,33,FALSE,FALSE,FALSE,TRUE,FALSE
2025,3914044,Landry Shamet,1,54,50,4,0,0,4,761,15.22,13,14,15,FALSE,FALSE,FALSE,TRUE,FALSE
2025,3914285,Drew Eubanks,2,76,60,16,1,0,14,746,12.433333333333334,8,15,10,FALSE,FALSE,FALSE,TRUE,FALSE
2025,3915195,Shake Milton,2,82,57,25,0,0,25,835,14.649122807017545,17,12,19,FALSE,FALSE,FALSE,TRUE,FALSE
2025,3917376,Jaylen Brown,2,73,65,8,5,0,0,2173,33.43076923076923,63,0,63,TRUE,FALSE,FALSE,TRUE,FALSE
2025,3919454,Terence Davis,1,3,1,2,0,0,2,8,8,0,0,0,FALSE,FALSE,FALSE,TRUE,FALSE
2025,3922230,Aaron Holiday,1,82,62,20,0,0,20,793,12.790322580645162,8,16,10,FALSE,FALSE,FALSE,TRUE,FALSE
2025,3923250,PJ Dozier,1,30,9,21,0,0,21,36,4,0,0,0,FALSE,FALSE,FALSE,TRUE,FALSE
2025,3934672,Jalen Brunson,2,68,66,2,0,0,0,2309,34.984848484848484,65,0,65,TRUE,TRUE,FALSE,TRUE,FALSE
2025,3934673,Donte DiVincenzo,1,63,62,1,0,0,0,1605,25.887096774193548,56,5,58,FALSE,FALSE,FALSE,TRUE,FALSE
2025,3934719,OG Anunoby,1,77,74,3,0,0,0,2706,36.567567567567565,73,1,74,FALSE,FALSE,FALSE,TRUE,TRUE
2025,3934723,Thomas Bryant,2,79,66,13,0,0,13,964,14.606060606060606,11,17,13,FALSE,FALSE,FALSE,TRUE,FALSE
2025,3936099,Derrick Jones Jr.,1,77,77,0,0,0,0,1874,24.337662337662337,61,15,63,FALSE,FALSE,FALSE,TRUE,FALSE
2025,3936296,Skal Labissiere,1,10,3,7,0,0,2,12,4,0,0,0,FALSE,FALSE,FALSE,TRUE,FALSE
2025,3936299,Jamal Murray,1,67,67,0,0,0,0,2421,36.134328358208954,66,1,67,FALSE,FALSE,FALSE,TRUE,TRUE
2025,3945274,Luka Doncic,2,50,50,0,0,0,0,1766,35.32,49,1,50,TRUE,TRUE,FALSE,TRUE,FALSE
2025,3948153,Chris Boucher,1,78,50,28,1,0,26,864,17.28,16,19,18,FALSE,FALSE,FALSE,TRUE,FALSE
2025,3950760,Kylor Kelley,2,19,11,8,0,0,8,126,11.454545454545455,3,1,4,FALSE,FALSE,FALSE,TRUE,FALSE
2025,3975,Stephen Curry,2,74,72,2,0,1,0,2273,31.569444444444443,70,0,70,TRUE,TRUE,FALSE,TRUE,FALSE
2025,3978,DeMar DeRozan,1,77,77,0,0,0,0,2768,35.94805194805195,76,1,77,TRUE,FALSE,FALSE,TRUE,FALSE
2025,3986,Taj Gibson,1,80,37,43,1,0,42,408,11.027027027027026,2,10,4,FALSE,FALSE,FALSE,TRUE,FALSE
2025,3992,James Harden,2,81,81,0,0,0,0,2807,34.65432098765432,79,0,79,FALSE,FALSE,FALSE,TRUE,TRUE
2025,3995,Jrue Holiday,1,72,62,10,1,1,0,1901,30.661290322580644,62,0,62,TRUE,TRUE,FALSE,TRUE,FALSE
2025,3999,James Johnson,1,82,12,70,1,0,69,37,3.0833333333333335,0,0,0,FALSE,FALSE,FALSE,TRUE,FALSE
2025,4004,Patty Mills,2,75,29,46,0,0,46,321,11.068965517241379,0,10,2,FALSE,FALSE,FALSE,TRUE,FALSE
2025,4017837,Ivica Zubac,1,80,80,0,0,0,0,2626,32.825,80,0,80,FALSE,FALSE,FALSE,TRUE,TRUE
2025,4017844,Guerschon Yabusele,1,78,70,8,2,0,0,1893,27.042857142857144,56,7,58,FALSE,FALSE,FALSE,TRUE,FALSE
2025,4023,Garrett Temple,1,78,27,51,0,0,47,226,8.37037037037037,5,0,5,FALSE,FALSE,FALSE,TRUE,FALSE
2025,4065648,Jayson Tatum,2,80,74,6,2,1,1,2644,35.729729729729726,72,0,72,TRUE,TRUE,FALSE,TRUE,FALSE
2025,4065654,Jonathan Isaac,1,79,71,8,2,0,3,1090,15.352112676056338,13,27,15,FALSE,FALSE,FALSE,TRUE,FALSE
2025,4065663,Josh Okogie,2,51,40,11,0,0,11,627,15.675,12,9,14,FALSE,FALSE,FALSE,TRUE,FALSE
2025,4065670,Bruce Brown,2,47,41,6,0,0,1,920,22.4390243902439,26,12,28,FALSE,FALSE,FALSE,TRUE,FALSE
2025,4065673,Tony Bradley,1,23,13,10,0,0,9,113,8.692307692307692,3,0,3,FALSE,FALSE,FALSE,TRUE,FALSE
2025,4065697,Dennis Smith Jr.,1,1,0,1,0,0,0,0,0,0,0,0,FALSE,FALSE,FALSE,TRUE,FALSE
2025,4065731,Jay Huff,1,78,64,14,0,0,14,750,11.71875,9,13,11,FALSE,FALSE,FALSE,TRUE,FALSE
2025,4065732,De'Andre Hunter,2,66,64,2,0,0,0,1742,27.21875,62,2,64,FALSE,FALSE,FALSE,TRUE,FALSE
2025,4065733,Ty Jerome,1,70,70,0,0,0,0,1391,19.87142857142857,37,22,39,FALSE,FALSE,FALSE,TRUE,FALSE
2025,4065778,Max Strus,1,50,50,0,0,0,0,1273,25.46,46,4,48,FALSE,FALSE,FALSE,TRUE,FALSE
2025,4065804,Sam Hauser,1,76,71,5,0,0,0,1541,21.704225352112676,46,10,48,FALSE,FALSE,FALSE,TRUE,FALSE
2025,4066211,Robert Williams III,1,54,20,34,1,1,10,351,17.55,8,5,10,FALSE,FALSE,FALSE,TRUE,FALSE
2025,4066218,Grant Williams,1,41,16,25,0,0,0,479,29.9375,15,1,16,FALSE,FALSE,FALSE,TRUE,FALSE
2025,4066240,Braxton Key,1,7,3,4,0,0,4,11,3.6666666666666665,0,0,0,FALSE,FALSE,FALSE,TRUE,FALSE
2025,4066259,De'Aaron Fox,2,62,62,0,0,0,0,2242,36.16129032258065,62,0,62,TRUE,FALSE,FALSE,TRUE,FALSE
2025,4066261,Bam Adebayo,1,82,78,4,1,1,0,2679,34.34615384615385,78,0,78,TRUE,TRUE,FALSE,TRUE,FALSE
2025,4066262,Malik Monk,1,65,65,0,0,0,0,2054,31.6,61,2,63,FALSE,FALSE,FALSE,TRUE,TRUE
2025,4066268,Duop Reath,1,81,46,35,0,0,32,472,10.26086956521739,8,7,10,FALSE,FALSE,FALSE,TRUE,FALSE
2025,4066317,Lindy Waters III,2,80,52,28,0,0,27,779,14.98076923076923,17,8,19,FALSE,FALSE,FALSE,TRUE,FALSE
2025,4066320,Desmond Bane,1,69,69,0,0,0,0,2203,31.92753623188406,68,1,69,FALSE,FALSE,FALSE,TRUE,TRUE
2025,4066328,Jarrett Allen,1,82,82,0,0,0,0,2295,27.98780487804878,77,4,79,TRUE,TRUE,FALSE,TRUE,FALSE
2025,4066336,Lauri Markkanen,1,49,47,2,1,0,0,1475,31.382978723404257,45,2,47,TRUE,FALSE,FALSE,TRUE,FALSE
2025,4066354,Payton Pritchard,1,81,80,1,1,0,0,2275,28.4375,76,3,78,FALSE,FALSE,FALSE,TRUE,TRUE
2025,4066372,Kevin Huerter,2,71,69,2,0,0,1,1679,24.333333333333332,49,8,51,FALSE,FALSE,FALSE,TRUE,FALSE
2025,4066383,Miles Bridges,1,64,64,0,0,0,0,2029,31.703125,63,1,64,FALSE,FALSE,FALSE,TRUE,TRUE
2025,4066387,Amir Coffey,1,74,72,2,0,0,1,1748,24.27777777777778,61,6,63,FALSE,FALSE,FALSE,TRUE,FALSE
2025,4066399,Micah Potter,1,48,38,10,0,0,10,704,18.526315789473685,18,7,20,FALSE,FALSE,FALSE,TRUE,FALSE
2025,4066405,Lamar Stevens,1,25,16,9,0,0,7,154,9.625,2,3,4,FALSE,FALSE,FALSE,TRUE,FALSE
2025,4066410,Eugene Omoruyi,1,6,0,6,0,0,1,0,0,0,0,0,FALSE,FALSE,FALSE,TRUE,FALSE
2025,4066421,Lonzo Ball,1,39,35,4,1,0,0,775,22.142857142857142,23,9,25,FALSE,FALSE,FALSE,TRUE,FALSE
2025,4066436,De'Anthony Melton,1,7,6,1,0,0,0,121,20.166666666666668,2,3,4,FALSE,FALSE,FALSE,TRUE,FALSE
2025,4066457,Austin Reaves,1,73,73,0,0,0,0,2551,34.945205479452056,72,0,72,FALSE,FALSE,FALSE,TRUE,TRUE
2025,4066636,Markelle Fultz,1,28,21,7,0,0,7,183,8.714285714285714,0,3,2,FALSE,FALSE,FALSE,TRUE,FALSE
2025,4066648,Rui Hachimura,1,62,59,3,1,0,0,1866,31.627118644067796,57,2,59,FALSE,FALSE,FALSE,TRUE,TRUE
2025,4066650,Zach Collins,2,74,64,10,0,0,10,981,15.328125,14,20,16,FALSE,FALSE,FALSE,TRUE,FALSE
2025,4066668,Malachi Flynn,1,7,4,3,0,0,2,44,11,0,2,2,FALSE,FALSE,FALSE,TRUE,FALSE
2025,4066731,Jalen McDaniels,1,4,2,2,0,0,0,7,3.5,0,0,0,FALSE,FALSE,FALSE,TRUE,FALSE
2025,4066757,Sam Merrill,1,73,71,2,0,0,0,1406,19.802816901408452,40,21,42,FALSE,FALSE,FALSE,TRUE,FALSE
2025,4066786,Jeff Dowtin Jr.,1,50,41,9,0,0,9,623,15.195121951219512,14,7,16,FALSE,FALSE,FALSE,TRUE,FALSE
2025,4066808,Taze Moore,1,9,2,7,0,0,7,20,10,0,0,0,FALSE,FALSE,FALSE,TRUE,FALSE
2025,4066889,Jackson Rowe,1,10,6,4,0,0,4,51,8.5,0,1,1,FALSE,FALSE,FALSE,TRUE,FALSE
2025,4066993,Dru Smith,1,24,14,10,0,0,10,268,19.142857142857142,8,1,9,FALSE,FALSE,FALSE,TRUE,FALSE
2025,4067017,A.J. Lawson,1,28,26,2,0,0,2,485,18.653846153846153,14,2,16,FALSE,FALSE,FALSE,TRUE,FALSE
2025,4067858,Kevon Harris,1,1,0,1,0,0,1,0,0,0,0,0,FALSE,FALSE,FALSE,TRUE,FALSE
2025,4222252,Isaiah Hartenstein,1,58,58,0,0,0,0,1621,27.948275862068964,55,2,57,FALSE,FALSE,FALSE,TRUE,FALSE
2025,4230557,Vlatko Cancar,1,28,13,15,0,0,14,135,10.384615384615385,3,0,3,FALSE,FALSE,FALSE,TRUE,FALSE
2025,4251,Paul George,1,46,41,5,0,0,0,1335,32.5609756097561,39,1,40,TRUE,FALSE,FALSE,TRUE,FALSE
2025,4277811,Collin Sexton,1,70,63,7,1,0,2,1762,27.96825396825397,58,4,60,FALSE,FALSE,FALSE,TRUE,FALSE
2025,4277812,Alex Reese,2,19,15,4,1,0,3,215,14.333333333333334,3,6,5,FALSE,FALSE,FALSE,TRUE,FALSE
2025,4277813,Herbert Jones,1,27,20,7,0,0,0,649,32.45,19,1,20,FALSE,TRUE,FALSE,TRUE,FALSE
2025,4277843,Gary Trent Jr.,1,75,75,0,0,0,0,1915,25.533333333333335,66,7,68,FALSE,FALSE,FALSE,TRUE,FALSE
2025,4277847,Wendell Carter Jr.,1,70,68,2,0,0,0,1760,25.88235294117647,54,11,56,FALSE,FALSE,FALSE,TRUE,FALSE
2025,4277848,Marvin Bagley III,2,53,31,22,1,0,21,268,8.64516129032258,4,3,6,FALSE,FALSE,FALSE,TRUE,FALSE
2025,4277869,Jose Alvarado,1,65,56,9,1,0,0,1366,24.392857142857142,43,9,45,FALSE,FALSE,FALSE,TRUE,FALSE
2025,4277890,Lonnie Walker IV,1,22,19,3,1,0,0,479,25.210526315789473,14,1,15,FALSE,FALSE,FALSE,TRUE,FALSE
2025,4277892,Marcus Garrett,1,6,4,2,0,0,1,79,19.75,1,3,3,FALSE,FALSE,FALSE,TRUE,FALSE
2025,4277905,Trae Young,2,79,78,1,0,0,0,2749,35.243589743589745,76,0,76,TRUE,FALSE,FALSE,TRUE,FALSE
2025,4277919,Mo Bamba,2,40,32,8,0,0,6,414,12.9375,1,16,3,FALSE,FALSE,FALSE,TRUE,FALSE
2025,4277922,Jericho Sims,2,69,51,18,0,0,15,631,12.372549019607844,5,15,7,FALSE,FALSE,FALSE,TRUE,FALSE
2025,4277951,Luka Garza,1,74,38,36,0,0,34,221,5.815789473684211,0,2,2,FALSE,FALSE,FALSE,TRUE,FALSE
2025,4277952,Bruno Fernando,1,34,17,17,0,0,16,146,8.588235294117647,0,3,2,FALSE,FALSE,FALSE,TRUE,FALSE
2025,4277956,Jordan Poole,1,68,68,0,0,0,0,2004,29.470588235294116,66,1,67,FALSE,FALSE,FALSE,TRUE,TRUE
2025,4277961,Jaren Jackson Jr.,2,75,75,0,0,0,0,2212,29.493333333333332,72,1,73,TRUE,FALSE,FALSE,TRUE,FALSE
2025,4277964,Xavier Tillman,1,76,32,44,1,0,41,231,7.21875,0,4,2,FALSE,FALSE,FALSE,TRUE,FALSE
2025,4278031,Oshae Brissett,1,10,6,4,0,0,0,143,23.833333333333332,4,2,6,FALSE,FALSE,FALSE,TRUE,FALSE
2025,4278039,Nickeil Alexander-Walker,1,82,82,0,0,0,0,2074,25.29268292682927,67,15,69,FALSE,FALSE,FALSE,TRUE,FALSE
2025,4278049,Daniel Gafford,1,67,57,10,1,0,1,1231,21.596491228070175,32,19,34,FALSE,FALSE,FALSE,TRUE,FALSE
2025,4278052,Chuma Okeke,2,16,9,7,0,0,6,196,21.77777777777778,5,2,7,FALSE,FALSE,FALSE,TRUE,FALSE
2025,4278053,Davion Mitchell,2,80,73,7,1,0,4,2028,27.78082191780822,63,7,65,FALSE,FALSE,FALSE,TRUE,FALSE
2025,4278067,Nic Claxton,1,70,70,0,0,0,0,1885,26.928571428571427,65,4,67,FALSE,FALSE,FALSE,TRUE,FALSE
2025,4278073,Shai Gilgeous-Alexander,2,80,79,1,0,0,0,2646,33.49367088607595,77,0,77,TRUE,TRUE,FALSE,TRUE,FALSE
2025,4278075,Kevin Knox II,1,23,14,9,0,0,7,84,6,0,1,1,FALSE,FALSE,FALSE,TRUE,FALSE
2025,4278076,Nick Richards,2,59,57,2,0,0,0,1256,22.035087719298247,36,14,38,FALSE,FALSE,FALSE,TRUE,FALSE
2025,4278077,Jarred Vanderbilt,1,40,36,4,0,0,1,581,16.13888888888889,8,14,10,FALSE,FALSE,FALSE,TRUE,FALSE
2025,4278078,P.J. Washington,1,71,57,14,1,0,0,1833,32.1578947368421,53,4,55,FALSE,FALSE,FALSE,TRUE,TRUE
2025,4278104,Michael Porter Jr.,1,77,77,0,0,0,0,2595,33.701298701298704,77,0,77,FALSE,FALSE,FALSE,TRUE,TRUE
2025,4278111,Justin Minaya,1,33,19,14,0,0,14,98,5.157894736842105,0,2,2,FALSE,FALSE,FALSE,TRUE,FALSE
2025,4278129,Deandre Ayton,1,64,40,24,5,0,1,1210,30.25,37,3,39,FALSE,FALSE,FALSE,TRUE,TRUE
2025,4278355,Obi Toppin,1,80,79,1,0,0,0,1546,19.569620253164558,36,32,38,FALSE,FALSE,FALSE,TRUE,FALSE
2025,4278402,Jordan Goodwin,1,29,29,0,0,0,0,542,18.689655172413794,13,5,15,FALSE,FALSE,FALSE,TRUE,FALSE
2025,4278516,Ethan Thompson,1,1,0,1,0,0,1,0,0,0,0,0,FALSE,FALSE,FALSE,TRUE,FALSE
2025,4278541,Jaylen Nowell,2,14,8,6,0,0,3,168,21,6,0,6,FALSE,FALSE,FALSE,TRUE,FALSE
2025,4278562,Paul Reed,1,82,45,37,0,0,37,439,9.755555555555556,2,8,4,FALSE,FALSE,FALSE,TRUE,FALSE
2025,4278572,Jamal Cain,1,50,36,14,0,0,13,502,13.944444444444445,10,6,12,FALSE,FALSE,FALSE,TRUE,FALSE
2025,4278580,Sandro Mamukelashvili,1,82,60,22,0,0,21,681,11.35,7,12,9,FALSE,FALSE,FALSE,TRUE,FALSE
2025,4278585,Collin Gillespie,1,43,32,11,0,0,10,460,14.375,11,6,13,FALSE,FALSE,FALSE,TRUE,FALSE
2025,4278594,Naji Marshall,1,73,69,4,0,0,0,1917,27.782608695652176,60,7,62,FALSE,FALSE,FALSE,TRUE,FALSE
2025,4279118,Keaton Wallace,1,47,31,16,0,0,16,502,16.193548387096776,10,7,12,FALSE,FALSE,FALSE,TRUE,FALSE
2025,4279318,Daeqwon Plowden,1,13,6,7,0,0,7,70,11.666666666666666,2,0,2,FALSE,FALSE,FALSE,TRUE,FALSE
2025,4279532,Stanley Umude,1,50,22,28,0,0,28,87,3.9545454545454546,0,1,1,FALSE,FALSE,FALSE,TRUE,FALSE
2025,4279815,Terry Taylor,1,7,3,4,0,0,3,7,2.3333333333333335,0,0,0,FALSE,FALSE,FALSE,TRUE,FALSE
2025,4279888,Ja Morant,1,51,50,1,1,0,0,1515,30.3,49,1,50,TRUE,FALSE,FALSE,TRUE,FALSE
2025,4280151,Corey Kispert,1,64,61,3,0,0,0,1602,26.262295081967213,55,5,57,FALSE,FALSE,FALSE,TRUE,FALSE
2025,4280245,Jamaree Bouyea,1,12,5,7,0,0,7,62,12.4,1,0,1,FALSE,FALSE,FALSE,TRUE,FALSE
2025,4291678,Haywood Highsmith,1,82,74,8,0,0,8,1818,24.56756756756757,58,7,60,FALSE,FALSE,FALSE,TRUE,FALSE
2025,4348700,Goga Bitadze,1,74,70,4,0,0,1,1435,20.5,42,13,44,FALSE,FALSE,FALSE,TRUE,FALSE
2025,4351851,Anfernee Simons,1,79,70,9,8,0,1,2290,32.714285714285715,68,1,69,FALSE,FALSE,FALSE,TRUE,TRUE
2025,4351852,Mitchell Robinson,1,19,17,2,0,0,0,290,17.058823529411764,3,8,5,FALSE,FALSE,FALSE,TRUE,FALSE
2025,4395620,Hunter Tyson,1,82,50,32,0,0,31,400,8,3,5,5,FALSE,FALSE,FALSE,TRUE,FALSE
2025,4395623,Trey Jemison III,2,52,38,14,0,0,14,394,10.368421052631579,2,13,4,FALSE,FALSE,FALSE,TRUE,FALSE
2025,4395625,RJ Barrett,1,64,58,6,2,4,0,1868,32.206896551724135,57,0,57,FALSE,FALSE,FALSE,TRUE,TRUE
2025,4395626,Tre Jones,2,46,46,0,0,0,0,904,19.652173913043477,11,22,13,FALSE,FALSE,FALSE,TRUE,FALSE
2025,4395627,Cam Reddish,1,63,33,30,1,0,27,589,17.848484848484848,14,9,16,FALSE,FALSE,FALSE,TRUE,FALSE
2025,4395628,Zion Williamson,1,35,30,5,0,0,0,856,28.533333333333335,30,0,30,FALSE,FALSE,FALSE,TRUE,FALSE
2025,4395630,Devin Vassell,1,65,64,1,1,0,0,1985,31.015625,64,0,64,FALSE,FALSE,FALSE,TRUE,TRUE
2025,4395651,Coby White,1,75,74,1,0,0,0,2449,33.0945945945946,73,1,74,FALSE,FALSE,FALSE,TRUE,TRUE
2025,4395695,Jared Butler,2,73,60,13,0,0,13,1045,17.416666666666668,27,6,29,FALSE,FALSE,FALSE,TRUE,FALSE
2025,4395702,Isaiah Joe,1,76,75,1,0,0,0,1625,21.666666666666668,49,17,51,FALSE,FALSE,FALSE,TRUE,FALSE
2025,4395704,Mason Jones,1,32,10,22,0,0,22,46,4.6,0,0,0,FALSE,FALSE,FALSE,TRUE,FALSE
2025,4395712,Andrew Nembhard,1,77,65,12,0,0,0,1883,28.96923076923077,59,4,61,FALSE,FALSE,FALSE,TRUE,TRUE
2025,4395723,Keldon Johnson,1,78,77,1,0,0,0,1831,23.77922077922078,60,14,62,FALSE,FALSE,FALSE,TRUE,FALSE
2025,4395724,Immanuel Quickley,1,45,33,12,0,7,0,915,27.727272727272727,29,2,31,FALSE,FALSE,FALSE,TRUE,FALSE
2025,4395725,Tyler Herro,2,83,78,5,1,1,0,2734,35.05128205128205,77,0,77,FALSE,FALSE,FALSE,TRUE,TRUE
2025,4396679,Erik Stevenson,1,4,0,4,0,0,1,0,0,0,0,0,FALSE,FALSE,FALSE,TRUE,FALSE
2025,4396818,Jordan Miller,1,62,37,25,1,0,23,418,11.297297297297296,8,6,10,FALSE,FALSE,FALSE,TRUE,FALSE
2025,4396907,Darius Garland,2,78,76,2,0,1,0,2306,30.342105263157894,74,1,75,TRUE,FALSE,FALSE,TRUE,FALSE
2025,4396909,Aaron Nesmith,1,63,45,18,0,0,0,1123,24.955555555555556,35,5,37,FALSE,FALSE,FALSE,TRUE,FALSE
2025,4396971,Naz Reid,1,81,80,1,0,0,0,2205,27.5625,77,2,79,FALSE,FALSE,FALSE,TRUE,FALSE
2025,4396991,Talen Horton-Tucker,1,79,58,21,0,0,20,722,12.448275862068966,11,12,13,FALSE,FALSE,FALSE,TRUE,FALSE
2025,4396993,Tyrese Haliburton,1,76,73,3,1,0,0,2453,33.602739726027394,72,1,73,TRUE,TRUE,FALSE,TRUE,FALSE
2025,4397002,Ayo Dosunmu,1,48,46,2,1,0,0,1393,30.282608695652176,46,0,46,FALSE,FALSE,FALSE,TRUE,TRUE
2025,4397014,Quentin Grimes,2,80,75,5,0,2,1,2015,26.866666666666667,59,9,61,FALSE,FALSE,FALSE,TRUE,FALSE
2025,4397018,Ochai Agbaji,1,67,64,3,0,1,2,1743,27.234375,57,3,59,FALSE,FALSE,FALSE,TRUE,FALSE
2025,4397020,Luguentz Dort,1,74,72,2,0,0,0,2107,29.26388888888889,71,1,72,FALSE,FALSE,FALSE,TRUE,TRUE
2025,4397040,Brandon Williams,1,52,33,19,0,0,19,487,14.757575757575758,12,5,14,FALSE,FALSE,FALSE,TRUE,FALSE
2025,4397071,Mac McClung,1,11,2,9,0,0,9,10,5,0,0,0,FALSE,FALSE,FALSE,TRUE,FALSE
2025,4397077,Jaxson Hayes,1,59,56,3,0,0,3,1095,19.553571428571427,23,17,25,FALSE,FALSE,FALSE,TRUE,FALSE
2025,4397102,Bol Bol,1,77,36,41,0,0,41,450,12.5,8,3,10,FALSE,FALSE,FALSE,TRUE,FALSE
2025,4397104,Miles Norris,1,7,3,4,0,0,4,35,11.666666666666666,0,1,1,FALSE,FALSE,FALSE,TRUE,FALSE
2025,4397107,David Duke Jr.,1,14,6,8,0,0,8,33,5.5,0,0,0,FALSE,FALSE,FALSE,TRUE,FALSE
2025,4397119,Jared Rhoden,2,26,14,12,0,0,10,228,16.285714285714285,6,2,8,FALSE,FALSE,FALSE,TRUE,FALSE
2025,4397126,Moses Brown,2,16,12,4,0,0,3,120,10,2,0,2,FALSE,FALSE,FALSE,TRUE,FALSE
2025,4397134,Cole Swider,2,22,10,12,0,0,12,170,17,4,3,6,FALSE,FALSE,FALSE,TRUE,FALSE
2025,4397140,Kevin Porter Jr.,2,77,75,2,0,0,2,1482,19.76,32,26,34,FALSE,FALSE,FALSE,TRUE,FALSE
2025,4397179,Tyrese Martin,1,78,60,18,0,0,18,1312,21.866666666666667,39,15,41,FALSE,FALSE,FALSE,TRUE,FALSE
2025,4397183,Aaron Wiggins,1,78,77,1,1,0,0,1753,22.766233766233768,51,16,53,FALSE,FALSE,FALSE,TRUE,FALSE
2025,4397189,Jalen Smith,1,75,64,11,0,0,10,967,15.109375,4,32,6,FALSE,FALSE,FALSE,TRUE,FALSE
2025,4397204,Colin Castleton,3,37,25,12,0,0,11,430,17.2,11,4,13,FALSE,FALSE,FALSE,TRUE,FALSE
2025,4397227,Vince Williams Jr.,1,28,27,1,0,0,0,499,18.48148148148148,11,11,13,FALSE,FALSE,FALSE,TRUE,FALSE
2025,4397233,Pete Nance,2,31,13,18,0,0,18,138,10.615384615384615,2,1,3,FALSE,FALSE,FALSE,TRUE,FALSE
2025,4397251,Ron Harper Jr.,1,7,1,6,0,0,6,17,17,0,1,1,FALSE,FALSE,FALSE,TRUE,FALSE
2025,4397347,Liam Robbins,1,28,13,15,0,0,14,58,4.461538461538462,0,0,0,FALSE,FALSE,FALSE,TRUE,FALSE
2025,4397424,Neemias Queta,1,82,60,22,1,0,19,863,14.383333333333333,19,11,21,FALSE,FALSE,FALSE,TRUE,FALSE
2025,4397449,Elijah Harkless,1,23,10,13,0,0,6,137,13.7,2,3,4,FALSE,FALSE,FALSE,TRUE,FALSE
2025,4397475,AJ Green,1,75,74,1,0,0,1,1687,22.7972972972973,52,14,54,FALSE,FALSE,FALSE,TRUE,FALSE
2025,4397570,Jaylen Sims,1,6,6,0,0,0,0,111,18.5,3,2,5,FALSE,FALSE,FALSE,TRUE,FALSE
2025,4397654,Adam Flagler,1,50,34,16,0,0,13,202,5.9411764705882355,3,0,3,FALSE,FALSE,FALSE,TRUE,FALSE
2025,4397688,Trey Murphy III,1,56,53,3,0,0,0,1856,35.0188679245283,52,0,52,FALSE,FALSE,FALSE,TRUE,TRUE
2025,4397689,Drew Peterson,1,41,24,17,0,0,16,185,7.708333333333333,2,2,4,FALSE,FALSE,FALSE,TRUE,FALSE
2025,4397693,Kessler Edwards,1,50,39,11,0,0,10,611,15.666666666666666,16,4,18,FALSE,FALSE,FALSE,TRUE,FALSE
2025,4397821,Nate Williams,1,51,20,31,0,0,31,147,7.35,2,2,4,FALSE,FALSE,FALSE,TRUE,FALSE
2025,4397882,Tolu Smith,1,7,1,6,0,0,6,22,22,1,0,1,FALSE,FALSE,FALSE,TRUE,FALSE
2025,4397885,Dalano Banton,1,81,67,14,3,0,9,1123,16.761194029850746,25,12,27,FALSE,FALSE,FALSE,TRUE,FALSE
2025,4397886,Charles Bassey,1,56,34,22,0,0,20,377,11.088235294117647,5,4,7,FALSE,FALSE,FALSE,TRUE,FALSE
2025,4397916,Jason Preston,1,1,0,1,0,0,1,0,0,0,0,0,FALSE,FALSE,FALSE,TRUE,FALSE
2025,4397999,Cameron Parker,1,5,0,5,0,0,0,0,0,0,0,0,FALSE,FALSE,FALSE,TRUE,FALSE
2025,4398390,Jalen Pickett,1,72,48,24,0,0,23,663,13.8125,11,11,13,FALSE,FALSE,FALSE,TRUE,FALSE
2025,4409222,Trevelin Queen,1,50,30,20,0,0,19,430,14.333333333333334,11,1,12,FALSE,FALSE,FALSE,TRUE,FALSE
2025,4411057,Kevin McCullar Jr.,1,6,4,2,0,0,2,30,7.5,1,0,1,FALSE,FALSE,FALSE,TRUE,FALSE
2025,4431671,Jaden McDaniels,1,82,82,0,0,0,0,2620,31.951219512195124,81,1,82,FALSE,FALSE,FALSE,TRUE,TRUE
2025,4431675,Trendon Watford,1,56,43,13,1,0,1,911,21.186046511627907,28,12,30,FALSE,FALSE,FALSE,TRUE,FALSE
2025,4431678,Tyrese Maxey,1,68,52,16,3,0,0,1963,37.75,52,0,52,TRUE,FALSE,FALSE,TRUE,FALSE
2025,4431679,Precious Achiuwa,1,61,57,4,0,0,3,1168,20.49122807017544,27,14,29,FALSE,FALSE,FALSE,TRUE,FALSE
2025,4431680,Onyeka Okongwu,1,75,74,1,1,0,0,2060,27.83783783783784,69,5,71,FALSE,FALSE,FALSE,TRUE,FALSE
2025,4431684,Trayce Jackson-Davis,2,83,63,20,1,0,18,973,15.444444444444445,24,13,26,FALSE,FALSE,FALSE,TRUE,FALSE
2025,4431687,Patrick Williams,1,63,63,0,0,0,0,1574,24.984126984126984,52,7,54,FALSE,FALSE,FALSE,TRUE,FALSE
2025,4431689,Keion Brooks Jr.,1,18,14,4,0,0,4,331,23.642857142857142,11,1,12,FALSE,FALSE,FALSE,TRUE,FALSE
2025,4431690,Zeke Nnaji,1,82,57,25,0,0,25,609,10.68421052631579,10,5,12,FALSE,FALSE,FALSE,TRUE,FALSE
2025,4431695,Drew Timme,1,9,9,0,0,0,0,254,28.22222222222222,9,0,9,FALSE,FALSE,FALSE,TRUE,FALSE
2025,4431699,Kai Jones,2,55,40,15,0,0,15,468,11.7,9,4,11,FALSE,FALSE,FALSE,TRUE,FALSE
2025,4431705,Anton Watson,2,24,9,15,0,0,15,22,2.4444444444444446,0,0,0,FALSE,FALSE,FALSE,TRUE,FALSE
2025,4431714,Jalen Wilson,1,81,79,2,0,0,1,2032,25.72151898734177,63,11,65,FALSE,FALSE,FALSE,TRUE,FALSE
2025,4431720,Lester Quinones,2,19,13,6,0,0,6,186,14.307692307692308,5,0,5,FALSE,FALSE,FALSE,TRUE,FALSE
2025,4431727,Isaiah Wong,1,25,20,5,0,0,5,265,13.25,2,8,4,FALSE,FALSE,FALSE,TRUE,FALSE
2025,4431736,Toumani Camara,1,82,78,4,2,0,0,2550,32.69230769230769,77,0,77,FALSE,FALSE,FALSE,TRUE,TRUE
2025,4431752,Kobe Brown,1,70,38,32,1,0,28,271,7.131578947368421,1,1,2,FALSE,FALSE,FALSE,TRUE,FALSE
2025,4431766,Damion Baugh,1,15,15,0,0,0,0,370,24.666666666666668,12,3,14,FALSE,FALSE,FALSE,TRUE,FALSE
2025,4431767,Christian Braun,1,79,79,0,0,0,0,2676,33.87341772151899,79,0,79,FALSE,FALSE,FALSE,TRUE,TRUE
2025,4431778,Christian Koloko,1,49,36,13,0,0,12,343,9.527777777777779,1,6,3,FALSE,FALSE,FALSE,TRUE,FALSE
2025,4431785,Scotty Pippen Jr.,1,81,79,2,0,0,1,1681,21.27848101265823,47,17,49,FALSE,FALSE,FALSE,TRUE,FALSE
2025,4431786,Keshad Johnson,1,49,16,33,0,0,32,100,6.25,2,0,2,FALSE,FALSE,FALSE,TRUE,FALSE
2025,4431816,Jesse Edwards,1,11,2,9,0,0,9,5,2.5,0,0,0,FALSE,FALSE,FALSE,TRUE,FALSE
2025,4431823,Miles McBride,1,73,64,9,1,0,1,1597,24.953125,52,11,54,FALSE,FALSE,FALSE,TRUE,FALSE
2025,4431828,KJ Martin,2,54,43,11,4,0,3,909,21.13953488372093,27,11,29,FALSE,FALSE,FALSE,TRUE,FALSE
2025,4431893,Jamison Battle,1,65,59,6,0,0,6,1040,17.627118644067796,20,13,22,FALSE,FALSE,FALSE,TRUE,FALSE
2025,4431941,RayJ Dennis,1,22,11,11,0,0,11,71,6.454545454545454,1,1,2,FALSE,FALSE,FALSE,TRUE,FALSE
2025,4432070,Quincy Olivari,1,9,2,7,0,0,7,10,5,0,0,0,FALSE,FALSE,FALSE,TRUE,FALSE
2025,4432107,Marcus Sasser,1,82,57,25,0,0,24,809,14.192982456140351,15,11,17,FALSE,FALSE,FALSE,TRUE,FALSE
2025,4432117,Isaiah Stevens,1,20,3,17,0,0,13,6,2,0,0,0,FALSE,FALSE,FALSE,TRUE,FALSE
2025,4432158,Evan Mobley,2,72,72,0,0,0,0,2178,30.25,67,3,69,FALSE,FALSE,FALSE,TRUE,TRUE
2025,4432162,Brandon Boston,1,45,42,3,0,0,0,994,23.666666666666668,28,8,30,FALSE,FALSE,FALSE,TRUE,FALSE
2025,4432164,Jaden Springer,3,75,39,36,1,0,25,366,9.384615384615385,5,4,7,FALSE,FALSE,FALSE,TRUE,FALSE
2025,4432165,Jalen Suggs,1,41,35,6,0,0,0,1004,28.685714285714287,28,3,30,FALSE,TRUE,FALSE,TRUE,FALSE
2025,4432166,Cade Cunningham,2,76,71,5,0,0,0,2457,34.605633802816904,70,0,70,FALSE,FALSE,FALSE,TRUE,TRUE
2025,4432168,Josh Christopher,1,34,14,20,0,0,20,70,5,1,0,1,FALSE,FALSE,FALSE,TRUE,FALSE
2025,4432170,Isaiah Jackson,1,5,5,0,0,0,0,84,16.8,2,2,4,FALSE,FALSE,FALSE,TRUE,FALSE
2025,4432171,Moses Moody,1,78,74,4,1,0,1,1651,22.31081081081081,48,14,50,FALSE,FALSE,FALSE,TRUE,FALSE
2025,4432174,Cam Thomas,1,42,25,17,1,0,0,783,31.32,25,0,25,FALSE,FALSE,FALSE,TRUE,FALSE
2025,4432176,Daishen Nix,2,16,3,13,0,0,13,14,4.666666666666667,0,0,0,FALSE,FALSE,FALSE,TRUE,FALSE
2025,4432179,MarJon Beauchamp,3,65,36,29,0,0,29,162,4.5,0,1,1,FALSE,FALSE,FALSE,TRUE,FALSE
2025,4432181,Julian Strawther,1,66,65,1,0,0,1,1386,21.323076923076922,39,17,41,FALSE,FALSE,FALSE,TRUE,FALSE
2025,4432187,Reece Beekman,2,48,35,13,0,0,9,473,13.514285714285714,8,5,10,FALSE,FALSE,FALSE,TRUE,FALSE
2025,4432190,Andre Jackson Jr.,1,82,65,17,0,0,14,1003,15.430769230769231,20,14,22,FALSE,FALSE,FALSE,TRUE,FALSE
2025,4432192,Keon Johnson,1,81,79,2,0,0,2,1927,24.39240506329114,61,7,63,FALSE,FALSE,FALSE,TRUE,FALSE
2025,4432194,Day'Ron Sharpe,1,52,50,2,1,0,0,906,18.12,13,28,15,FALSE,FALSE,FALSE,TRUE,FALSE
2025,4432241,Jamal Shead,1,79,75,4,0,1,2,1464,19.52,35,25,37,FALSE,FALSE,FALSE,TRUE,FALSE
2025,4432247,Jaylen Clark,1,52,40,12,0,0,12,523,13.075,6,11,8,FALSE,FALSE,FALSE,TRUE,FALSE
2025,4432356,Johnny Davis,1,48,34,14,0,0,14,240,7.0588235294117645,2,1,3,FALSE,FALSE,FALSE,TRUE,FALSE
2025,4432446,Jabari Walker,1,78,60,18,0,0,18,750,12.5,12,13,14,FALSE,FALSE,FALSE,TRUE,FALSE
2025,4432573,Paolo Banchero,1,46,46,0,0,0,0,1581,34.369565217391305,46,0,46,TRUE,FALSE,FALSE,TRUE,FALSE
2025,4432582,Max Christie,2,79,78,1,0,0,1,2125,27.243589743589745,65,5,67,FALSE,FALSE,FALSE,TRUE,FALSE
2025,4432639,Jabari Smith Jr.,1,77,57,20,0,0,1,1715,30.087719298245613,55,2,57,FALSE,FALSE,FALSE,TRUE,TRUE
2025,4432735,Dariq Whitehead,1,34,18,16,0,0,14,246,13.666666666666666,6,3,8,FALSE,FALSE,FALSE,TRUE,FALSE
2025,4432808,James Wiseman,1,1,1,0,0,0,0,5,5,0,0,0,FALSE,FALSE,FALSE,TRUE,FALSE
2025,4432809,Cole Anthony,1,76,67,9,4,0,3,1235,18.432835820895523,31,9,33,FALSE,FALSE,FALSE,TRUE,FALSE
2025,4432810,Isaiah Stewart,1,76,72,4,0,0,0,1433,19.90277777777778,36,28,38,FALSE,FALSE,FALSE,TRUE,FALSE
2025,4432811,Josh Green,1,68,68,0,0,0,0,1890,27.794117647058822,64,2,66,FALSE,FALSE,FALSE,TRUE,FALSE
2025,4432813,Jeremiah Robinson-Earl,1,80,66,14,0,0,12,1241,18.803030303030305,33,14,35,FALSE,FALSE,FALSE,TRUE,FALSE
2025,4432815,Isaiah Mobley,1,1,1,0,0,0,0,17,17,0,1,1,FALSE,FALSE,FALSE,TRUE,FALSE
2025,4432816,LaMelo Ball,1,47,47,0,0,0,0,1505,32.02127659574468,45,0,45,TRUE,FALSE,FALSE,TRUE,FALSE
2025,4432817,Johnny Juzang,1,72,64,8,0,0,5,1266,19.78125,30,21,32,FALSE,FALSE,FALSE,TRUE,FALSE
2025,4432819,Tre Mann,1,14,13,1,0,0,0,319,24.53846153846154,12,1,13,FALSE,FALSE,FALSE,TRUE,FALSE
2025,4432820,D.J. Carton,1,11,4,7,0,0,3,33,8.25,0,1,1,FALSE,FALSE,FALSE,TRUE,FALSE
2025,4432821,E.J. Liddell,1,23,12,11,0,0,11,53,4.416666666666667,0,1,1,FALSE,FALSE,FALSE,TRUE,FALSE
2025,4432822,Isaac Okoro,1,56,55,1,0,1,0,1056,19.2,25,17,27,FALSE,FALSE,FALSE,TRUE,FALSE
2025,4432823,Jaylin Williams,1,53,47,6,0,0,3,784,16.680851063829788,16,9,18,FALSE,FALSE,FALSE,TRUE,FALSE
2025,4432827,Oscar Tshiebwe,1,31,14,17,1,0,16,254,18.142857142857142,5,6,7,FALSE,FALSE,FALSE,TRUE,FALSE
2025,4432847,Terrence Shannon Jr.,1,64,32,32,0,0,32,340,10.625,5,3,7,FALSE,FALSE,FALSE,TRUE,FALSE
2025,4432848,Jaime Jaquez Jr.,1,81,66,15,2,0,8,1373,20.803030303030305,34,18,36,FALSE,FALSE,FALSE,TRUE,FALSE
2025,4432872,Emanuel Miller,1,14,6,8,0,0,8,24,4,0,0,0,FALSE,FALSE,FALSE,TRUE,FALSE
2025,4432887,Tyson Etienne,1,10,7,3,0,0,3,151,21.571428571428573,4,1,5,FALSE,FALSE,FALSE,TRUE,FALSE
2025,4432907,Justin Champagnie,1,64,61,3,0,0,2,1339,21.950819672131146,35,9,37,FALSE,FALSE,FALSE,TRUE,FALSE
2025,4432946,Jalen Bridges,1,11,8,3,0,0,3,31,3.875,0,0,0,FALSE,FALSE,FALSE,TRUE,FALSE
2025,4432957,Yuri Collins,1,8,2,6,0,0,0,16,8,0,0,0,FALSE,FALSE,FALSE,TRUE,FALSE
2025,4432971,Alex Ducas,1,36,21,15,0,0,15,125,5.9523809523809526,0,1,1,FALSE,FALSE,FALSE,TRUE,FALSE
2025,4433076,Ben Sheppard,1,71,63,8,1,0,0,1231,19.53968253968254,33,18,35,FALSE,FALSE,FALSE,TRUE,FALSE
2025,4433083,Cam Spencer,1,39,25,14,0,0,14,251,10.04,4,3,6,FALSE,FALSE,FALSE,TRUE,FALSE
2025,4433133,Jahmir Young,1,11,6,5,0,0,5,29,4.833333333333333,0,0,0,FALSE,FALSE,FALSE,TRUE,FALSE
2025,4433134,Scottie Barnes,1,67,65,2,1,0,0,2136,32.86153846153846,65,0,65,TRUE,FALSE,FALSE,TRUE,FALSE
2025,4433136,Walker Kessler,1,66,58,8,0,2,1,1743,30.051724137931036,56,2,58,FALSE,FALSE,FALSE,TRUE,TRUE
2025,4433137,Ziaire Williams,1,73,63,10,1,0,1,1544,24.50793650793651,51,10,53,FALSE,FALSE,FALSE,TRUE,FALSE
2025,4433147,Marcus Bagley,1,10,10,0,0,0,0,252,25.2,6,4,8,FALSE,FALSE,FALSE,TRUE,FALSE
2025,4433159,Dalen Terry,1,76,73,3,0,0,2,986,13.506849315068493,10,22,12,FALSE,FALSE,FALSE,TRUE,FALSE
2025,4433188,Devin Carter,1,38,36,2,0,0,2,397,11.027777777777779,5,3,7,FALSE,FALSE,FALSE,TRUE,FALSE
2025,4433192,Tari Eason,1,76,57,19,13,0,0,1419,24.894736842105264,47,9,49,FALSE,FALSE,FALSE,TRUE,FALSE
2025,4433218,Jaden Ivey,1,32,30,2,0,0,0,900,30,28,2,30,FALSE,FALSE,FALSE,TRUE,FALSE
2025,4433225,Tyler Kolek,1,80,41,39,1,0,37,295,7.195121951219512,1,7,3,FALSE,FALSE,FALSE,TRUE,FALSE
2025,4433246,Patrick Baldwin Jr.,2,42,24,18,0,0,18,107,4.458333333333333,0,0,0,FALSE,FALSE,FALSE,TRUE,FALSE
2025,4433247,Jonathan Kuminga,1,50,47,3,2,0,1,1143,24.319148936170212,35,11,37,FALSE,FALSE,FALSE,TRUE,FALSE
2025,4433249,Moussa Diabate,1,73,70,3,0,0,2,1242,17.742857142857144,26,14,28,FALSE,FALSE,FALSE,TRUE,FALSE
2025,4433254,Kendall Brown,1,1,0,1,0,0,0,0,0,0,0,0,FALSE,FALSE,FALSE,TRUE,FALSE
2025,4433255,Chet Holmgren,1,34,32,2,0,0,0,878,27.4375,29,2,31,FALSE,FALSE,FALSE,TRUE,FALSE
2025,4433268,Trey Alexander,1,49,23,26,0,0,25,116,5.043478260869565,1,0,1,FALSE,FALSE,FALSE,TRUE,FALSE
2025,4433287,Brandon Miller,1,27,27,0,0,0,0,925,34.25925925925926,26,0,26,FALSE,FALSE,FALSE,TRUE,FALSE
2025,4433378,Colby Jones,2,63,37,26,0,0,23,516,13.945945945945946,13,2,15,FALSE,FALSE,FALSE,TRUE,FALSE
2025,4433618,Harrison Ingram,1,12,5,7,0,0,7,35,7,0,0,0,FALSE,FALSE,FALSE,TRUE,FALSE
2025,4433620,Emoni Bates,1,19,10,9,0,0,9,75,7.5,1,0,1,FALSE,FALSE,FALSE,TRUE,FALSE
2025,4433621,Jalen Duren,1,78,78,0,0,0,0,2037,26.115384615384617,71,3,73,FALSE,FALSE,FALSE,TRUE,FALSE
2025,4433622,Chris Livingston,1,55,22,33,0,0,33,108,4.909090909090909,1,1,2,FALSE,FALSE,FALSE,TRUE,FALSE
2025,4433623,Caleb Houstan,1,81,58,23,0,0,23,787,13.568965517241379,16,9,18,FALSE,FALSE,FALSE,TRUE,FALSE
2025,4433626,Jalen Hood-Schifino,3,20,15,5,0,0,1,314,20.933333333333334,9,3,11,FALSE,FALSE,FALSE,TRUE,FALSE
2025,4433627,Keyonte George,2,73,68,5,1,0,0,2115,31.102941176470587,67,0,67,FALSE,FALSE,FALSE,TRUE,TRUE
2025,4437244,Jalen Green,1,82,82,0,0,0,0,2698,32.90243902439025,80,2,82,FALSE,FALSE,FALSE,TRUE,TRUE
2025,4565201,Malaki Branham,1,77,46,31,0,0,30,429,9.326086956521738,6,7,8,FALSE,FALSE,FALSE,TRUE,FALSE
2025,4566434,Franz Wagner,1,60,60,0,0,0,0,2024,33.733333333333334,59,0,59,FALSE,FALSE,FALSE,TRUE,TRUE
2025,4576085,JD Davison,1,27,15,12,0,0,11,94,6.266666666666667,0,2,2,FALSE,FALSE,FALSE,TRUE,FALSE
2025,4576086,Bryce McGowens,1,25,13,12,0,0,12,31,2.3846153846153846,0,0,0,FALSE,FALSE,FALSE,TRUE,FALSE
2025,4576087,Peyton Watson,1,69,68,1,0,0,0,1657,24.36764705882353,47,17,49,FALSE,FALSE,FALSE,TRUE,FALSE
2025,4578893,Vit Krejci,1,66,57,9,0,0,6,1153,20.228070175438596,30,14,32,FALSE,FALSE,FALSE,TRUE,FALSE
2025,4591725,Ryan Rollins,1,72,55,17,0,0,15,817,14.854545454545455,16,12,18,FALSE,FALSE,FALSE,TRUE,FALSE
2025,4592187,Wendell Moore Jr.,2,68,36,32,0,0,31,502,13.944444444444445,13,4,15,FALSE,FALSE,FALSE,TRUE,FALSE
2025,4592216,Alondes Williams,1,9,1,8,0,0,8,4,4,0,0,0,FALSE,FALSE,FALSE,TRUE,FALSE
2025,4592401,N'Faly Dante,1,11,4,7,0,0,7,51,12.75,0,1,1,FALSE,FALSE,FALSE,TRUE,FALSE
2025,4592402,Chris Duarte,1,43,17,26,0,0,26,73,4.294117647058823,0,0,0,FALSE,FALSE,FALSE,TRUE,FALSE
2025,4592427,Spencer Jones,1,44,18,26,0,0,24,124,6.888888888888889,2,1,3,FALSE,FALSE,FALSE,TRUE,FALSE
2025,4592435,Branden Carlson,1,50,31,19,0,0,16,250,8.064516129032258,3,2,5,FALSE,FALSE,FALSE,TRUE,FALSE
2025,4592461,Jacob Toppin,2,51,17,34,0,0,34,76,4.470588235294118,1,0,1,FALSE,FALSE,FALSE,TRUE,FALSE
2025,4592479,Julian Champagnie,1,82,82,0,0,0,0,1933,23.573170731707318,57,18,59,FALSE,FALSE,FALSE,TRUE,FALSE
2025,4592492,Bones Hyland,2,61,24,37,0,0,35,239,9.958333333333334,3,2,5,FALSE,FALSE,FALSE,TRUE,FALSE
2025,4592686,Antonio Reeves,1,69,44,25,0,0,24,660,15,13,6,15,FALSE,FALSE,FALSE,TRUE,FALSE
2025,4592691,Jake LaRavia,2,69,66,3,0,0,0,1350,20.454545454545453,40,12,42,FALSE,FALSE,FALSE,TRUE,FALSE
2025,4592699,Enrique Freeman,1,46,21,25,0,0,24,181,8.619047619047619,1,2,3,FALSE,FALSE,FALSE,TRUE,FALSE
2025,4592712,Boo Buie,1,1,0,1,0,0,1,0,0,0,0,0,FALSE,FALSE,FALSE,TRUE,FALSE
2025,4592714,Pat Spencer,1,63,39,24,0,0,24,249,6.384615384615385,1,2,3,FALSE,FALSE,FALSE,TRUE,FALSE
2025,4592829,Quenton Jackson,1,50,28,22,0,0,22,381,13.607142857142858,8,3,10,FALSE,FALSE,FALSE,TRUE,FALSE
2025,4592857,Isaiah Crawford,1,22,14,8,0,0,7,46,3.2857142857142856,0,0,0,FALSE,FALSE,FALSE,TRUE,FALSE
2025,4592965,Tristen Newton,2,22,7,15,0,0,14,16,2.2857142857142856,0,0,0,FALSE,FALSE,FALSE,TRUE,FALSE
2025,4592979,Zyon Pullin,1,4,3,1,0,0,1,3,1,0,0,0,FALSE,FALSE,FALSE,TRUE,FALSE
2025,4593016,Quinten Post,1,45,42,3,0,0,3,687,16.357142857142858,15,13,17,FALSE,FALSE,FALSE,TRUE,FALSE
2025,4593041,David Roddy,3,58,33,25,0,0,25,409,12.393939393939394,7,6,9,FALSE,FALSE,FALSE,TRUE,FALSE
2025,4593049,Orlando Robinson,2,62,44,18,0,0,18,771,17.522727272727273,22,6,24,FALSE,FALSE,FALSE,TRUE,FALSE
2025,4593125,Santi Aldama,1,67,65,2,0,0,0,1659,25.523076923076925,56,8,58,FALSE,FALSE,FALSE,TRUE,FALSE
2025,4593803,Jalen Williams,2,74,71,3,0,0,0,2279,32.098591549295776,68,1,69,FALSE,FALSE,FALSE,TRUE,TRUE
2025,4593841,Baylor Scheierman,1,59,31,28,0,0,28,385,12.419354838709678,6,3,8,FALSE,FALSE,FALSE,TRUE,FALSE
2025,4594268,Anthony Edwards,2,81,79,2,0,0,1,2868,36.30379746835443,79,0,79,TRUE,TRUE,FALSE,TRUE,FALSE
2025,4594326,Kris Murray,1,82,69,13,2,0,8,1041,15.08695652173913,22,15,24,FALSE,FALSE,FALSE,TRUE,FALSE
2025,4594327,Keegan Murray,1,76,76,0,0,0,0,2606,34.28947368421053,76,0,76,FALSE,FALSE,FALSE,TRUE,TRUE
2025,4595400,Olivier-Maxence Prosper,1,66,52,14,0,0,11,582,11.192307692307692,9,5,11,FALSE,FALSE,FALSE,TRUE,FALSE
2025,4597865,Tosan Evbuomwan,1,30,28,2,0,0,2,665,23.75,24,4,26,FALSE,FALSE,FALSE,TRUE,FALSE
2025,4600663,Zach Edey,2,69,67,2,0,0,0,1422,21.223880597014926,44,12,46,FALSE,FALSE,FALSE,TRUE,FALSE
2025,4601023,Oso Ighodaro,1,81,60,21,0,0,20,1042,17.366666666666667,30,7,32,FALSE,FALSE,FALSE,TRUE,FALSE
2025,4601025,Pelle Larsson,1,82,54,28,1,0,21,783,14.5,14,10,16,FALSE,FALSE,FALSE,TRUE,FALSE
2025,4610139,Jeremy Sochan,1,54,54,0,0,0,0,1364,25.25925925925926,41,9,43,FALSE,FALSE,FALSE,TRUE,FALSE
2025,4683021,Deni Avdija,1,81,72,9,3,0,0,2162,30.02777777777778,68,2,70,FALSE,FALSE,FALSE,TRUE,TRUE
2025,4683024,Killian Hayes,1,10,6,4,0,0,0,163,27.166666666666668,6,0,6,FALSE,FALSE,FALSE,TRUE,FALSE
2025,4683634,Bennedict Mathurin,1,76,72,4,1,0,0,2150,29.86111111111111,68,2,70,FALSE,FALSE,FALSE,TRUE,TRUE
2025,4683678,Scoot Henderson,1,81,66,15,0,0,0,1760,26.666666666666668,62,3,64,FALSE,FALSE,FALSE,TRUE,FALSE
2025,4683686,Nick Smith Jr.,1,71,60,11,1,0,10,1368,22.8,37,10,39,FALSE,FALSE,FALSE,TRUE,FALSE
2025,4683688,Dereck Lively II,1,46,36,10,6,0,1,830,23.055555555555557,25,9,27,FALSE,FALSE,FALSE,TRUE,FALSE
2025,4683689,Jordan Walsh,1,82,50,32,2,0,28,401,8.02,3,3,5,FALSE,FALSE,FALSE,TRUE,FALSE
2025,4683692,Cason Wallace,1,74,69,5,0,0,0,1900,27.536231884057973,64,4,66,FALSE,FALSE,FALSE,TRUE,FALSE
2025,4683736,Kobe Bufkin,1,23,10,13,0,0,4,123,12.3,0,2,2,FALSE,FALSE,FALSE,TRUE,FALSE
2025,4683747,Jaylon Tyson,1,72,47,25,0,0,25,451,9.595744680851064,5,4,7,FALSE,FALSE,FALSE,TRUE,FALSE
2025,4683749,TyTy Washington Jr.,1,29,16,13,0,0,13,119,7.4375,2,1,3,FALSE,FALSE,FALSE,TRUE,FALSE
2025,4683750,Jordan Hawkins,1,64,56,8,1,0,0,1324,23.642857142857142,42,9,44,FALSE,FALSE,FALSE,TRUE,FALSE
2025,4683766,Isaiah Collier,1,74,71,3,0,0,0,1838,25.887323943661972,54,8,56,FALSE,FALSE,FALSE,TRUE,FALSE
2025,4683771,Ronald Holland II,1,82,81,1,0,0,0,1270,15.679012345679013,17,28,19,FALSE,FALSE,FALSE,TRUE,FALSE
2025,4683774,Bronny James,1,55,26,29,0,0,25,183,7.038461538461538,2,2,4,FALSE,FALSE,FALSE,TRUE,FALSE
2025,4683778,Jared McCain,1,24,23,1,0,0,1,594,25.82608695652174,17,2,19,FALSE,FALSE,FALSE,TRUE,FALSE
2025,4683834,KJ Simpson,1,50,36,14,0,0,14,844,23.444444444444443,22,6,24,FALSE,FALSE,FALSE,TRUE,FALSE
2025,4683935,Blake Wesley,1,82,57,25,0,0,24,682,11.964912280701755,12,9,14,FALSE,FALSE,FALSE,TRUE,FALSE
2025,4684272,Ja'Kobe Walter,1,57,52,5,0,0,4,1104,21.23076923076923,32,14,34,FALSE,FALSE,FALSE,TRUE,FALSE
2025,4684275,Rob Dillingham,1,68,49,19,0,0,19,521,10.63265306122449,7,8,9,FALSE,FALSE,FALSE,TRUE,FALSE
2025,4684286,Maxwell Lewis,2,52,27,25,0,0,24,327,12.11111111111111,6,6,8,FALSE,FALSE,FALSE,TRUE,FALSE
2025,4684737,Jaylen Martin,2,29,16,13,0,0,13,240,15,7,1,8,FALSE,FALSE,FALSE,TRUE,FALSE
2025,4684740,Amen Thompson,2,81,70,11,1,0,0,2235,31.928571428571427,66,3,68,FALSE,FALSE,FALSE,TRUE,TRUE
2025,4684742,Ausar Thompson,1,60,59,1,0,0,1,1329,22.52542372881356,41,11,43,FALSE,FALSE,FALSE,TRUE,FALSE
2025,4684793,Kyle Filipowski,1,75,72,3,1,0,1,1518,21.083333333333332,41,13,43,FALSE,FALSE,FALSE,TRUE,FALSE
2025,4684806,Taylor Hendricks,1,4,3,1,0,0,0,75,25,3,0,3,FALSE,FALSE,FALSE,TRUE,FALSE
2025,4687718,Josh Minott,1,81,45,36,0,0,35,278,6.177777777777778,1,0,1,FALSE,FALSE,FALSE,TRUE,FALSE
2025,4701225,PJ Hall,1,45,19,26,0,0,26,65,3.4210526315789473,0,0,0,FALSE,FALSE,FALSE,TRUE,FALSE
2025,4701230,Jalen Johnson,1,51,36,15,1,0,0,1285,35.69444444444444,35,0,35,FALSE,FALSE,FALSE,TRUE,FALSE
2025,4701232,Mark Williams,1,45,44,1,0,0,0,1169,26.568181818181817,37,4,39,FALSE,FALSE,FALSE,TRUE,FALSE
2025,4701233,Craig Porter Jr.,1,71,51,20,0,0,20,513,10.058823529411764,10,2,12,FALSE,FALSE,FALSE,TRUE,FALSE
2025,4701234,Ricky Council IV,1,82,73,9,0,0,9,1255,17.19178082191781,30,11,32,FALSE,FALSE,FALSE,TRUE,FALSE
2025,4702023,Adama Sanogo,1,8,3,5,0,0,4,22,7.333333333333333,0,0,0,FALSE,FALSE,FALSE,TRUE,FALSE
2025,4702159,Dillon Jones,1,66,55,11,0,0,11,557,10.127272727272727,6,7,8,FALSE,FALSE,FALSE,TRUE,FALSE
2025,4702177,Keon Ellis,1,82,80,2,0,0,2,1948,24.35,57,13,59,FALSE,FALSE,FALSE,TRUE,FALSE
2025,4702233,JT Thor,2,39,20,19,0,0,18,248,12.4,7,1,8,FALSE,FALSE,FALSE,TRUE,FALSE
2025,4702382,Tristan da Silva,1,81,74,7,1,0,6,1631,22.04054054054054,45,13,47,FALSE,FALSE,FALSE,TRUE,FALSE
2025,4708972,Jazian Gortman,1,27,16,11,0,0,11,58,3.625,0,0,0,FALSE,FALSE,FALSE,TRUE,FALSE
2025,4709138,Brandin Podziemski,1,66,64,2,1,0,0,1720,26.875,54,7,56,FALSE,FALSE,FALSE,TRUE,FALSE
2025,4711272,Reed Sheppard,1,80,52,28,9,0,17,654,12.576923076923077,5,13,7,FALSE,FALSE,FALSE,TRUE,FALSE
2025,4711294,Matas Buzelis,1,81,80,1,0,0,1,1514,18.925,39,13,41,FALSE,FALSE,FALSE,TRUE,FALSE
2025,4711297,Justin Edwards,1,60,44,16,0,0,10,1150,26.136363636363637,35,2,37,FALSE,FALSE,FALSE,TRUE,FALSE
2025,4712849,Anthony Black,1,80,78,2,0,0,1,1883,24.141025641025642,61,14,63,FALSE,FALSE,FALSE,TRUE,FALSE
2025,4712863,Mouhamed Gueye,1,48,33,15,0,0,15,532,16.12121212121212,9,11,11,FALSE,FALSE,FALSE,TRUE,FALSE
2025,4712896,Noah Clowney,1,61,46,15,1,0,2,1046,22.73913043478261,25,16,27,FALSE,FALSE,FALSE,TRUE,FALSE
2025,4845363,Cam Christie,1,26,12,14,0,0,13,58,4.833333333333333,0,1,1,FALSE,FALSE,FALSE,TRUE,FALSE
2025,4845367,Stephon Castle,2,82,82,0,0,0,0,2173,26.5,70,7,72,FALSE,FALSE,FALSE,TRUE,FALSE
2025,4845374,Bub Carrington,1,82,82,0,0,0,0,2456,29.951219512195124,78,2,80,FALSE,FALSE,FALSE,TRUE,TRUE
2025,4868423,Jaden Hardy,1,74,57,17,0,0,7,907,15.912280701754385,21,13,23,FALSE,FALSE,FALSE,TRUE,FALSE
2025,4869342,Dyson Daniels,1,77,76,1,0,0,0,2573,33.85526315789474,76,0,76,FALSE,FALSE,FALSE,TRUE,TRUE
2025,4870562,Dominick Barlow,1,58,35,23,0,0,23,376,10.742857142857142,3,8,5,FALSE,FALSE,FALSE,TRUE,FALSE
2025,4871141,Ariel Hukporti,1,52,25,27,0,0,27,216,8.64,1,5,3,FALSE,FALSE,FALSE,TRUE,FALSE
2025,4871144,Alperen Sengun,2,82,77,5,0,0,0,2403,31.207792207792206,74,1,75,FALSE,FALSE,FALSE,TRUE,TRUE
2025,4871145,Josh Giddey,1,71,70,1,1,0,0,2116,30.228571428571428,69,1,70,FALSE,FALSE,FALSE,TRUE,TRUE
2025,4888725,Ryan Dunn,2,78,73,5,0,0,3,1419,19.438356164383563,40,9,42,FALSE,FALSE,FALSE,TRUE,FALSE
2025,4895758,Cody Williams,1,55,50,5,1,0,3,1056,21.12,29,18,31,FALSE,FALSE,FALSE,TRUE,FALSE
2025,4896850,Taran Armstrong,1,5,0,5,0,0,5,0,0,0,0,0,FALSE,FALSE,FALSE,TRUE,FALSE
2025,4897449,Malevy Leons,1,18,6,12,0,0,3,20,3.3333333333333335,0,0,0,FALSE,FALSE,FALSE,TRUE,FALSE
2025,4897943,Dalton Knecht,2,81,79,2,0,0,1,1503,19.025316455696203,36,16,38,FALSE,FALSE,FALSE,TRUE,FALSE
2025,4900671,Ajay Mitchell,1,37,37,0,0,0,0,615,16.62162162162162,10,14,12,FALSE,FALSE,FALSE,TRUE,FALSE
2025,4906923,Bobi Klintman,1,21,8,13,0,0,13,43,5.375,1,0,1,FALSE,FALSE,FALSE,TRUE,FALSE
2025,4909710,Phillip Wheeler,1,5,5,0,0,0,0,44,8.8,0,1,1,FALSE,FALSE,FALSE,TRUE,FALSE
2025,4914336,Shaedon Sharpe,1,82,72,10,0,0,0,2249,31.23611111111111,68,4,70,FALSE,FALSE,FALSE,TRUE,TRUE
2025,4997526,Ousmane Dieng,1,52,37,15,0,0,10,406,10.972972972972974,6,4,8,FALSE,FALSE,FALSE,TRUE,FALSE
2025,4997528,Nikola Jovic,1,65,46,19,0,0,6,1160,25.217391304347824,36,4,38,FALSE,FALSE,FALSE,TRUE,FALSE
2025,4997536,Gui Santos,1,78,56,22,0,0,21,764,13.642857142857142,15,12,17,FALSE,FALSE,FALSE,TRUE,FALSE
2025,4997537,Tristan Vukcevic,1,46,35,11,0,0,11,512,14.628571428571428,13,6,15,FALSE,FALSE,FALSE,TRUE,FALSE
2025,4997538,Karlo Matkovic,1,56,42,14,0,0,12,792,18.857142857142858,23,10,25,FALSE,FALSE,FALSE,TRUE,FALSE
2025,4997539,Luke Travers,1,24,12,12,0,0,12,88,7.333333333333333,2,0,2,FALSE,FALSE,FALSE,TRUE,FALSE
2025,5044385,Leonard Miller,1,51,13,38,0,0,38,32,2.4615384615384617,0,0,0,FALSE,FALSE,FALSE,TRUE,FALSE
2025,5061589,Yves Missi,1,80,73,7,0,0,1,1960,26.84931506849315,66,5,68,FALSE,FALSE,FALSE,TRUE,FALSE
2025,5081727,Sidy Cissoko,2,49,20,29,0,0,27,114,5.7,2,0,2,FALSE,FALSE,FALSE,TRUE,FALSE
2025,5099752,Rayan Rupert,1,77,52,25,0,0,25,460,8.846153846153847,7,5,9,FALSE,FALSE,FALSE,TRUE,FALSE
2025,5104155,Bilal Coulibaly,1,61,59,2,0,0,0,1948,33.016949152542374,57,0,57,FALSE,FALSE,FALSE,TRUE,TRUE
2025,5104156,Armel Traore,1,24,9,15,0,0,15,66,7.333333333333333,0,1,1,FALSE,FALSE,FALSE,TRUE,FALSE
2025,5104157,Victor Wembanyama,2,48,48,0,0,0,0,1539,32.0625,46,0,46,FALSE,TRUE,FALSE,TRUE,TRUE
2025,5105550,GG Jackson,1,34,29,5,0,0,5,459,15.827586206896552,10,5,12,FALSE,FALSE,FALSE,TRUE,FALSE
2025,5105553,Julian Phillips,1,80,79,1,0,0,1,1125,14.240506329113924,14,20,16,FALSE,FALSE,FALSE,TRUE,FALSE
2025,5105565,Donovan Clingan,1,82,67,15,0,1,2,1327,19.80597014925373,33,13,35,FALSE,FALSE,FALSE,TRUE,FALSE
2025,5105592,Cam Whitmore,1,69,51,18,1,0,17,829,16.254901960784313,21,5,23,FALSE,FALSE,FALSE,TRUE,FALSE
2025,5105623,Kel'el Ware,1,77,64,13,1,0,9,1421,22.203125,37,12,39,FALSE,FALSE,FALSE,TRUE,FALSE
2025,5105637,Adem Bona,1,75,58,17,0,0,15,910,15.689655172413794,17,13,19,FALSE,FALSE,FALSE,TRUE,FALSE
2025,5105806,Jett Howard,1,81,60,21,0,0,17,699,11.65,8,10,10,FALSE,FALSE,FALSE,TRUE,FALSE
2025,5105839,Brice Sensabaugh,1,78,71,7,0,0,7,1435,20.211267605633804,38,16,40,FALSE,FALSE,FALSE,TRUE,FALSE
2025,5106060,Jarace Walker,1,81,75,6,0,0,6,1190,15.866666666666667,29,12,31,FALSE,FALSE,FALSE,TRUE,FALSE
2025,5106258,Gradey Dick,1,55,54,1,0,0,0,1591,29.462962962962962,50,2,52,FALSE,FALSE,FALSE,TRUE,TRUE
2025,5106268,Nae'Qwan Tomlin,1,11,5,6,0,0,6,63,12.6,1,0,1,FALSE,FALSE,FALSE,TRUE,FALSE
2025,5107199,Daniss Jenkins,1,25,6,19,0,0,18,23,3.8333333333333335,0,0,0,FALSE,FALSE,FALSE,TRUE,FALSE
2025,5107818,Isaac Jones,1,63,40,23,0,0,23,303,7.575,2,5,4,FALSE,FALSE,FALSE,TRUE,FALSE
2025,5107897,Jonathan Mogbo,1,66,63,3,0,0,3,1287,20.428571428571427,35,14,37,FALSE,FALSE,FALSE,TRUE,FALSE
2025,5112087,Jaylen Wells,2,80,80,0,0,0,0,2050,25.625,65,12,67,FALSE,FALSE,FALSE,TRUE,FALSE
2025,5157066,Johnny Furphy,1,79,49,30,0,0,28,383,7.816326530612245,5,1,6,FALSE,FALSE,FALSE,TRUE,FALSE
2025,5159486,Yongxi Cui,1,18,4,14,0,0,13,10,2.5,0,0,0,FALSE,FALSE,FALSE,TRUE,FALSE
2025,5159895,Yuki Kawamura,1,43,21,22,0,0,21,91,4.333333333333333,1,0,1,FALSE,FALSE,FALSE,TRUE,FALSE
2025,5160992,Alex Sarr,1,73,67,6,1,0,0,1816,27.104477611940297,65,1,66,FALSE,FALSE,FALSE,TRUE,FALSE
2025,5165257,Trentyn Flowers,1,17,6,11,0,0,11,26,4.333333333333333,0,0,0,FALSE,FALSE,FALSE,TRUE,FALSE
2025,5167876,Tyler Smith,1,54,24,30,0,0,30,124,5.166666666666667,2,0,2,FALSE,FALSE,FALSE,TRUE,FALSE
2025,5170947,AJ Johnson,2,44,30,14,0,0,14,641,21.366666666666667,18,1,19,FALSE,FALSE,FALSE,TRUE,FALSE
2025,5174563,Kyshawn George,1,75,68,7,0,0,0,1802,26.5,59,7,61,FALSE,FALSE,FALSE,TRUE,FALSE
2025,5177362,Riley Minix,1,2,1,1,0,0,1,7,7,0,0,0,FALSE,FALSE,FALSE,TRUE,FALSE
2025,5211175,Zaccharie Risacher,1,78,75,3,0,0,0,1844,24.586666666666666,60,14,62,FALSE,FALSE,FALSE,TRUE,FALSE
2025,5211176,Tidjane Salaun,1,62,60,2,0,0,2,1246,20.766666666666666,31,19,33,FALSE,FALSE,FALSE,TRUE,FALSE
2025,5211983,Pacome Dadiet,1,48,18,30,0,0,30,112,6.222222222222222,0,1,1,FALSE,FALSE,FALSE,TRUE,FALSE
2025,5211984,Ulrich Chomche,1,15,7,8,0,0,8,33,4.714285714285714,0,0,0,FALSE,FALSE,FALSE,TRUE,FALSE
2025,6427,Bismack Biyombo,1,32,27,5,0,0,4,526,19.48148148148148,13,8,15,FALSE,FALSE,FALSE,TRUE,FALSE
2025,6429,Alec Burks,1,80,49,31,1,0,25,865,17.653061224489797,19,13,21,FALSE,FALSE,FALSE,TRUE,FALSE
2025,6430,Jimmy Butler III,2,74,55,19,1,0,0,1747,31.763636363636362,52,1,53,TRUE,FALSE,FALSE,TRUE,FALSE
2025,6440,Tobias Harris,1,76,73,3,2,0,0,2307,31.602739726027398,71,1,72,FALSE,FALSE,FALSE,TRUE,TRUE
2025,6442,Kyrie Irving,2,53,52,1,0,0,0,1816,34.92307692307692,49,0,49,TRUE,FALSE,FALSE,TRUE,FALSE
2025,6443,Reggie Jackson,1,49,31,18,0,0,18,386,12.451612903225806,3,9,5,FALSE,FALSE,FALSE,TRUE,FALSE
2025,6446,Cory Joseph,1,82,50,32,0,0,31,610,12.2,12,7,14,FALSE,FALSE,FALSE,TRUE,FALSE
2025,6450,Kawhi Leonard,1,37,37,0,0,0,0,1178,31.83783783783784,36,1,37,TRUE,TRUE,FALSE,TRUE,FALSE
2025,6461,Markieff Morris,2,81,15,66,0,0,66,165,11,3,0,3,FALSE,FALSE,FALSE,TRUE,FALSE
2025,6474,Tristan Thompson,1,82,40,42,0,0,42,328,8.2,4,1,5,FALSE,FALSE,FALSE,TRUE,FALSE
2025,6475,Klay Thompson,1,75,72,3,1,0,0,1972,27.38888888888889,67,4,69,FALSE,FALSE,FALSE,TRUE,FALSE
2025,6477,Jonas Valanciunas,2,81,81,0,0,0,0,1522,18.790123456790123,33,28,35,FALSE,FALSE,FALSE,TRUE,FALSE
2025,6478,Nikola Vucevic,1,74,73,1,0,0,0,2275,31.164383561643834,72,1,73,FALSE,FALSE,FALSE,TRUE,TRUE
2025,6578,Harrison Barnes,1,82,82,0,0,0,0,2230,27.195121951219512,74,8,76,FALSE,FALSE,FALSE,TRUE,FALSE
2025,6580,Bradley Beal,1,53,53,0,0,0,0,1698,32.0377358490566,50,2,52,FALSE,FALSE,FALSE,TRUE,TRUE
2025,6581,Jae Crowder,1,60,9,51,0,0,51,104,11.555555555555555,2,0,2,FALSE,FALSE,FALSE,TRUE,FALSE
2025,6583,Anthony Davis,3,56,51,5,0,0,2,1705,33.431372549019606,49,0,49,TRUE,TRUE,FALSE,TRUE,FALSE
2025,6585,Andre Drummond,1,61,40,21,1,0,2,749,18.725,20,5,22,FALSE,FALSE,FALSE,TRUE,FALSE
2025,6589,Draymond Green,1,71,68,3,2,0,0,1981,29.13235294117647,66,1,67,FALSE,FALSE,FALSE,TRUE,TRUE
2025,6606,Damian Lillard,2,61,61,0,0,0,0,2141,35.09836065573771,59,0,59,TRUE,FALSE,FALSE,TRUE,FALSE
2025,6609,Khris Middleton,2,38,37,1,0,1,0,847,22.89189189189189,32,3,34,TRUE,FALSE,FALSE,TRUE,FALSE
2026,1966,LeBron James,2,63,63,0,0,0,0,2009,31.88888888888889,59,1,60,TRUE,TRUE,FALSE,TRUE,FALSE
2026,2326307,Seth Curry,1,17,10,7,1,0,3,132,13.2,1,2,3,FALSE,FALSE,FALSE,TRUE,FALSE
2026,2488653,Mason Plumlee,2,47,20,27,0,0,27,172,8.6,2,1,3,FALSE,FALSE,FALSE,TRUE,FALSE
2026,2489663,Kelly Olynyk,1,76,41,35,0,0,34,362,8.829268292682928,1,3,3,FALSE,FALSE,FALSE,TRUE,FALSE
2026,2490149,CJ McCollum,2,76,76,0,0,0,0,2261,29.75,75,1,76,FALSE,FALSE,FALSE,TRUE,TRUE
2026,2528210,Tim Hardaway Jr.,1,80,80,0,0,0,0,2132,26.65,71,6,73,FALSE,FALSE,FALSE,TRUE,FALSE
2026,2528426,Jordan Clarkson,1,83,73,10,0,0,10,1308,17.91780821917808,32,18,34,FALSE,FALSE,FALSE,TRUE,FALSE
2026,2528588,Doug McDermott,1,82,29,53,0,0,53,439,15.137931034482758,8,5,10,FALSE,FALSE,FALSE,TRUE,FALSE
2026,2530530,T.J. McConnell,1,64,56,8,0,0,0,962,17.178571428571427,12,33,14,FALSE,FALSE,FALSE,TRUE,FALSE
2026,2531367,Dwight Powell,1,81,62,19,0,0,18,906,14.612903225806452,20,14,22,FALSE,FALSE,FALSE,TRUE,FALSE
2026,2578185,Dorian Finney-Smith,1,50,37,13,0,0,11,619,16.72972972972973,11,16,13,FALSE,FALSE,FALSE,TRUE,FALSE
2026,2578239,Pat Connaughton,1,67,42,25,1,0,24,294,7,1,3,3,FALSE,FALSE,FALSE,TRUE,FALSE
2026,2580365,Larry Nance Jr.,1,61,35,26,0,0,26,450,12.857142857142858,5,8,7,FALSE,FALSE,FALSE,TRUE,FALSE
2026,2581018,Kentavious Caldwell-Pope,1,53,51,2,0,1,0,1084,21.254901960784313,35,12,37,FALSE,FALSE,FALSE,TRUE,FALSE
2026,2581184,Anthony Gill,1,82,54,28,2,0,24,953,17.64814814814815,27,5,29,FALSE,FALSE,FALSE,TRUE,FALSE
2026,2583632,Royce O'Neale,1,79,78,1,0,0,0,2213,28.371794871794872,73,5,75,FALSE,FALSE,FALSE,TRUE,TRUE
2026,2595516,Norman Powell,2,79,60,19,2,0,1,1733,28.883333333333333,56,1,57,FALSE,FALSE,FALSE,TRUE,TRUE
2026,2596112,Javonte Green,1,82,82,0,0,0,0,1445,17.621951219512194,28,27,30,FALSE,FALSE,FALSE,TRUE,FALSE
2026,2779,Chris Paul,1,21,16,5,0,0,5,228,14.25,3,4,5,FALSE,FALSE,FALSE,TRUE,FALSE
2026,2960236,Maxi Kleber,1,67,41,26,0,0,19,460,11.21951219512195,4,4,6,FALSE,FALSE,FALSE,TRUE,FALSE
2026,2968436,Joe Ingles,1,79,22,57,0,0,51,152,6.909090909090909,1,1,2,FALSE,FALSE,FALSE,TRUE,FALSE
2026,2990962,Taurean Prince,1,26,26,0,0,0,0,613,23.576923076923077,20,4,22,FALSE,FALSE,FALSE,TRUE,FALSE
2026,2990969,Georges Niang,1,7,0,7,0,0,2,0,0,0,0,0,FALSE,FALSE,FALSE,TRUE,FALSE
2026,2990984,Buddy Hield,2,80,51,29,0,0,29,820,16.07843137254902,17,16,19,FALSE,FALSE,FALSE,TRUE,FALSE
2026,2990992,Marcus Smart,1,66,62,4,1,0,0,1769,28.532258064516128,58,4,60,FALSE,FALSE,FALSE,TRUE,TRUE
2026,2991043,Caris LeVert,1,62,60,2,1,0,0,1154,19.233333333333334,32,22,34,FALSE,FALSE,FALSE,TRUE,FALSE
2026,2991070,Jerami Grant,1,78,57,21,16,0,0,1697,29.771929824561404,56,0,56,FALSE,FALSE,FALSE,TRUE,TRUE
2026,2991139,Kris Dunn,1,82,82,0,0,0,0,2232,27.21951219512195,80,1,81,FALSE,FALSE,FALSE,TRUE,FALSE
2026,2991235,Steven Adams,1,37,32,5,1,1,2,730,22.8125,21,9,23,FALSE,FALSE,FALSE,TRUE,FALSE
2026,2991350,Alex Caruso,1,63,56,7,1,0,1,1022,18.25,28,13,30,FALSE,FALSE,FALSE,TRUE,FALSE
2026,2993874,Kyle Anderson,3,71,43,28,1,0,25,855,19.88372093023256,19,18,21,FALSE,FALSE,FALSE,TRUE,FALSE
2026,2999547,Gary Harris,1,68,48,20,0,0,19,664,13.833333333333334,12,9,14,FALSE,FALSE,FALSE,TRUE,FALSE
2026,3012,Kyle Lowry,1,82,14,68,0,0,68,117,8.357142857142858,0,2,2,FALSE,FALSE,FALSE,TRUE,FALSE
2026,3032976,Rudy Gobert,1,79,76,3,0,0,1,2378,31.289473684210527,76,0,76,FALSE,TRUE,FALSE,TRUE,TRUE
2026,3032977,Giannis Antetokounmpo,2,38,36,2,2,0,0,1039,28.86111111111111,33,1,34,TRUE,TRUE,FALSE,TRUE,FALSE
2026,3032978,Dario Saric,1,50,5,45,0,0,45,40,8,0,1,1,FALSE,FALSE,FALSE,TRUE,FALSE
2026,3032979,Dennis Schroder,2,74,70,4,0,1,0,1694,24.2,55,14,57,FALSE,FALSE,FALSE,TRUE,FALSE
2026,3037789,Bogdan Bogdanovic,1,58,23,35,0,0,34,453,19.695652173913043,13,4,15,FALSE,FALSE,FALSE,TRUE,FALSE
2026,3059310,Monte Morris,1,7,6,1,0,0,1,64,10.666666666666666,1,1,2,FALSE,FALSE,FALSE,TRUE,FALSE
2026,3059318,Joel Embiid,1,39,38,1,1,0,0,1197,31.5,38,0,38,TRUE,FALSE,FALSE,TRUE,FALSE
2026,3059319,Andrew Wiggins,1,76,68,8,2,0,1,2064,30.352941176470587,68,0,68,FALSE,FALSE,FALSE,TRUE,TRUE
2026,3059409,Nigel Hayes-Davis,1,51,27,24,0,0,24,194,7.185185185185185,1,1,2,FALSE,FALSE,FALSE,TRUE,FALSE
2026,3062679,Josh Hart,1,67,67,0,0,0,0,2025,30.223880597014926,64,3,66,FALSE,FALSE,FALSE,TRUE,TRUE
2026,3064230,Cameron Payne,1,24,22,2,0,0,2,375,17.045454545454547,8,5,10,FALSE,FALSE,FALSE,TRUE,FALSE
2026,3064290,Aaron Gordon,1,40,36,4,0,0,0,1003,27.86111111111111,33,2,35,FALSE,FALSE,FALSE,TRUE,FALSE
2026,3064440,Zach LaVine,1,40,39,1,0,0,0,1226,31.435897435897434,36,3,38,FALSE,FALSE,FALSE,TRUE,FALSE
2026,3064482,Bobby Portis,1,71,67,4,0,0,0,1617,24.134328358208954,51,16,53,FALSE,FALSE,FALSE,TRUE,FALSE
2026,3064514,Julius Randle,1,79,79,0,0,0,0,2612,33.063291139240505,79,0,79,TRUE,FALSE,FALSE,TRUE,FALSE
2026,3064560,Luke Kornet,1,69,69,0,0,0,0,1451,21.028985507246375,42,18,44,FALSE,FALSE,FALSE,TRUE,FALSE
2026,3074213,Omer Yurtseven,1,12,9,3,0,0,2,104,11.555555555555555,2,1,3,FALSE,FALSE,FALSE,TRUE,FALSE
2026,3074752,Terry Rozier,1,1,0,1,0,0,1,0,0,0,0,0,FALSE,FALSE,FALSE,TRUE,FALSE
2026,3078576,Derrick White,1,79,77,2,0,1,0,2623,34.064935064935064,75,2,77,FALSE,TRUE,FALSE,TRUE,TRUE
2026,3102529,Clint Capela,1,82,75,7,1,0,6,925,12.333333333333334,7,14,9,FALSE,FALSE,FALSE,TRUE,FALSE
2026,3102530,Jusuf Nurkic,1,49,41,8,0,0,6,1084,26.4390243902439,33,8,35,FALSE,FALSE,FALSE,TRUE,FALSE
2026,3102531,Kristaps Porzingis,2,57,32,25,19,1,1,770,24.0625,28,3,30,FALSE,FALSE,FALSE,TRUE,FALSE
2026,3102533,Thanasis Antetokounmpo,1,77,33,44,0,0,43,147,4.454545454545454,1,0,1,FALSE,FALSE,FALSE,TRUE,FALSE
2026,3112335,Nikola Jokic,2,67,66,1,0,0,1,2270,34.39393939393939,63,2,65,TRUE,TRUE,FALSE,TRUE,FALSE
2026,3133602,Svi Mykhailiuk,1,82,50,32,0,0,32,1154,23.08,37,9,39,FALSE,FALSE,FALSE,TRUE,FALSE
2026,3133603,Kelly Oubre Jr.,1,50,50,0,0,0,0,1575,31.5,47,2,49,FALSE,FALSE,FALSE,TRUE,TRUE
2026,3133626,Kenrich Williams,1,64,56,8,0,0,8,854,15.25,16,11,18,FALSE,FALSE,FALSE,TRUE,FALSE
2026,3133628,Myles Turner,1,75,71,4,1,0,0,1910,26.901408450704224,66,5,68,FALSE,FALSE,FALSE,TRUE,FALSE
2026,3133635,Jevon Carter,2,81,53,28,0,0,28,868,16.37735849056604,19,17,21,FALSE,FALSE,FALSE,TRUE,FALSE
2026,3134903,Gary Payton II,1,81,73,8,1,0,3,1142,15.643835616438356,21,21,23,FALSE,FALSE,FALSE,TRUE,FALSE
2026,3134907,Kyle Kuzma,1,71,69,2,1,0,1,1810,26.231884057971016,61,8,63,FALSE,FALSE,FALSE,TRUE,FALSE
2026,3134908,Jakob Poeltl,1,48,46,2,2,0,0,1150,25,38,7,40,FALSE,FALSE,FALSE,TRUE,FALSE
2026,3134916,Jordan McLaughlin,1,73,44,29,0,0,29,283,6.431818181818182,0,4,2,FALSE,FALSE,FALSE,TRUE,FALSE
2026,3134932,John Konchar,2,70,56,14,3,0,2,1116,19.928571428571427,29,11,31,FALSE,FALSE,FALSE,TRUE,FALSE
2026,3135045,Grayson Allen,1,51,51,0,0,0,0,1469,28.80392156862745,48,1,49,FALSE,FALSE,FALSE,TRUE,TRUE
2026,3135046,Tyus Jones,3,77,67,10,0,0,10,981,14.64179104477612,15,20,17,FALSE,FALSE,FALSE,TRUE,FALSE
2026,3136193,Devin Booker,2,67,67,0,0,0,0,2176,32.47761194029851,62,0,62,TRUE,FALSE,FALSE,TRUE,FALSE
2026,3136195,Karl-Anthony Towns,2,80,78,2,1,0,0,2369,30.371794871794872,75,1,76,TRUE,TRUE,FALSE,TRUE,FALSE
2026,3136776,D'Angelo Russell,1,42,26,16,0,0,16,495,19.03846153846154,10,9,12,FALSE,FALSE,FALSE,TRUE,FALSE
2026,3136777,Jae'Sean Tate,1,67,45,22,0,0,18,404,8.977777777777778,1,5,3,FALSE,FALSE,FALSE,TRUE,FALSE
2026,3137259,Gabe Vincent,2,61,53,8,1,0,4,877,16.547169811320753,12,22,14,FALSE,FALSE,FALSE,TRUE,FALSE
2026,3138160,Caleb Martin,1,69,58,11,1,0,7,860,14.827586206896552,18,11,20,FALSE,FALSE,FALSE,TRUE,FALSE
2026,3138161,Cody Martin,1,4,4,0,0,0,0,55,13.75,1,0,1,FALSE,FALSE,FALSE,TRUE,FALSE
2026,3138196,Cameron Johnson,1,55,54,1,1,0,0,1648,30.51851851851852,51,2,53,FALSE,FALSE,FALSE,TRUE,TRUE
2026,3146557,Jock Landale,2,70,68,2,0,0,1,1509,22.191176470588236,41,24,43,FALSE,FALSE,FALSE,TRUE,FALSE
2026,3147657,Mikal Bridges,1,83,82,1,0,0,0,2728,33.26829268292683,82,0,82,FALSE,FALSE,FALSE,TRUE,TRUE
2026,3149673,Pascal Siakam,2,72,64,8,0,3,0,2076,32.4375,62,0,62,TRUE,FALSE,FALSE,TRUE,FALSE
2026,3150844,Moritz Wagner,1,43,36,7,0,0,6,427,11.86111111111111,0,10,2,FALSE,FALSE,FALSE,TRUE,FALSE
2026,3155526,Dillon Brooks,1,57,56,1,0,0,0,1702,30.392857142857142,55,0,55,FALSE,FALSE,FALSE,TRUE,TRUE
2026,3155535,Kevon Looney,1,77,21,56,0,0,56,307,14.619047619047619,4,7,6,FALSE,FALSE,FALSE,TRUE,FALSE
2026,3155942,Domantas Sabonis,1,22,19,3,2,0,0,565,29.736842105263158,18,1,19,TRUE,FALSE,FALSE,TRUE,FALSE
2026,3157465,Duncan Robinson,1,78,77,1,1,0,0,2113,27.441558441558442,75,1,76,FALSE,FALSE,FALSE,TRUE,FALSE
2026,3195,Mike Conley,1,70,54,16,0,1,15,994,18.40740740740741,21,18,23,FALSE,FALSE,FALSE,TRUE,FALSE
2026,3202,Kevin Durant,2,81,81,0,0,0,0,2869,35.41975308641975,78,0,78,TRUE,FALSE,FALSE,TRUE,FALSE
2026,3209,Jeff Green,1,82,30,52,0,0,52,176,5.866666666666666,1,1,2,FALSE,FALSE,FALSE,TRUE,FALSE
2026,3213,Al Horford,1,48,45,3,0,0,0,971,21.57777777777778,28,14,30,FALSE,FALSE,FALSE,TRUE,FALSE
2026,3416,Nicolas Batum,1,78,74,4,0,0,4,1292,17.45945945945946,33,19,35,FALSE,FALSE,FALSE,TRUE,FALSE
2026,3431,Eric Gordon,1,50,6,44,0,0,44,74,12.333333333333334,1,1,2,FALSE,FALSE,FALSE,TRUE,FALSE
2026,3442,DeAndre Jordan,1,81,12,69,0,0,69,198,16.5,2,4,4,FALSE,FALSE,FALSE,TRUE,FALSE
2026,3448,Brook Lopez,1,82,75,7,0,0,7,1635,21.8,44,16,46,FALSE,FALSE,FALSE,TRUE,FALSE
2026,3449,Kevin Love,1,70,37,33,2,5,26,610,16.486486486486488,9,16,11,FALSE,FALSE,FALSE,TRUE,FALSE
2026,3468,Russell Westbrook,1,64,64,0,0,0,0,1853,28.953125,59,5,61,FALSE,FALSE,FALSE,TRUE,TRUE
2026,3899664,Simone Fontecchio,1,81,70,11,0,0,9,1177,16.814285714285713,22,29,24,FALSE,FALSE,FALSE,TRUE,FALSE
2026,3906665,Brandon Clarke,1,17,2,15,0,0,1,21,10.5,0,1,1,FALSE,FALSE,FALSE,TRUE,FALSE
2026,3907497,Dejounte Murray,1,16,14,2,2,0,0,390,27.857142857142858,14,0,14,FALSE,FALSE,FALSE,TRUE,FALSE
2026,3907498,Matisse Thybulle,1,74,30,44,5,0,1,481,16.033333333333335,6,11,8,FALSE,FALSE,FALSE,TRUE,FALSE
2026,3907823,Terance Mann,1,71,63,8,0,0,7,1531,24.3015873015873,48,13,50,FALSE,FALSE,FALSE,TRUE,FALSE
2026,3908809,Donovan Mitchell,2,74,73,1,1,0,0,2358,32.3013698630137,70,0,70,TRUE,TRUE,FALSE,TRUE,FALSE
2026,3908845,John Collins,1,71,69,2,0,0,1,1869,27.08695652173913,65,3,67,FALSE,FALSE,FALSE,TRUE,FALSE
2026,3912848,Dean Wade,1,61,59,2,0,0,0,1321,22.389830508474578,44,13,46,FALSE,FALSE,FALSE,TRUE,FALSE
2026,3913174,Luke Kennard,2,82,78,4,3,0,1,1682,21.564102564102566,53,18,55,FALSE,FALSE,FALSE,TRUE,FALSE
2026,3913176,Brandon Ingram,2,82,79,3,0,0,1,2611,33.050632911392405,76,0,76,FALSE,FALSE,FALSE,TRUE,TRUE
2026,3913180,Garrison Mathews,1,15,14,1,0,0,0,196,14,4,3,6,FALSE,FALSE,FALSE,TRUE,FALSE
2026,3913220,DaQuan Jeffries,1,4,3,1,0,0,0,60,20,2,0,2,FALSE,FALSE,FALSE,TRUE,FALSE
2026,3914044,Landry Shamet,1,51,51,0,0,0,0,1173,23,35,10,37,FALSE,FALSE,FALSE,TRUE,FALSE
2026,3914285,Drew Eubanks,1,72,42,30,0,0,19,554,13.19047619047619,9,3,11,FALSE,FALSE,FALSE,TRUE,FALSE
2026,3917376,Jaylen Brown,2,79,74,5,2,0,0,2472,33.4054054054054,70,1,71,TRUE,FALSE,FALSE,TRUE,FALSE
2026,3922230,Aaron Holiday,1,81,57,24,0,0,23,779,13.666666666666666,14,10,16,FALSE,FALSE,FALSE,TRUE,FALSE
2026,3934620,Trevon Scott,1,6,6,0,0,0,0,183,30.5,5,0,5,FALSE,FALSE,FALSE,TRUE,FALSE
2026,3934672,Jalen Brunson,2,78,78,0,0,0,0,2664,34.15384615384615,74,0,74,TRUE,TRUE,FALSE,TRUE,FALSE
2026,3934673,Donte DiVincenzo,1,82,82,0,0,0,0,2498,30.463414634146343,80,1,81,FALSE,FALSE,FALSE,TRUE,TRUE
2026,3934719,OG Anunoby,1,69,68,1,0,0,0,2266,33.3235294117647,66,1,67,FALSE,FALSE,FALSE,TRUE,TRUE
2026,3934723,Thomas Bryant,1,78,60,18,0,0,18,734,12.233333333333333,6,17,8,FALSE,FALSE,FALSE,TRUE,FALSE
2026,3936099,Derrick Jones Jr.,1,50,50,0,0,0,0,1347,26.94,47,2,49,FALSE,FALSE,FALSE,TRUE,FALSE
2026,3936296,Skal Labissiere,1,6,3,3,0,0,2,38,12.666666666666666,1,0,1,FALSE,FALSE,FALSE,TRUE,FALSE
2026,3936299,Jamal Murray,2,79,77,2,0,0,0,2674,34.72727272727273,73,1,74,FALSE,FALSE,FALSE,TRUE,TRUE
2026,3945274,Luka Doncic,2,67,65,2,0,0,1,2298,35.353846153846156,63,1,64,TRUE,FALSE,FALSE,TRUE,FALSE
2026,3948153,Chris Boucher,1,49,9,40,1,0,35,94,10.444444444444445,0,2,2,FALSE,FALSE,FALSE,TRUE,FALSE
2026,3975,Stephen Curry,2,46,43,3,3,0,0,1331,30.953488372093023,43,0,43,TRUE,TRUE,FALSE,TRUE,FALSE
2026,3978,DeMar DeRozan,1,77,77,0,0,0,0,2411,31.31168831168831,70,6,72,TRUE,FALSE,FALSE,TRUE,FALSE
2026,3986,Taj Gibson,1,14,10,4,0,0,1,97,9.7,0,1,1,FALSE,FALSE,FALSE,TRUE,FALSE
2026,3992,James Harden,2,70,70,0,0,0,0,2443,34.9,70,0,70,TRUE,TRUE,FALSE,TRUE,FALSE
2026,3995,Jrue Holiday,1,71,53,18,0,0,0,1558,29.39622641509434,51,2,53,TRUE,FALSE,FALSE,TRUE,FALSE
2026,4017837,Ivica Zubac,2,48,48,0,0,0,0,1450,30.208333333333332,46,1,47,FALSE,TRUE,FALSE,TRUE,TRUE
2026,4017844,Guerschon Yabusele,2,77,67,10,0,0,7,1004,14.985074626865671,22,8,24,FALSE,FALSE,FALSE,TRUE,FALSE
2026,4023,Garrett Temple,1,82,22,60,0,0,59,73,3.3181818181818183,0,0,0,FALSE,FALSE,FALSE,TRUE,FALSE
2026,4065648,Jayson Tatum,1,16,16,0,0,0,0,522,32.625,16,0,16,TRUE,TRUE,FALSE,TRUE,FALSE
2026,4065654,Jonathan Isaac,1,60,50,10,0,0,8,520,10.4,0,12,2,FALSE,FALSE,FALSE,TRUE,FALSE
2026,4065663,Josh Okogie,1,82,78,4,0,0,4,1360,17.435897435897434,35,10,37,FALSE,FALSE,FALSE,TRUE,FALSE
2026,4065670,Bruce Brown,1,82,82,0,0,0,0,1996,24.341463414634145,68,12,70,FALSE,FALSE,FALSE,TRUE,FALSE
2026,4065673,Tony Bradley,2,51,40,11,0,0,10,453,11.325,4,10,6,FALSE,FALSE,FALSE,TRUE,FALSE
2026,4065731,Jay Huff,1,82,82,0,0,0,0,1723,21.01219512195122,51,18,53,FALSE,FALSE,FALSE,TRUE,FALSE
2026,4065732,De'Andre Hunter,2,51,45,6,0,0,0,1177,26.155555555555555,42,2,44,FALSE,FALSE,FALSE,TRUE,FALSE
2026,4065733,Ty Jerome,1,25,15,10,1,0,1,341,22.733333333333334,15,0,15,FALSE,FALSE,FALSE,TRUE,FALSE
2026,4065778,Max Strus,1,12,12,0,0,0,0,288,24,11,1,12,FALSE,FALSE,FALSE,TRUE,FALSE
2026,4065804,Sam Hauser,1,81,78,3,1,0,0,1933,24.78205128205128,66,9,68,FALSE,FALSE,FALSE,TRUE,FALSE
2026,4066211,Robert Williams III,1,80,59,21,16,0,0,1009,17.10169491525424,18,28,20,FALSE,FALSE,FALSE,TRUE,FALSE
2026,4066218,Grant Williams,1,50,36,14,1,0,0,713,19.805555555555557,16,15,18,FALSE,FALSE,FALSE,TRUE,FALSE
2026,4066259,De'Aaron Fox,2,76,76,0,0,0,0,2278,29.973684210526315,72,1,73,TRUE,FALSE,FALSE,TRUE,FALSE
2026,4066261,Bam Adebayo,1,76,73,3,0,0,0,2363,32.36986301369863,72,0,72,TRUE,TRUE,FALSE,TRUE,FALSE
2026,4066262,Malik Monk,1,71,62,9,0,0,6,1363,21.983870967741936,37,15,39,FALSE,FALSE,FALSE,TRUE,FALSE
2026,4066268,Duop Reath,1,48,32,16,0,0,13,256,8,1,2,3,FALSE,FALSE,FALSE,TRUE,FALSE
2026,4066317,Lindy Waters III,1,69,40,29,0,0,29,287,7.175,1,3,3,FALSE,FALSE,FALSE,TRUE,FALSE
2026,4066320,Desmond Bane,1,82,82,0,0,0,0,2757,33.6219512195122,80,2,82,FALSE,FALSE,FALSE,TRUE,TRUE
2026,4066328,Jarrett Allen,1,57,56,1,1,0,0,1523,27.196428571428573,53,3,55,FALSE,FALSE,FALSE,TRUE,FALSE
2026,4066336,Lauri Markkanen,1,44,42,2,0,2,0,1444,34.38095238095238,42,0,42,TRUE,FALSE,FALSE,TRUE,FALSE
2026,4066354,Payton Pritchard,1,80,79,1,0,0,0,2561,32.41772151898734,79,0,79,FALSE,FALSE,FALSE,TRUE,TRUE
2026,4066372,Kevin Huerter,2,77,69,8,0,0,6,1552,22.492753623188406,53,7,55,FALSE,FALSE,FALSE,TRUE,FALSE
2026,4066383,Miles Bridges,1,81,77,4,0,0,0,2386,30.98701298701299,75,1,76,FALSE,FALSE,FALSE,TRUE,TRUE
2026,4066387,Amir Coffey,2,72,46,26,0,0,26,491,10.673913043478262,8,4,10,FALSE,FALSE,FALSE,TRUE,FALSE
2026,4066399,Micah Potter,1,52,47,5,1,0,2,907,19.29787234042553,24,12,26,FALSE,FALSE,FALSE,TRUE,FALSE
2026,4066421,Lonzo Ball,1,47,35,12,4,0,8,728,20.8,23,5,25,FALSE,FALSE,FALSE,TRUE,FALSE
2026,4066436,De'Anthony Melton,1,54,49,5,3,0,0,1127,23,40,9,42,FALSE,FALSE,FALSE,TRUE,FALSE
2026,4066457,Austin Reaves,1,52,51,1,0,0,0,1763,34.568627450980394,50,1,51,FALSE,FALSE,FALSE,TRUE,TRUE
2026,4066636,Markelle Fultz,1,6,5,1,0,0,1,35,7,0,1,1,FALSE,FALSE,FALSE,TRUE,FALSE
2026,4066648,Rui Hachimura,1,70,68,2,0,0,1,1927,28.33823529411765,58,10,60,FALSE,FALSE,FALSE,TRUE,TRUE
2026,4066650,Zach Collins,1,16,10,6,0,0,0,184,18.4,3,6,5,FALSE,FALSE,FALSE,TRUE,FALSE
2026,4066757,Sam Merrill,1,53,52,1,0,0,1,1377,26.48076923076923,48,3,50,FALSE,FALSE,FALSE,TRUE,FALSE
2026,4066796,DeJon Jarreau,1,11,11,0,0,0,0,230,20.90909090909091,7,3,9,FALSE,FALSE,FALSE,TRUE,FALSE
2026,4066889,Jackson Rowe,1,2,0,2,0,0,2,0,0,0,0,0,FALSE,FALSE,FALSE,TRUE,FALSE
2026,4066993,Dru Smith,1,79,70,9,0,0,9,1146,16.37142857142857,23,28,25,FALSE,FALSE,FALSE,TRUE,FALSE
2026,4067017,A.J. Lawson,1,35,23,12,0,0,11,226,9.826086956521738,1,5,3,FALSE,FALSE,FALSE,TRUE,FALSE
2026,4067858,Kevon Harris,1,2,0,2,0,0,2,0,0,0,0,0,FALSE,FALSE,FALSE,TRUE,FALSE
2026,4222252,Isaiah Hartenstein,1,49,47,2,1,0,0,1142,24.29787234042553,41,5,43,FALSE,FALSE,FALSE,TRUE,FALSE
2026,4251,Paul George,1,44,37,7,0,0,0,1132,30.594594594594593,36,1,37,TRUE,FALSE,FALSE,TRUE,FALSE
2026,4277811,Collin Sexton,2,71,68,3,2,0,0,1613,23.720588235294116,44,20,46,FALSE,FALSE,FALSE,TRUE,FALSE
2026,4277813,Herbert Jones,1,58,56,2,0,0,1,1589,28.375,51,1,52,FALSE,FALSE,FALSE,TRUE,TRUE
2026,4277843,Gary Trent Jr.,1,74,65,9,0,0,9,1377,21.184615384615384,41,10,43,FALSE,FALSE,FALSE,TRUE,FALSE
2026,4277847,Wendell Carter Jr.,1,79,78,1,1,0,0,2290,29.358974358974358,75,3,77,FALSE,FALSE,FALSE,TRUE,TRUE
2026,4277848,Marvin Bagley III,2,68,60,8,1,0,2,1203,20.05,29,24,31,FALSE,FALSE,FALSE,TRUE,FALSE
2026,4277869,Jose Alvarado,2,74,69,5,0,0,3,1371,19.869565217391305,36,18,38,FALSE,FALSE,FALSE,TRUE,FALSE
2026,4277880,Malik Williams,1,3,0,3,0,0,3,0,0,0,0,0,FALSE,FALSE,FALSE,TRUE,FALSE
2026,4277905,Trae Young,2,26,15,11,1,0,0,382,25.466666666666665,12,2,14,TRUE,FALSE,FALSE,TRUE,FALSE
2026,4277919,Mo Bamba,2,13,4,9,0,0,8,44,11,1,1,2,FALSE,FALSE,FALSE,TRUE,FALSE
2026,4277922,Jericho Sims,1,81,66,15,0,0,14,1319,19.984848484848484,36,12,38,FALSE,FALSE,FALSE,TRUE,FALSE
2026,4277951,Luka Garza,1,80,69,11,0,0,11,1113,16.130434782608695,20,23,22,FALSE,FALSE,FALSE,TRUE,FALSE
2026,4277956,Jordan Poole,1,63,39,24,0,0,24,935,23.974358974358974,28,6,30,FALSE,FALSE,FALSE,TRUE,FALSE
2026,4277957,Isaiah Livers,1,43,36,7,0,0,7,349,9.694444444444445,3,4,5,FALSE,FALSE,FALSE,TRUE,FALSE
2026,4277961,Jaren Jackson Jr.,2,48,48,0,0,0,0,1456,30.333333333333332,48,0,48,TRUE,TRUE,FALSE,TRUE,FALSE
2026,4277964,Xavier Tillman,2,80,28,52,0,0,49,186,6.642857142857143,1,2,3,FALSE,FALSE,FALSE,TRUE,FALSE
2026,4278039,Nickeil Alexander-Walker,1,80,78,2,0,0,0,2603,33.37179487179487,78,0,78,FALSE,FALSE,FALSE,TRUE,TRUE
2026,4278046,Olivier Sarr,1,7,4,3,0,0,3,39,9.75,1,0,1,FALSE,FALSE,FALSE,TRUE,FALSE
2026,4278049,Daniel Gafford,1,57,55,2,0,0,0,1192,21.672727272727272,36,12,38,FALSE,FALSE,FALSE,TRUE,FALSE
2026,4278053,Davion Mitchell,1,81,70,11,0,0,0,2000,28.571428571428573,66,4,68,FALSE,FALSE,FALSE,TRUE,TRUE
2026,4278067,Nic Claxton,1,73,69,4,2,0,0,1920,27.82608695652174,68,1,69,FALSE,FALSE,FALSE,TRUE,FALSE
2026,4278073,Shai Gilgeous-Alexander,2,70,68,2,2,0,0,2262,33.26470588235294,68,0,68,TRUE,TRUE,FALSE,TRUE,FALSE
2026,4278076,Nick Richards,2,75,47,28,0,0,23,703,14.957446808510639,15,7,17,FALSE,FALSE,FALSE,TRUE,FALSE
2026,4278077,Jarred Vanderbilt,1,82,65,17,0,0,17,1128,17.353846153846153,24,21,26,FALSE,FALSE,FALSE,TRUE,FALSE
2026,4278078,P.J. Washington,1,64,56,8,1,0,1,1732,30.928571428571427,54,0,54,FALSE,FALSE,FALSE,TRUE,TRUE
2026,4278104,Michael Porter Jr.,1,54,52,2,0,2,0,1690,32.5,52,0,52,FALSE,FALSE,FALSE,TRUE,TRUE
2026,4278129,Deandre Ayton,1,74,72,2,0,0,0,1963,27.26388888888889,65,5,67,FALSE,FALSE,FALSE,TRUE,FALSE
2026,4278355,Obi Toppin,1,29,24,5,0,0,0,425,17.708333333333332,7,11,9,FALSE,FALSE,FALSE,TRUE,FALSE
2026,4278402,Jordan Goodwin,1,74,70,4,0,0,3,1576,22.514285714285716,53,10,55,FALSE,FALSE,FALSE,TRUE,FALSE
2026,4278516,Ethan Thompson,1,39,32,7,0,0,7,655,20.46875,18,2,20,FALSE,FALSE,FALSE,TRUE,FALSE
2026,4278562,Paul Reed,1,81,65,16,0,0,16,899,13.830769230769231,14,12,16,FALSE,FALSE,FALSE,TRUE,FALSE
2026,4278572,Jamal Cain,1,56,37,19,0,0,16,483,13.054054054054054,9,6,11,FALSE,FALSE,FALSE,TRUE,FALSE
2026,4278580,Sandro Mamukelashvili,1,80,80,0,0,0,0,1752,21.9,49,27,51,FALSE,FALSE,FALSE,TRUE,FALSE
2026,4278585,Collin Gillespie,1,81,80,1,0,0,0,2278,28.475,75,3,77,FALSE,FALSE,FALSE,TRUE,TRUE
2026,4278594,Naji Marshall,1,79,74,5,3,0,0,2183,29.5,74,0,74,FALSE,FALSE,FALSE,TRUE,TRUE
2026,4279118,Keaton Wallace,1,80,52,28,0,0,27,535,10.288461538461538,5,7,7,FALSE,FALSE,FALSE,TRUE,FALSE
2026,4279147,Lucas Williamson,1,7,7,0,0,0,0,224,32,6,0,6,FALSE,FALSE,FALSE,TRUE,FALSE
2026,4279318,Daeqwon Plowden,1,40,32,8,0,0,8,843,26.34375,26,2,28,FALSE,FALSE,FALSE,TRUE,FALSE
2026,4279532,Stanley Umude,1,5,2,3,0,0,3,6,3,0,0,0,FALSE,FALSE,FALSE,TRUE,FALSE
2026,4279888,Ja Morant,1,21,20,1,0,0,0,568,28.4,19,0,19,TRUE,FALSE,FALSE,TRUE,FALSE
2026,4280151,Corey Kispert,2,62,58,4,1,0,3,1082,18.655172413793103,26,18,28,FALSE,FALSE,FALSE,TRUE,FALSE
2026,4280245,Jamaree Bouyea,1,59,46,13,0,0,13,645,14.021739130434783,12,9,14,FALSE,FALSE,FALSE,TRUE,FALSE
2026,4291678,Haywood Highsmith,1,10,6,4,0,0,3,91,15.166666666666666,1,2,3,FALSE,FALSE,FALSE,TRUE,FALSE
2026,4348700,Goga Bitadze,1,79,64,15,1,0,14,970,15.15625,10,27,12,FALSE,FALSE,FALSE,TRUE,FALSE
2026,4351851,Anfernee Simons,2,64,55,9,4,0,1,1371,24.927272727272726,44,8,46,FALSE,FALSE,FALSE,TRUE,FALSE
2026,4351852,Mitchell Robinson,1,61,61,0,0,0,0,1194,19.57377049180328,23,35,25,FALSE,FALSE,FALSE,TRUE,FALSE
2026,4395620,Hunter Tyson,1,52,21,31,0,0,31,162,7.714285714285714,2,1,3,FALSE,FALSE,FALSE,TRUE,FALSE
2026,4395623,Trey Jemison III,1,32,12,20,0,0,19,82,6.833333333333333,0,2,2,FALSE,FALSE,FALSE,TRUE,FALSE
2026,4395625,RJ Barrett,1,58,57,1,0,0,0,1724,30.24561403508772,57,0,57,FALSE,FALSE,FALSE,TRUE,TRUE
2026,4395626,Tre Jones,1,73,65,8,0,0,1,1753,26.96923076923077,63,2,65,FALSE,FALSE,FALSE,TRUE,FALSE
2026,4395628,Zion Williamson,1,64,62,2,0,0,1,1840,29.677419354838708,60,1,61,FALSE,FALSE,FALSE,TRUE,TRUE
2026,4395630,Devin Vassell,1,69,68,1,0,0,0,2078,30.558823529411764,68,0,68,FALSE,FALSE,FALSE,TRUE,TRUE
2026,4395650,Leaky Black,1,15,15,0,0,0,0,432,28.8,12,1,13,FALSE,FALSE,FALSE,TRUE,FALSE
2026,4395651,Coby White,2,54,50,4,0,0,0,1249,24.98,40,8,42,FALSE,FALSE,FALSE,TRUE,FALSE
2026,4395676,Buddy Boeheim,1,10,4,6,0,0,6,16,4,0,0,0,FALSE,FALSE,FALSE,TRUE,FALSE
2026,4395702,Isaiah Joe,1,74,71,3,0,0,0,1506,21.211267605633804,44,12,46,FALSE,FALSE,FALSE,TRUE,FALSE
2026,4395712,Andrew Nembhard,1,65,57,8,3,0,0,1786,31.333333333333332,55,2,57,FALSE,FALSE,FALSE,TRUE,TRUE
2026,4395723,Keldon Johnson,1,83,83,0,0,0,0,1926,23.204819277108435,67,14,69,FALSE,FALSE,FALSE,TRUE,FALSE
2026,4395724,Immanuel Quickley,1,72,70,2,0,0,0,2237,31.957142857142856,68,2,70,FALSE,FALSE,FALSE,TRUE,TRUE
2026,4395725,Tyler Herro,1,52,33,19,6,0,1,1029,31.181818181818183,33,0,33,FALSE,FALSE,FALSE,TRUE,FALSE
2026,4396818,Jordan Miller,1,62,60,2,0,0,2,1322,22.033333333333335,42,7,44,FALSE,FALSE,FALSE,TRUE,FALSE
2026,4396907,Darius Garland,2,45,45,0,0,0,0,1342,29.822222222222223,43,2,45,FALSE,FALSE,FALSE,TRUE,TRUE
2026,4396909,Aaron Nesmith,1,56,45,11,3,1,0,1334,29.644444444444446,43,2,45,FALSE,FALSE,FALSE,TRUE,TRUE
2026,4396963,Blake Hinson,1,18,14,4,0,0,4,286,20.428571428571427,7,5,9,FALSE,FALSE,FALSE,TRUE,FALSE
2026,4396971,Naz Reid,1,78,77,1,0,0,0,2009,26.09090909090909,75,1,76,FALSE,FALSE,FALSE,TRUE,FALSE
2026,4397002,Ayo Dosunmu,2,72,69,3,0,0,0,1883,27.28985507246377,66,2,68,FALSE,FALSE,FALSE,TRUE,FALSE
2026,4397014,Quentin Grimes,1,76,75,1,0,0,0,2212,29.493333333333332,68,7,70,FALSE,FALSE,FALSE,TRUE,TRUE
2026,4397018,Ochai Agbaji,2,78,62,16,0,0,15,976,15.741935483870968,25,12,27,FALSE,FALSE,FALSE,TRUE,FALSE
2026,4397020,Luguentz Dort,1,74,69,5,0,0,0,1851,26.82608695652174,63,6,65,FALSE,TRUE,FALSE,TRUE,FALSE
2026,4397040,Brandon Williams,1,70,66,4,1,0,0,1464,22.181818181818183,46,11,48,FALSE,FALSE,FALSE,TRUE,FALSE
2026,4397071,Mac McClung,2,18,11,7,0,0,7,135,12.272727272727273,0,4,2,FALSE,FALSE,FALSE,TRUE,FALSE
2026,4397077,Jaxson Hayes,1,71,66,5,0,0,0,1209,18.318181818181817,23,23,25,FALSE,FALSE,FALSE,TRUE,FALSE
2026,4397114,Cormac Ryan,1,13,11,2,0,0,2,270,24.545454545454547,8,0,8,FALSE,FALSE,FALSE,TRUE,FALSE
2026,4397136,Saddiq Bey,1,73,72,1,0,0,1,2246,31.194444444444443,68,4,70,FALSE,FALSE,FALSE,TRUE,TRUE
2026,4397140,Kevin Porter Jr.,1,40,38,2,0,0,0,1261,33.18421052631579,37,0,37,FALSE,FALSE,FALSE,TRUE,FALSE
2026,4397179,Tyrese Martin,2,63,46,17,0,0,17,775,16.847826086956523,17,14,19,FALSE,FALSE,FALSE,TRUE,FALSE
2026,4397183,Aaron Wiggins,1,71,65,6,0,0,2,1417,21.8,42,11,44,FALSE,FALSE,FALSE,TRUE,FALSE
2026,4397189,Jalen Smith,1,56,53,3,0,0,0,1094,20.641509433962263,25,20,27,FALSE,FALSE,FALSE,TRUE,FALSE
2026,4397204,Colin Castleton,1,9,4,5,0,0,5,21,5.25,0,0,0,FALSE,FALSE,FALSE,TRUE,FALSE
2026,4397227,Vince Williams Jr.,2,48,40,8,1,0,2,821,20.525,26,10,28,FALSE,FALSE,FALSE,TRUE,FALSE
2026,4397233,Pete Nance,1,60,47,13,0,0,12,732,15.574468085106384,16,8,18,FALSE,FALSE,FALSE,TRUE,FALSE
2026,4397251,Ron Harper Jr.,1,46,28,18,0,0,17,316,11.285714285714286,5,2,7,FALSE,FALSE,FALSE,TRUE,FALSE
2026,4397424,Neemias Queta,1,79,76,3,0,1,0,1927,25.355263157894736,66,8,68,FALSE,FALSE,FALSE,TRUE,FALSE
2026,4397449,Elijah Harkless,1,45,26,19,0,0,14,545,20.96153846153846,16,1,17,FALSE,FALSE,FALSE,TRUE,FALSE
2026,4397450,Darius Brown II,1,5,1,4,0,0,4,3,3,0,0,0,FALSE,FALSE,FALSE,TRUE,FALSE
2026,4397475,AJ Green,1,78,78,0,0,0,0,2273,29.141025641025642,70,7,72,FALSE,FALSE,FALSE,TRUE,TRUE
2026,4397688,Trey Murphy III,1,67,66,1,0,0,0,2341,35.46969696969697,66,0,66,FALSE,FALSE,FALSE,TRUE,TRUE
2026,4397689,Drew Peterson,1,7,6,1,0,0,1,65,10.833333333333334,0,2,2,FALSE,FALSE,FALSE,TRUE,FALSE
2026,4397784,Malachi Smith,1,16,15,1,0,0,1,359,23.933333333333334,8,5,10,FALSE,FALSE,FALSE,TRUE,FALSE
2026,4397821,Nate Williams,1,16,14,2,0,0,2,241,17.214285714285715,4,2,6,FALSE,FALSE,FALSE,TRUE,FALSE
2026,4397882,Tolu Smith,1,42,15,27,0,0,27,137,9.133333333333333,1,4,3,FALSE,FALSE,FALSE,TRUE,FALSE
2026,4397885,Dalano Banton,2,10,6,4,0,0,3,62,10.333333333333334,1,0,1,FALSE,FALSE,FALSE,TRUE,FALSE
2026,4397886,Charles Bassey,4,25,13,12,0,0,12,153,11.76923076923077,2,4,4,FALSE,FALSE,FALSE,TRUE,FALSE
2026,4398207,Jalen Slawson,1,13,13,0,0,0,0,311,23.923076923076923,9,2,11,FALSE,FALSE,FALSE,TRUE,FALSE
2026,4398356,Gabe McGlothan,1,1,0,1,0,0,1,0,0,0,0,0,FALSE,FALSE,FALSE,TRUE,FALSE
2026,4398390,Jalen Pickett,1,80,50,30,0,0,30,806,16.12,18,7,20,FALSE,FALSE,FALSE,TRUE,FALSE
2026,4411057,Kevin McCullar Jr.,1,34,19,15,0,0,13,155,8.157894736842104,3,2,5,FALSE,FALSE,FALSE,TRUE,FALSE
2026,4431671,Jaden McDaniels,1,73,73,0,0,0,0,2317,31.73972602739726,70,2,72,FALSE,FALSE,FALSE,TRUE,TRUE
2026,4431675,Trendon Watford,1,62,53,9,0,0,9,864,16.30188679245283,19,14,21,FALSE,FALSE,FALSE,TRUE,FALSE
2026,4431678,Tyrese Maxey,2,73,73,0,0,0,0,2687,36.80821917808219,70,0,70,TRUE,FALSE,FALSE,TRUE,FALSE
2026,4431679,Precious Achiuwa,1,75,73,2,0,0,1,1749,23.958904109589042,51,13,53,FALSE,FALSE,FALSE,TRUE,FALSE
2026,4431680,Onyeka Okongwu,1,78,74,4,2,0,0,2300,31.08108108108108,74,0,74,FALSE,FALSE,FALSE,TRUE,TRUE
2026,4431684,Trayce Jackson-Davis,2,75,52,23,0,0,21,499,9.596153846153847,7,9,9,FALSE,FALSE,FALSE,TRUE,FALSE
2026,4431687,Patrick Williams,1,74,72,2,0,0,1,1476,20.5,43,16,45,FALSE,FALSE,FALSE,TRUE,FALSE
2026,4431690,Zeke Nnaji,1,80,52,28,0,0,27,627,12.057692307692308,12,6,14,FALSE,FALSE,FALSE,TRUE,FALSE
2026,4431695,Drew Timme,1,38,26,12,0,0,11,236,9.076923076923077,4,2,6,FALSE,FALSE,FALSE,TRUE,FALSE
2026,4431714,Jalen Wilson,1,81,54,27,0,0,27,861,15.944444444444445,19,15,21,FALSE,FALSE,FALSE,TRUE,FALSE
2026,4431734,Tristan Enaruna,1,22,9,13,0,0,13,86,9.555555555555555,1,0,1,FALSE,FALSE,FALSE,TRUE,FALSE
2026,4431736,Toumani Camara,1,82,82,0,0,0,0,2730,33.292682926829265,82,0,82,FALSE,TRUE,FALSE,TRUE,TRUE
2026,4431752,Kobe Brown,2,79,60,19,1,0,17,962,16.033333333333335,23,10,25,FALSE,FALSE,FALSE,TRUE,FALSE
2026,4431767,Christian Braun,1,47,44,3,1,0,0,1399,31.795454545454547,43,1,44,FALSE,FALSE,FALSE,TRUE,TRUE
2026,4431772,Myron Gardner,1,63,44,19,0,0,18,412,9.363636363636363,7,7,9,FALSE,FALSE,FALSE,TRUE,FALSE
2026,4431778,Christian Koloko,3,42,27,15,0,0,15,358,13.25925925925926,7,4,9,FALSE,FALSE,FALSE,TRUE,FALSE
2026,4431785,Scotty Pippen Jr.,1,21,10,11,1,0,1,212,21.2,9,1,10,FALSE,FALSE,FALSE,TRUE,FALSE
2026,4431786,Keshad Johnson,1,74,32,42,1,0,41,279,8.71875,4,3,6,FALSE,FALSE,FALSE,TRUE,FALSE
2026,4431823,Miles McBride,1,42,41,1,0,0,1,1080,26.341463414634145,32,5,34,FALSE,FALSE,FALSE,TRUE,FALSE
2026,4431893,Jamison Battle,1,76,60,16,0,0,14,519,8.65,3,6,5,FALSE,FALSE,FALSE,TRUE,FALSE
2026,4431914,Tyler Burton,1,12,12,0,0,0,0,306,25.5,10,1,11,FALSE,FALSE,FALSE,TRUE,FALSE
2026,4431941,RayJ Dennis,3,27,17,10,0,0,10,206,12.117647058823529,5,1,6,FALSE,FALSE,FALSE,TRUE,FALSE
2026,4432068,Josh Oduro,1,6,3,3,0,0,3,81,27,3,0,3,FALSE,FALSE,FALSE,TRUE,FALSE
2026,4432107,Marcus Sasser,1,56,38,18,0,0,18,458,12.052631578947368,8,5,10,FALSE,FALSE,FALSE,TRUE,FALSE
2026,4432117,Isaiah Stevens,1,6,3,3,0,0,3,43,14.333333333333334,1,1,2,FALSE,FALSE,FALSE,TRUE,FALSE
2026,4432158,Evan Mobley,1,66,65,1,0,0,0,2079,31.984615384615385,64,1,65,TRUE,TRUE,FALSE,TRUE,FALSE
2026,4432164,Jaden Springer,1,1,0,1,0,0,1,0,0,0,0,0,FALSE,FALSE,FALSE,TRUE,FALSE
2026,4432165,Jalen Suggs,1,57,57,0,0,0,0,1570,27.54385964912281,52,4,54,FALSE,FALSE,FALSE,TRUE,FALSE
2026,4432166,Cade Cunningham,2,68,67,1,1,0,0,2200,32.83582089552239,63,0,63,TRUE,TRUE,FALSE,TRUE,FALSE
2026,4432170,Isaiah Jackson,2,60,55,5,0,0,5,908,16.509090909090908,17,21,19,FALSE,FALSE,FALSE,TRUE,FALSE
2026,4432171,Moses Moody,1,70,60,10,0,0,0,1541,25.683333333333334,49,9,51,FALSE,FALSE,FALSE,TRUE,FALSE
2026,4432173,Sharife Cooper,1,50,41,9,0,0,9,701,17.097560975609756,18,7,20,FALSE,FALSE,FALSE,TRUE,FALSE
2026,4432174,Cam Thomas,2,47,42,5,1,0,2,883,21.023809523809526,27,10,29,FALSE,FALSE,FALSE,TRUE,FALSE
2026,4432179,MarJon Beauchamp,1,25,14,11,0,0,11,196,14,4,2,6,FALSE,FALSE,FALSE,TRUE,FALSE
2026,4432180,Hunter Dickinson,1,9,5,4,0,0,4,43,8.6,1,0,1,FALSE,FALSE,FALSE,TRUE,FALSE
2026,4432181,Julian Strawther,1,70,57,13,0,0,13,861,15.105263157894736,16,13,18,FALSE,FALSE,FALSE,TRUE,FALSE
2026,4432185,Micah Peavy,1,78,61,17,0,0,17,913,14.967213114754099,17,11,19,FALSE,FALSE,FALSE,TRUE,FALSE
2026,4432190,Andre Jackson Jr.,1,81,46,35,0,0,33,406,8.826086956521738,5,4,7,FALSE,FALSE,FALSE,TRUE,FALSE
2026,4432194,Day'Ron Sharpe,1,63,62,1,0,0,0,1159,18.693548387096776,21,28,23,FALSE,FALSE,FALSE,TRUE,FALSE
2026,4432241,Jamal Shead,1,82,82,0,0,0,0,1847,22.524390243902438,59,19,61,FALSE,FALSE,FALSE,TRUE,FALSE
2026,4432247,Jaylen Clark,1,80,68,12,0,0,11,889,13.073529411764707,8,19,10,FALSE,FALSE,FALSE,TRUE,FALSE
2026,4432446,Jabari Walker,1,75,64,11,0,0,11,758,11.84375,6,16,8,FALSE,FALSE,FALSE,TRUE,FALSE
2026,4432452,Alex Antetokounmpo,1,8,6,2,0,0,2,20,3.3333333333333335,0,0,0,FALSE,FALSE,FALSE,TRUE,FALSE
2026,4432573,Paolo Banchero,1,72,72,0,0,0,0,2499,34.708333333333336,71,0,71,TRUE,FALSE,FALSE,TRUE,FALSE
2026,4432582,Max Christie,1,77,77,0,0,0,0,2243,29.12987012987013,73,2,75,FALSE,FALSE,FALSE,TRUE,TRUE
2026,4432639,Jabari Smith Jr.,1,80,77,3,0,0,1,2706,35.142857142857146,77,0,77,FALSE,FALSE,FALSE,TRUE,TRUE
2026,4432645,Trevor Keels,1,14,7,7,0,0,6,14,2,0,0,0,FALSE,FALSE,FALSE,TRUE,FALSE
2026,4432646,Kennedy Chandler,1,11,11,0,0,0,0,354,32.18181818181818,11,0,11,FALSE,FALSE,FALSE,TRUE,FALSE
2026,4432735,Dariq Whitehead,1,6,6,0,0,0,0,183,30.5,6,0,6,FALSE,FALSE,FALSE,TRUE,FALSE
2026,4432808,James Wiseman,1,6,4,2,0,0,2,59,14.75,1,1,2,FALSE,FALSE,FALSE,TRUE,FALSE
2026,4432809,Cole Anthony,1,48,35,13,0,0,13,527,15.057142857142857,10,10,12,FALSE,FALSE,FALSE,TRUE,FALSE
2026,4432810,Isaiah Stewart,1,65,58,7,0,0,0,1314,22.655172413793103,48,6,50,FALSE,FALSE,FALSE,TRUE,FALSE
2026,4432811,Josh Green,1,60,58,2,0,0,0,908,15.655172413793103,15,17,17,FALSE,FALSE,FALSE,TRUE,FALSE
2026,4432813,Jeremiah Robinson-Earl,2,24,22,2,0,0,2,362,16.454545454545453,9,3,11,FALSE,FALSE,FALSE,TRUE,FALSE
2026,4432816,LaMelo Ball,1,72,72,0,0,0,0,2015,27.98611111111111,70,1,71,FALSE,FALSE,FALSE,TRUE,FALSE
2026,4432817,Johnny Juzang,1,50,20,30,0,0,29,87,4.35,0,0,0,FALSE,FALSE,FALSE,TRUE,FALSE
2026,4432819,Tre Mann,1,73,53,20,1,0,19,670,12.641509433962264,12,8,14,FALSE,FALSE,FALSE,TRUE,FALSE
2026,4432821,E.J. Liddell,1,39,26,13,0,0,13,349,13.423076923076923,8,0,8,FALSE,FALSE,FALSE,TRUE,FALSE
2026,4432822,Isaac Okoro,1,71,63,8,1,0,0,1697,26.936507936507937,55,8,57,FALSE,FALSE,FALSE,TRUE,FALSE
2026,4432823,Jaylin Williams,1,69,65,4,2,0,0,1279,19.676923076923078,27,21,29,FALSE,FALSE,FALSE,TRUE,FALSE
2026,4432827,Oscar Tshiebwe,1,46,27,19,0,0,19,447,16.555555555555557,10,7,12,FALSE,FALSE,FALSE,TRUE,FALSE
2026,4432847,Terrence Shannon Jr.,1,49,43,6,0,0,5,534,12.418604651162791,8,5,10,FALSE,FALSE,FALSE,TRUE,FALSE
2026,4432848,Jaime Jaquez Jr.,1,82,75,7,1,0,0,2123,28.30666666666667,70,4,72,FALSE,FALSE,FALSE,TRUE,TRUE
2026,4432872,Emanuel Miller,1,8,5,3,0,0,3,33,6.6,0,0,0,FALSE,FALSE,FALSE,TRUE,FALSE
2026,4432887,Tyson Etienne,1,37,24,13,0,0,13,380,15.833333333333334,9,4,11,FALSE,FALSE,FALSE,TRUE,FALSE
2026,4432907,Justin Champagnie,1,82,68,14,1,0,10,1377,20.25,39,18,41,FALSE,FALSE,FALSE,TRUE,FALSE
2026,4433076,Ben Sheppard,1,70,65,5,0,0,0,1391,21.4,39,17,41,FALSE,FALSE,FALSE,TRUE,FALSE
2026,4433083,Cam Spencer,1,81,72,9,1,0,1,1717,23.84722222222222,55,15,57,FALSE,FALSE,FALSE,TRUE,FALSE
2026,4433133,Jahmir Young,1,32,13,19,0,0,18,58,4.461538461538462,0,0,0,FALSE,FALSE,FALSE,TRUE,FALSE
2026,4433134,Scottie Barnes,2,83,83,0,0,0,0,2702,32.55421686746988,80,0,80,TRUE,FALSE,FALSE,TRUE,FALSE
2026,4433136,Walker Kessler,1,8,5,3,1,0,0,155,31,5,0,5,FALSE,FALSE,FALSE,TRUE,FALSE
2026,4433137,Ziaire Williams,1,68,56,12,0,0,7,1280,22.857142857142858,39,14,41,FALSE,FALSE,FALSE,TRUE,FALSE
2026,4433144,Caleb Love,1,50,49,1,0,0,1,1015,20.714285714285715,28,5,30,FALSE,FALSE,FALSE,TRUE,FALSE
2026,4433149,LJ Cryer,1,20,18,2,1,0,0,291,16.166666666666668,5,9,7,FALSE,FALSE,FALSE,TRUE,FALSE
2026,4433159,Dalen Terry,2,65,48,17,0,0,17,550,11.458333333333334,6,10,8,FALSE,FALSE,FALSE,TRUE,FALSE
2026,4433174,Dylan Cardwell,1,57,44,13,0,0,6,911,20.704545454545453,27,10,29,FALSE,FALSE,FALSE,TRUE,FALSE
2026,4433188,Devin Carter,1,72,38,34,0,0,30,701,18.44736842105263,20,3,22,FALSE,FALSE,FALSE,TRUE,FALSE
2026,4433192,Tari Eason,1,65,60,5,2,0,1,1554,25.9,52,6,54,FALSE,FALSE,FALSE,TRUE,FALSE
2026,4433218,Jaden Ivey,2,38,37,1,0,0,1,670,18.10810810810811,12,14,14,FALSE,FALSE,FALSE,TRUE,FALSE
2026,4433225,Tyler Kolek,1,80,61,19,0,0,17,749,12.278688524590164,10,13,12,FALSE,FALSE,FALSE,TRUE,FALSE
2026,4433246,Patrick Baldwin Jr.,3,17,9,8,0,0,7,103,11.444444444444445,2,1,3,FALSE,FALSE,FALSE,TRUE,FALSE
2026,4433247,Jonathan Kuminga,2,59,36,23,2,0,17,831,23.083333333333332,26,7,28,FALSE,FALSE,FALSE,TRUE,FALSE
2026,4433249,Moussa Diabate,1,77,73,4,0,0,0,1900,26.027397260273972,61,11,63,FALSE,FALSE,FALSE,TRUE,FALSE
2026,4433255,Chet Holmgren,2,73,72,1,0,0,0,2016,28,68,1,69,FALSE,FALSE,FALSE,TRUE,TRUE
2026,4433268,Trey Alexander,1,22,9,13,0,0,13,111,12.333333333333334,2,1,3,FALSE,FALSE,FALSE,TRUE,FALSE
2026,4433281,Hunter Sallis,1,12,7,5,0,0,5,25,3.5714285714285716,0,0,0,FALSE,FALSE,FALSE,TRUE,FALSE
2026,4433287,Brandon Miller,1,65,65,0,0,0,0,1969,30.29230769230769,63,1,64,FALSE,FALSE,FALSE,TRUE,TRUE
2026,4433378,Colby Jones,1,5,1,4,0,0,4,7,7,0,0,0,FALSE,FALSE,FALSE,TRUE,FALSE
2026,4433569,Johni Broome,1,30,11,19,0,0,19,55,5,0,1,1,FALSE,FALSE,FALSE,TRUE,FALSE
2026,4433607,DaRon Holmes II,1,52,25,27,0,0,27,209,8.36,4,3,6,FALSE,FALSE,FALSE,TRUE,FALSE
2026,4433618,Harrison Ingram,1,22,7,15,0,0,15,26,3.7142857142857144,0,0,0,FALSE,FALSE,FALSE,TRUE,FALSE
2026,4433621,Jalen Duren,2,77,73,4,0,0,0,1998,27.36986301369863,65,2,67,FALSE,FALSE,FALSE,TRUE,FALSE
2026,4433622,Chris Livingston,1,6,3,3,0,0,3,17,5.666666666666667,0,0,0,FALSE,FALSE,FALSE,TRUE,FALSE
2026,4433623,Caleb Houstan,1,40,18,22,0,0,22,75,4.166666666666667,0,1,1,FALSE,FALSE,FALSE,TRUE,FALSE
2026,4433627,Keyonte George,1,57,54,3,0,1,0,1786,33.074074074074076,52,1,53,FALSE,FALSE,FALSE,TRUE,TRUE
2026,4433629,Ryan Nembhard,1,67,60,7,0,0,7,1170,19.5,33,8,35,FALSE,FALSE,FALSE,TRUE,FALSE
2026,4437244,Jalen Green,1,34,32,2,0,0,1,829,25.90625,27,2,29,FALSE,FALSE,FALSE,TRUE,FALSE
2026,4565201,Malaki Branham,1,40,26,14,0,0,12,276,10.615384615384615,4,2,6,FALSE,FALSE,FALSE,TRUE,FALSE
2026,4566434,Franz Wagner,1,34,34,0,0,0,0,1019,29.970588235294116,31,2,33,FALSE,FALSE,FALSE,TRUE,FALSE
2026,4576060,Ryan Kalkbrenner,1,70,69,1,1,0,0,1480,21.44927536231884,38,24,40,FALSE,FALSE,FALSE,TRUE,FALSE
2026,4576085,JD Davison,1,54,28,26,0,0,26,219,7.821428571428571,3,2,5,FALSE,FALSE,FALSE,TRUE,FALSE
2026,4576086,Bryce McGowens,1,53,42,11,0,0,9,881,20.976190476190474,25,6,27,FALSE,FALSE,FALSE,TRUE,FALSE
2026,4576087,Peyton Watson,1,57,54,3,0,0,0,1596,29.555555555555557,48,4,50,FALSE,FALSE,FALSE,TRUE,TRUE
2026,4578893,Vit Krejci,2,82,65,17,0,0,4,1389,21.369230769230768,42,12,44,FALSE,FALSE,FALSE,TRUE,FALSE
2026,4585618,Keshon Gilbert,2,4,4,0,0,0,0,74,18.5,2,0,2,FALSE,FALSE,FALSE,TRUE,FALSE
2026,4590360,Chucky Hepburn,1,5,2,3,0,0,3,13,6.5,0,0,0,FALSE,FALSE,FALSE,TRUE,FALSE
2026,4591259,Koby Brea,1,20,12,8,0,0,8,85,7.083333333333333,1,0,1,FALSE,FALSE,FALSE,TRUE,FALSE
2026,4591725,Ryan Rollins,1,75,74,1,1,0,0,2375,32.0945945945946,74,0,74,FALSE,FALSE,FALSE,TRUE,TRUE
2026,4592187,Wendell Moore Jr.,1,14,6,8,0,0,8,60,10,0,2,2,FALSE,FALSE,FALSE,TRUE,FALSE
2026,4592216,Alondes Williams,1,4,4,0,0,0,0,100,25,3,0,3,FALSE,FALSE,FALSE,TRUE,FALSE
2026,4592401,N'Faly Dante,1,14,4,10,0,0,7,16,4,0,0,0,FALSE,FALSE,FALSE,TRUE,FALSE
2026,4592427,Spencer Jones,1,70,63,7,0,0,4,1418,22.50793650793651,40,9,42,FALSE,FALSE,FALSE,TRUE,FALSE
2026,4592435,Branden Carlson,1,49,42,7,0,0,7,491,11.69047619047619,8,7,10,FALSE,FALSE,FALSE,TRUE,FALSE
2026,4592461,Jacob Toppin,1,12,5,7,0,0,7,17,3.4,0,0,0,FALSE,FALSE,FALSE,TRUE,FALSE
2026,4592479,Julian Champagnie,1,83,83,0,0,0,0,2292,27.6144578313253,79,4,81,FALSE,FALSE,FALSE,TRUE,FALSE
2026,4592492,Bones Hyland,1,81,70,11,0,0,9,1179,16.84285714285714,23,18,25,FALSE,FALSE,FALSE,TRUE,FALSE
2026,4592686,Antonio Reeves,1,15,10,5,0,0,5,69,6.9,0,2,2,FALSE,FALSE,FALSE,TRUE,FALSE
2026,4592691,Jake LaRavia,1,82,82,0,0,0,0,2064,25.170731707317074,61,10,63,FALSE,FALSE,FALSE,TRUE,FALSE
2026,4592699,Enrique Freeman,1,12,4,8,0,0,8,37,9.25,1,0,1,FALSE,FALSE,FALSE,TRUE,FALSE
2026,4592714,Pat Spencer,1,80,66,14,0,0,14,1225,18.560606060606062,31,9,33,FALSE,FALSE,FALSE,TRUE,FALSE
2026,4592829,Quenton Jackson,1,56,49,7,0,0,7,898,18.3265306122449,21,17,23,FALSE,FALSE,FALSE,TRUE,FALSE
2026,4592857,Isaiah Crawford,1,40,14,26,0,0,26,94,6.714285714285714,0,3,2,FALSE,FALSE,FALSE,TRUE,FALSE
2026,4592933,Mouhamadou Gueye,1,2,2,0,0,0,0,46,23,1,1,2,FALSE,FALSE,FALSE,TRUE,FALSE
2026,4592965,Tristen Newton,1,5,1,4,0,0,4,12,12,0,0,0,FALSE,FALSE,FALSE,TRUE,FALSE
2026,4592979,Zyon Pullin,1,8,5,3,0,0,3,42,8.4,1,0,1,FALSE,FALSE,FALSE,TRUE,FALSE
2026,4593016,Quinten Post,1,76,67,9,0,0,2,1161,17.328358208955223,25,15,27,FALSE,FALSE,FALSE,TRUE,FALSE
2026,4593034,Alex Morales,1,10,4,6,0,0,6,24,6,0,0,0,FALSE,FALSE,FALSE,TRUE,FALSE
2026,4593041,David Roddy,1,11,5,6,0,0,6,73,14.6,2,0,2,FALSE,FALSE,FALSE,TRUE,FALSE
2026,4593043,John Tonje,1,16,5,11,0,0,10,42,8.4,1,0,1,FALSE,FALSE,FALSE,TRUE,FALSE
2026,4593049,Orlando Robinson,1,12,4,8,0,0,8,25,6.25,0,0,0,FALSE,FALSE,FALSE,TRUE,FALSE
2026,4593125,Santi Aldama,1,47,43,4,2,0,0,1197,27.837209302325583,43,0,43,FALSE,FALSE,FALSE,TRUE,FALSE
2026,4593803,Jalen Williams,1,33,33,0,0,0,0,937,28.393939393939394,32,0,32,TRUE,TRUE,FALSE,TRUE,FALSE
2026,4593841,Baylor Scheierman,1,82,77,5,0,0,5,1434,18.623376623376622,38,9,40,FALSE,FALSE,FALSE,TRUE,FALSE
2026,4594268,Anthony Edwards,2,64,64,0,0,0,0,2160,33.75,60,0,60,TRUE,TRUE,FALSE,TRUE,FALSE
2026,4594326,Kris Murray,1,79,57,22,8,0,1,1337,23.45614035087719,40,11,42,FALSE,FALSE,FALSE,TRUE,FALSE
2026,4594327,Keegan Murray,1,38,23,15,0,0,0,795,34.56521739130435,22,0,22,FALSE,FALSE,FALSE,TRUE,FALSE
2026,4595400,Olivier-Maxence Prosper,1,66,52,14,0,0,11,983,18.903846153846153,28,11,30,FALSE,FALSE,FALSE,TRUE,FALSE
2026,4596528,Lawson Lovering,1,2,2,0,0,0,0,50,25,1,1,2,FALSE,FALSE,FALSE,TRUE,FALSE
2026,4597259,Javonte Cooke,1,29,18,11,0,0,10,94,5.222222222222222,0,0,0,FALSE,FALSE,FALSE,TRUE,FALSE
2026,4597865,Tosan Evbuomwan,2,16,5,11,0,0,11,8,1.6,0,0,0,FALSE,FALSE,FALSE,TRUE,FALSE
2026,4600663,Zach Edey,1,13,11,2,1,0,0,284,25.818181818181817,10,0,10,FALSE,FALSE,FALSE,TRUE,FALSE
2026,4601023,Oso Ighodaro,1,82,82,0,0,0,0,1810,22.073170731707318,52,21,54,FALSE,FALSE,FALSE,TRUE,FALSE
2026,4601025,Pelle Larsson,1,77,70,7,1,0,0,1852,26.457142857142856,60,4,62,FALSE,FALSE,FALSE,TRUE,FALSE
2026,4602025,Sion James,1,82,82,0,0,0,0,1840,22.4390243902439,58,16,60,FALSE,FALSE,FALSE,TRUE,FALSE
2026,4606840,Jamir Watkins,1,58,48,10,0,0,5,1030,21.458333333333332,26,15,28,FALSE,FALSE,FALSE,TRUE,FALSE
2026,4610139,Jeremy Sochan,2,69,44,25,0,0,25,470,10.681818181818182,9,5,11,FALSE,FALSE,FALSE,TRUE,FALSE
2026,4683021,Deni Avdija,2,84,68,16,6,0,1,2217,32.60294117647059,64,1,65,FALSE,FALSE,FALSE,TRUE,TRUE
2026,4683024,Killian Hayes,1,24,23,1,0,0,0,405,17.608695652173914,8,6,10,FALSE,FALSE,FALSE,TRUE,FALSE
2026,4683634,Bennedict Mathurin,2,55,54,1,0,1,0,1618,29.962962962962962,53,0,53,FALSE,FALSE,FALSE,TRUE,TRUE
2026,4683678,Scoot Henderson,1,56,30,26,1,0,0,747,24.9,28,2,30,FALSE,FALSE,FALSE,TRUE,FALSE
2026,4683686,Nick Smith Jr.,1,37,30,7,0,0,7,375,12.5,7,5,9,FALSE,FALSE,FALSE,TRUE,FALSE
2026,4683688,Dereck Lively II,1,7,7,0,0,0,0,115,16.428571428571427,1,4,3,FALSE,FALSE,FALSE,TRUE,FALSE
2026,4683689,Jordan Walsh,1,81,68,13,1,0,12,1214,17.852941176470587,25,18,27,FALSE,FALSE,FALSE,TRUE,FALSE
2026,4683692,Cason Wallace,1,79,77,2,0,0,0,2048,26.5974025974026,69,7,71,FALSE,FALSE,FALSE,TRUE,FALSE
2026,4683736,Kobe Bufkin,2,40,16,24,0,0,23,119,7.4375,2,2,4,FALSE,FALSE,FALSE,TRUE,FALSE
2026,4683742,Julian Reese,1,13,13,0,0,0,0,402,30.923076923076923,11,1,12,FALSE,FALSE,FALSE,TRUE,FALSE
2026,4683747,Jaylon Tyson,1,66,66,0,0,0,0,1779,26.954545454545453,60,5,62,FALSE,FALSE,FALSE,TRUE,FALSE
2026,4683749,TyTy Washington Jr.,1,31,15,16,0,0,15,86,5.733333333333333,0,0,0,FALSE,FALSE,FALSE,TRUE,FALSE
2026,4683750,Jordan Hawkins,1,82,51,31,2,0,28,689,13.509803921568627,13,14,15,FALSE,FALSE,FALSE,TRUE,FALSE
2026,4683766,Isaiah Collier,1,74,59,15,4,0,3,1518,25.728813559322035,48,8,50,FALSE,FALSE,FALSE,TRUE,FALSE
2026,4683771,Ronald Holland II,1,78,78,0,0,0,0,1544,19.794871794871796,39,27,41,FALSE,FALSE,FALSE,TRUE,FALSE
2026,4683774,Bronny James,1,70,42,28,0,0,28,377,8.976190476190476,5,5,7,FALSE,FALSE,FALSE,TRUE,FALSE
2026,4683778,Jared McCain,2,73,67,6,0,0,5,1163,17.35820895522388,25,13,27,FALSE,FALSE,FALSE,TRUE,FALSE
2026,4683834,KJ Simpson,2,26,20,6,0,0,6,257,12.85,4,3,6,FALSE,FALSE,FALSE,TRUE,FALSE
2026,4683933,Tamar Bates,1,1,0,1,0,0,1,0,0,0,0,0,FALSE,FALSE,FALSE,TRUE,FALSE
2026,4683934,Jahmai Mashack,1,40,30,10,0,0,9,670,22.333333333333332,23,0,23,FALSE,FALSE,FALSE,TRUE,FALSE
2026,4683935,Blake Wesley,1,50,31,19,1,0,8,363,11.709677419354838,6,6,8,FALSE,FALSE,FALSE,TRUE,FALSE
2026,4684208,Brooks Barnhizer,1,47,40,7,0,0,7,349,8.725,4,2,6,FALSE,FALSE,FALSE,TRUE,FALSE
2026,4684272,Ja'Kobe Walter,1,74,72,2,0,0,2,1472,20.444444444444443,38,19,40,FALSE,FALSE,FALSE,TRUE,FALSE
2026,4684275,Rob Dillingham,2,81,65,16,0,0,16,969,14.907692307692308,23,9,25,FALSE,FALSE,FALSE,TRUE,FALSE
2026,4684740,Amen Thompson,1,81,79,2,0,1,1,2954,37.392405063291136,79,0,79,FALSE,TRUE,FALSE,TRUE,TRUE
2026,4684742,Ausar Thompson,1,73,73,0,0,0,0,1900,26.027397260273972,66,5,68,FALSE,FALSE,FALSE,TRUE,FALSE
2026,4684793,Kyle Filipowski,1,79,77,2,1,1,0,1802,23.4025974025974,54,15,56,FALSE,FALSE,FALSE,TRUE,FALSE
2026,4684806,Taylor Hendricks,2,72,59,13,2,0,9,1123,19.033898305084747,29,15,31,FALSE,FALSE,FALSE,TRUE,FALSE
2026,4687718,Josh Minott,2,69,49,20,0,0,16,832,16.979591836734695,20,11,22,FALSE,FALSE,FALSE,TRUE,FALSE
2026,4696317,Miles Kelly,1,25,14,11,0,0,11,135,9.642857142857142,2,1,3,FALSE,FALSE,FALSE,TRUE,FALSE
2026,4697268,Kam Jones,1,54,37,17,0,0,17,616,16.64864864864865,17,3,19,FALSE,FALSE,FALSE,TRUE,FALSE
2026,4697270,Payton Sandfort,1,11,4,7,0,0,7,63,15.75,2,0,2,FALSE,FALSE,FALSE,TRUE,FALSE
2026,4700818,Vladislav Goldin,1,29,9,20,0,0,20,23,2.5555555555555554,0,0,0,FALSE,FALSE,FALSE,TRUE,FALSE
2026,4700852,Chaz Lanier,1,63,33,30,0,0,29,264,8,1,4,3,FALSE,FALSE,FALSE,TRUE,FALSE
2026,4700873,Toby Okani,1,6,6,0,0,0,0,217,36.166666666666664,6,0,6,FALSE,FALSE,FALSE,TRUE,FALSE
2026,4701208,Moussa Cisse,1,50,37,13,0,0,12,530,14.324324324324325,10,6,12,FALSE,FALSE,FALSE,TRUE,FALSE
2026,4701225,PJ Hall,2,26,17,9,0,0,7,214,12.588235294117647,2,6,4,FALSE,FALSE,FALSE,TRUE,FALSE
2026,4701230,Jalen Johnson,2,78,75,3,0,0,0,2554,34.053333333333335,71,0,71,FALSE,FALSE,FALSE,TRUE,TRUE
2026,4701232,Mark Williams,1,62,60,2,0,0,0,1415,23.583333333333332,49,8,51,FALSE,FALSE,FALSE,TRUE,FALSE
2026,4701233,Craig Porter Jr.,1,72,64,8,1,0,6,1147,17.921875,28,22,30,FALSE,FALSE,FALSE,TRUE,FALSE
2026,4701845,Kadary Richmond,1,3,3,0,0,0,0,66,22,2,0,2,FALSE,FALSE,FALSE,TRUE,FALSE
2026,4701992,Max Shulga,1,28,9,19,0,0,17,37,4.111111111111111,0,1,1,FALSE,FALSE,FALSE,TRUE,FALSE
2026,4702134,Norchad Omier,1,15,6,9,0,0,9,23,3.8333333333333335,0,0,0,FALSE,FALSE,FALSE,TRUE,FALSE
2026,4702159,Dillon Jones,1,17,7,10,0,0,10,39,5.571428571428571,0,0,0,FALSE,FALSE,FALSE,TRUE,FALSE
2026,4702177,Keon Ellis,2,79,72,7,0,0,5,1476,20.5,43,13,45,FALSE,FALSE,FALSE,TRUE,FALSE
2026,4702352,Kobe Sanders,1,76,68,8,0,0,8,1353,19.897058823529413,38,13,40,FALSE,FALSE,FALSE,TRUE,FALSE
2026,4702382,Tristan da Silva,1,79,77,2,0,0,1,1901,24.68831168831169,61,13,63,FALSE,FALSE,FALSE,TRUE,FALSE
2026,4702384,Nique Clifford,1,78,75,3,0,0,0,1882,25.093333333333334,50,10,52,FALSE,FALSE,FALSE,TRUE,FALSE
2026,4702431,Andersson Garcia,1,5,5,0,0,0,0,169,33.8,5,0,5,FALSE,FALSE,FALSE,TRUE,FALSE
2026,4702602,CJ Huntley,1,11,4,7,0,0,7,40,10,1,0,1,FALSE,FALSE,FALSE,TRUE,FALSE
2026,4702656,Alijah Martin,1,31,23,8,0,0,8,145,6.304347826086956,1,1,2,FALSE,FALSE,FALSE,TRUE,FALSE
2026,4702670,Grant Nelson,1,5,4,1,0,0,1,35,8.75,1,0,1,FALSE,FALSE,FALSE,TRUE,FALSE
2026,4702745,Amari Williams,1,49,21,28,0,0,27,145,6.904761904761905,1,2,3,FALSE,FALSE,FALSE,TRUE,FALSE
2026,4702785,Jahmyl Telfort,1,13,8,5,0,0,5,34,4.25,0,0,0,FALSE,FALSE,FALSE,TRUE,FALSE
2026,4702972,Chris Manon,1,14,9,5,0,0,5,47,5.222222222222222,0,0,0,FALSE,FALSE,FALSE,TRUE,FALSE
2026,4703421,Taelon Peter,1,50,38,12,0,0,12,492,12.947368421052632,9,5,11,FALSE,FALSE,FALSE,TRUE,FALSE
2026,4703530,Mark Sears,1,18,6,12,0,0,11,26,4.333333333333333,0,0,0,FALSE,FALSE,FALSE,TRUE,FALSE
2026,4703889,Jayson Kent,1,10,5,5,0,0,5,23,4.6,0,0,0,FALSE,FALSE,FALSE,TRUE,FALSE
2026,4706557,Chris Youngblood,2,59,32,27,0,0,24,187,5.84375,1,0,1,FALSE,FALSE,FALSE,TRUE,FALSE
2026,4709131,Sean Pedulla,1,15,7,8,0,0,8,31,4.428571428571429,0,0,0,FALSE,FALSE,FALSE,TRUE,FALSE
2026,4709138,Brandin Podziemski,1,82,82,0,0,0,0,2334,28.463414634146343,78,3,80,FALSE,FALSE,FALSE,TRUE,TRUE
2026,4711272,Reed Sheppard,1,82,82,0,0,0,0,2150,26.21951219512195,68,14,70,FALSE,FALSE,FALSE,TRUE,FALSE
2026,4711294,Matas Buzelis,1,78,77,1,0,0,0,2248,29.194805194805195,71,5,73,FALSE,FALSE,FALSE,TRUE,TRUE
2026,4711297,Justin Edwards,1,81,63,18,0,0,17,975,15.476190476190476,22,10,24,FALSE,FALSE,FALSE,TRUE,FALSE
2026,4712849,Anthony Black,1,64,64,0,0,0,0,1913,29.890625,58,5,60,FALSE,FALSE,FALSE,TRUE,TRUE
2026,4712863,Mouhamed Gueye,1,81,77,4,0,0,4,1178,15.2987012987013,22,16,24,FALSE,FALSE,FALSE,TRUE,FALSE
2026,4712896,Noah Clowney,1,67,66,1,0,0,0,1782,27,61,4,63,FALSE,FALSE,FALSE,TRUE,FALSE
2026,4713010,David Jones Garcia,1,21,11,10,0,0,10,70,6.363636363636363,0,1,1,FALSE,FALSE,FALSE,TRUE,FALSE
2026,4781746,Javon Small,1,45,40,5,0,0,4,830,20.75,26,7,28,FALSE,FALSE,FALSE,TRUE,FALSE
2026,4845363,Cam Christie,1,82,54,28,0,0,26,479,8.87037037037037,5,6,7,FALSE,FALSE,FALSE,TRUE,FALSE
2026,4845367,Stephon Castle,1,69,69,0,0,0,0,2072,30.028985507246375,67,1,68,FALSE,FALSE,FALSE,TRUE,TRUE
2026,4845374,Bub Carrington,1,82,82,0,0,0,0,2272,27.70731707317073,74,7,76,FALSE,FALSE,FALSE,TRUE,FALSE
2026,4868423,Jaden Hardy,2,80,57,23,0,0,20,900,15.789473684210526,20,10,22,FALSE,FALSE,FALSE,TRUE,FALSE
2026,4869342,Dyson Daniels,1,79,76,3,0,0,0,2523,33.19736842105263,76,0,76,FALSE,TRUE,FALSE,TRUE,TRUE
2026,4869780,Derik Queen,1,81,81,0,0,0,0,2028,25.037037037037038,59,16,61,FALSE,FALSE,FALSE,TRUE,FALSE
2026,4870562,Dominick Barlow,1,72,71,1,1,0,0,1685,23.732394366197184,54,11,56,FALSE,FALSE,FALSE,TRUE,FALSE
2026,4871141,Ariel Hukporti,1,81,54,27,0,0,26,504,9.333333333333334,7,2,9,FALSE,FALSE,FALSE,TRUE,FALSE
2026,4871144,Alperen Sengun,2,75,74,1,0,0,0,2410,32.567567567567565,71,0,71,TRUE,FALSE,FALSE,TRUE,FALSE
2026,4871145,Josh Giddey,1,60,54,6,0,0,0,1733,32.092592592592595,53,1,54,FALSE,FALSE,FALSE,TRUE,TRUE
2026,4873138,Ace Bailey,1,73,72,1,0,0,0,1984,27.555555555555557,60,6,62,FALSE,FALSE,FALSE,TRUE,FALSE
2026,4873201,Asa Newell,1,67,43,24,0,0,23,502,11.674418604651162,8,6,10,FALSE,FALSE,FALSE,TRUE,FALSE
2026,4888725,Ryan Dunn,1,74,70,4,0,0,4,1356,19.37142857142857,36,21,38,FALSE,FALSE,FALSE,TRUE,FALSE
2026,4895758,Cody Williams,1,78,67,11,0,0,10,1629,24.313432835820894,45,5,47,FALSE,FALSE,FALSE,TRUE,FALSE
2026,4896365,Adama Bal,1,9,8,1,0,0,0,241,30.125,8,0,8,FALSE,FALSE,FALSE,TRUE,FALSE
2026,4896372,Walter Clayton Jr.,2,81,69,12,0,0,5,1411,20.44927536231884,39,16,41,FALSE,FALSE,FALSE,TRUE,FALSE
2026,4897262,Will Richard,1,82,69,13,0,0,5,1377,19.956521739130434,36,16,38,FALSE,FALSE,FALSE,TRUE,FALSE
2026,4897449,Malevy Leons,1,32,25,7,0,0,7,276,11.04,4,3,6,FALSE,FALSE,FALSE,TRUE,FALSE
2026,4897943,Dalton Knecht,1,81,54,27,0,0,27,552,10.222222222222221,5,9,7,FALSE,FALSE,FALSE,TRUE,FALSE
2026,4898237,Bez Mbeng,1,16,15,1,0,0,1,493,32.86666666666667,13,2,15,FALSE,FALSE,FALSE,TRUE,FALSE
2026,4898238,John Poulakidas,1,13,13,0,0,0,0,254,19.53846153846154,4,5,6,FALSE,FALSE,FALSE,TRUE,FALSE
2026,4898369,Curtis Jones,1,25,10,15,0,0,15,87,8.7,2,0,2,FALSE,FALSE,FALSE,TRUE,FALSE
2026,4898371,Maxime Raynaud,1,82,74,8,0,0,8,1968,26.594594594594593,61,6,63,FALSE,FALSE,FALSE,TRUE,FALSE
2026,4900671,Ajay Mitchell,1,61,57,4,0,0,0,1471,25.80701754385965,51,5,53,FALSE,FALSE,FALSE,TRUE,FALSE
2026,4903027,Cedric Coward,1,76,62,14,3,0,0,1602,25.838709677419356,59,1,60,FALSE,FALSE,FALSE,TRUE,FALSE
2026,4906923,Bobi Klintman,1,30,12,18,0,0,18,74,6.166666666666667,0,1,1,FALSE,FALSE,FALSE,TRUE,FALSE
2026,4914336,Shaedon Sharpe,1,75,50,25,5,0,0,1471,29.42,47,2,49,FALSE,FALSE,FALSE,TRUE,TRUE
2026,4997526,Ousmane Dieng,2,73,57,16,0,0,15,1104,19.36842105263158,30,6,32,FALSE,FALSE,FALSE,TRUE,FALSE
2026,4997528,Nikola Jovic,1,70,46,24,6,0,12,810,17.608695652173914,19,14,21,FALSE,FALSE,FALSE,TRUE,FALSE
2026,4997536,Gui Santos,1,81,68,13,0,0,9,1398,20.558823529411764,36,9,38,FALSE,FALSE,FALSE,TRUE,FALSE
2026,4997537,Tristan Vukcevic,1,66,49,17,0,0,9,670,13.673469387755102,15,12,17,FALSE,FALSE,FALSE,TRUE,FALSE
2026,4997538,Karlo Matkovic,1,66,62,4,0,0,4,910,14.67741935483871,14,17,16,FALSE,FALSE,FALSE,TRUE,FALSE
2026,4997539,Luke Travers,1,19,12,7,0,0,7,105,8.75,0,2,2,FALSE,FALSE,FALSE,TRUE,FALSE
2026,5023693,Tyrese Proctor,1,72,50,22,0,0,22,549,10.98,6,6,8,FALSE,FALSE,FALSE,TRUE,FALSE
2026,5037871,Dylan Harper,1,70,70,0,0,0,0,1587,22.67142857142857,56,11,58,FALSE,FALSE,FALSE,TRUE,FALSE
2026,5037873,Drake Powell,1,69,63,6,4,0,1,1319,20.936507936507937,43,11,45,FALSE,FALSE,FALSE,TRUE,FALSE
2026,5041939,Cooper Flagg,1,70,70,0,0,0,0,2349,33.55714285714286,68,1,69,FALSE,FALSE,FALSE,TRUE,TRUE
2026,5044385,Leonard Miller,2,82,46,36,0,0,36,721,15.673913043478262,20,2,22,FALSE,FALSE,FALSE,TRUE,FALSE
2026,5060631,Adou Thiero,1,41,25,16,0,0,12,151,6.04,2,0,2,FALSE,FALSE,FALSE,TRUE,FALSE
2026,5061568,Carter Bryant,1,83,71,12,0,0,12,817,11.507042253521126,11,9,13,FALSE,FALSE,FALSE,TRUE,FALSE
2026,5061575,Kon Knueppel,1,81,81,0,0,0,0,2549,31.469135802469136,79,2,81,FALSE,FALSE,FALSE,TRUE,TRUE
2026,5061589,Yves Missi,1,69,66,3,0,0,2,1295,19.62121212121212,34,17,36,FALSE,FALSE,FALSE,TRUE,FALSE
2026,5081727,Sidy Cissoko,1,76,75,1,0,0,1,1434,19.12,38,19,40,FALSE,FALSE,FALSE,TRUE,FALSE
2026,5093267,Collin Murray-Boyles,1,59,57,2,2,0,0,1245,21.842105263157894,35,14,37,FALSE,FALSE,FALSE,TRUE,FALSE
2026,5099752,Rayan Rupert,2,72,64,8,0,0,8,1072,16.75,20,13,22,FALSE,FALSE,FALSE,TRUE,FALSE
2026,5104155,Bilal Coulibaly,1,62,56,6,2,0,0,1469,26.232142857142858,50,5,52,FALSE,FALSE,FALSE,TRUE,FALSE
2026,5104157,Victor Wembanyama,2,67,67,0,0,0,0,1913,28.55223880597015,63,2,65,TRUE,FALSE,FALSE,TRUE,FALSE
2026,5105550,GG Jackson,1,74,54,20,1,0,14,1178,21.814814814814813,40,7,42,FALSE,FALSE,FALSE,TRUE,FALSE
2026,5105553,Julian Phillips,2,77,48,29,2,0,25,429,8.9375,6,3,8,FALSE,FALSE,FALSE,TRUE,FALSE
2026,5105565,Donovan Clingan,1,81,77,4,2,0,0,2093,27.181818181818183,73,3,75,FALSE,FALSE,FALSE,TRUE,FALSE
2026,5105592,Cam Whitmore,1,26,21,5,0,0,4,354,16.857142857142858,5,10,7,FALSE,FALSE,FALSE,TRUE,FALSE
2026,5105623,Kel'el Ware,1,79,77,2,0,0,0,1708,22.181818181818183,47,16,49,FALSE,FALSE,FALSE,TRUE,FALSE
2026,5105637,Adem Bona,1,76,71,5,0,0,5,1235,17.3943661971831,26,24,28,FALSE,FALSE,FALSE,TRUE,FALSE
2026,5105806,Jett Howard,1,75,55,20,3,0,17,699,12.709090909090909,9,15,11,FALSE,FALSE,FALSE,TRUE,FALSE
2026,5105839,Brice Sensabaugh,1,78,74,4,0,2,1,1763,23.824324324324323,53,11,55,FALSE,FALSE,FALSE,TRUE,FALSE
2026,5105977,Rasheer Fleming,1,80,55,25,0,0,25,677,12.309090909090909,13,8,15,FALSE,FALSE,FALSE,TRUE,FALSE
2026,5106060,Jarace Walker,1,80,76,4,2,0,1,1956,25.736842105263158,61,11,63,FALSE,FALSE,FALSE,TRUE,FALSE
2026,5106258,Gradey Dick,1,82,76,6,0,0,6,1067,14.039473684210526,16,23,18,FALSE,FALSE,FALSE,TRUE,FALSE
2026,5106268,Nae'Qwan Tomlin,1,77,64,13,0,0,13,1007,15.734375,20,17,22,FALSE,FALSE,FALSE,TRUE,FALSE
2026,5107156,Lachlan Olbrich,1,17,14,3,0,0,2,196,14,4,3,6,FALSE,FALSE,FALSE,TRUE,FALSE
2026,5107173,Danny Wolf,1,62,57,5,1,0,2,1192,20.912280701754387,33,14,35,FALSE,FALSE,FALSE,TRUE,FALSE
2026,5107199,Daniss Jenkins,1,81,72,9,0,0,9,1453,20.180555555555557,36,14,38,FALSE,FALSE,FALSE,TRUE,FALSE
2026,5107818,Isaac Jones,2,21,7,14,0,0,14,36,5.142857142857143,0,0,0,FALSE,FALSE,FALSE,TRUE,FALSE
2026,5107897,Jonathan Mogbo,1,65,38,27,0,0,25,251,6.605263157894737,1,4,3,FALSE,FALSE,FALSE,TRUE,FALSE
2026,5108024,Yanic Konan Niederhauser,1,55,40,15,0,0,14,425,10.625,7,3,9,FALSE,FALSE,FALSE,TRUE,FALSE
2026,5112087,Jaylen Wells,1,76,69,7,1,0,0,1821,26.391304347826086,67,2,69,FALSE,FALSE,FALSE,TRUE,FALSE
2026,5124612,VJ Edgecombe,1,75,75,0,0,0,0,2626,35.013333333333335,75,0,75,FALSE,FALSE,FALSE,TRUE,TRUE
2026,5144091,Jeremiah Fears,1,82,82,0,0,0,0,2110,25.73170731707317,68,12,70,FALSE,FALSE,FALSE,TRUE,FALSE
2026,5144126,Will Riley,1,80,74,6,0,0,6,1631,22.04054054054054,43,10,45,FALSE,FALSE,FALSE,TRUE,FALSE
2026,5157066,Johnny Furphy,1,35,35,0,0,0,0,640,18.285714285714285,16,7,18,FALSE,FALSE,FALSE,TRUE,FALSE
2026,5157587,Rocco Zikarsky,1,9,5,4,0,0,4,37,7.4,1,0,1,FALSE,FALSE,FALSE,TRUE,FALSE
2026,5159895,Yuki Kawamura,1,24,18,6,0,0,6,211,11.722222222222221,3,3,5,FALSE,FALSE,FALSE,TRUE,FALSE
2026,5159925,Nikola Topic,1,16,10,6,0,0,6,161,16.1,2,1,3,FALSE,FALSE,FALSE,TRUE,FALSE
2026,5160992,Alex Sarr,1,57,48,9,0,0,1,1306,27.208333333333332,45,2,47,FALSE,FALSE,FALSE,TRUE,FALSE
2026,5165257,Trentyn Flowers,1,5,2,3,0,0,2,5,2.5,0,0,0,FALSE,FALSE,FALSE,TRUE,FALSE
2026,5167876,Tyler Smith,2,14,12,2,0,0,1,167,13.916666666666666,2,4,4,FALSE,FALSE,FALSE,TRUE,FALSE
2026,5170947,AJ Johnson,2,73,47,26,0,0,25,455,9.680851063829786,7,5,9,FALSE,FALSE,FALSE,TRUE,FALSE
2026,5174563,Kyshawn George,1,54,48,6,0,0,0,1389,28.9375,42,6,44,FALSE,FALSE,FALSE,TRUE,TRUE
2026,5174655,Chaney Johnson,1,20,17,3,0,0,3,345,20.294117647058822,11,2,13,FALSE,FALSE,FALSE,TRUE,FALSE
2026,5175643,Egor Demin,1,54,52,2,0,0,0,1305,25.096153846153847,44,7,46,FALSE,FALSE,FALSE,TRUE,FALSE
2026,5175647,Hugo Gonzalez,1,82,73,9,0,0,7,1083,14.835616438356164,15,18,17,FALSE,FALSE,FALSE,TRUE,FALSE
2026,5176420,Hayden Gray,1,1,1,0,0,0,0,25,25,1,0,1,FALSE,FALSE,FALSE,TRUE,FALSE
2026,5177362,Riley Minix,2,28,9,19,0,0,19,59,6.555555555555555,1,0,1,FALSE,FALSE,FALSE,TRUE,FALSE
2026,5203685,Khaman Maluach,1,82,46,36,0,0,36,410,8.91304347826087,5,4,7,FALSE,FALSE,FALSE,TRUE,FALSE
2026,5211175,Zaccharie Risacher,1,77,67,10,1,0,1,1502,22.417910447761194,51,10,53,FALSE,FALSE,FALSE,TRUE,FALSE
2026,5211176,Tidjane Salaun,1,45,37,8,2,0,6,576,15.567567567567568,11,13,13,FALSE,FALSE,FALSE,TRUE,FALSE
2026,5211983,Pacome Dadiet,1,62,28,34,0,0,33,138,4.928571428571429,1,0,1,FALSE,FALSE,FALSE,TRUE,FALSE
2026,5214637,Noah Penda,1,80,58,22,0,0,21,761,13.120689655172415,13,7,15,FALSE,FALSE,FALSE,TRUE,FALSE
2026,5214640,Kasparas Jakucionis,1,67,53,14,0,0,14,949,17.90566037735849,21,14,23,FALSE,FALSE,FALSE,TRUE,FALSE
2026,5217746,Yang Hansen,1,66,43,23,1,0,22,301,7,0,3,2,FALSE,FALSE,FALSE,TRUE,FALSE
2026,5238230,Tre Johnson,1,70,60,10,1,0,1,1438,23.966666666666665,49,10,51,FALSE,FALSE,FALSE,TRUE,FALSE
2026,5239561,Jase Richardson,1,81,54,27,0,0,26,589,10.907407407407407,10,8,12,FALSE,FALSE,FALSE,TRUE,FALSE
2026,5239590,Liam McNeeley,1,34,31,3,0,0,3,366,11.806451612903226,3,7,5,FALSE,FALSE,FALSE,TRUE,FALSE
2026,5242496,Noa Essengue,1,13,2,11,0,0,11,6,3,0,0,0,FALSE,FALSE,FALSE,TRUE,FALSE
2026,5242502,Ben Saraf,1,48,44,4,0,0,3,916,20.818181818181817,23,15,25,FALSE,FALSE,FALSE,TRUE,FALSE
2026,5279130,Nolan Traore,1,62,56,6,1,0,5,1246,22.25,37,12,39,FALSE,FALSE,FALSE,TRUE,FALSE
2026,5279133,Joan Beringer,1,70,40,30,0,0,30,315,7.875,5,2,7,FALSE,FALSE,FALSE,TRUE,FALSE
2026,5289900,Mohamed Diawara,1,83,68,15,0,0,14,635,9.338235294117647,7,11,9,FALSE,FALSE,FALSE,TRUE,FALSE
2026,6427,Bismack Biyombo,1,83,25,58,0,0,58,144,5.76,0,0,0,FALSE,FALSE,FALSE,TRUE,FALSE
2026,6430,Jimmy Butler III,1,39,38,1,0,0,0,1185,31.18421052631579,36,1,37,TRUE,FALSE,FALSE,TRUE,FALSE
2026,6440,Tobias Harris,1,64,63,1,0,0,0,1749,27.761904761904763,58,3,60,FALSE,FALSE,FALSE,TRUE,FALSE
2026,6450,Kawhi Leonard,2,68,68,0,0,0,0,2121,31.191176470588236,65,0,65,TRUE,FALSE,FALSE,TRUE,FALSE
2026,6475,Klay Thompson,1,71,69,2,0,0,0,1494,21.652173913043477,47,18,49,FALSE,FALSE,FALSE,TRUE,FALSE
2026,6477,Jonas Valanciunas,1,70,65,5,0,0,5,871,13.4,7,13,9,FALSE,FALSE,FALSE,TRUE,FALSE
2026,6478,Nikola Vucevic,2,66,64,2,0,0,0,1819,28.421875,59,3,61,FALSE,FALSE,FALSE,TRUE,TRUE
2026,6578,Harrison Barnes,1,78,78,0,0,0,0,2012,25.794871794871796,67,11,69,FALSE,FALSE,FALSE,TRUE,FALSE
2026,6580,Bradley Beal,1,6,6,0,0,0,0,121,20.166666666666668,6,0,6,FALSE,FALSE,FALSE,TRUE,FALSE
2026,6583,Anthony Davis,1,20,20,0,0,0,0,625,31.25,18,0,18,TRUE,FALSE,FALSE,TRUE,FALSE
2026,6585,Andre Drummond,1,81,63,18,0,0,17,1235,19.603174603174605,30,15,32,FALSE,FALSE,FALSE,TRUE,FALSE
2026,6589,Draymond Green,1,72,68,4,3,0,0,1870,27.5,63,2,65,FALSE,TRUE,FALSE,TRUE,FALSE
2026,6606,Damian Lillard,1,39,0,39,38,0,0,0,0,0,0,0,TRUE,FALSE,FALSE,TRUE,FALSE
2026,6609,Khris Middleton,2,69,63,6,1,0,0,1438,22.825396825396826,46,12,48,FALSE,FALSE,FALSE,TRUE,FALSE
2026,NA,NA,1,33,0,33,0,0,11,0,0,0,0,0,FALSE,FALSE,FALSE,TRUE,FALSE
